"id";"name";"nation";"position";"Squad";"age";"born";"90s";"Ast";"xA";"A-xA";"KP";"Cmp";"Att";"CmpPER";"shortCmp";"shortAtt";"shortCmpPER";"mediumCmp";"mediumAtt";"mediumCmpPER";"longCmp";"longAtt";"longCmpPER";"Left";"Right";"FK";"TB";"CK";"TI";"1/3";"PPA";"CrsPA";"Matches"
1;Patrick van Aanholt\Patrick-van-Aanholt;nl NED;DF;Crystal Palace;28;1990;20.0;0;1.8;-1.8;23;900;1135;79.3;9;36;25.0;738;849;86.9;153;250;61.2;718;188;36;0;29;204;63;19;4;Matches
2;Max Aarons\Max-Aarons;eng ENG;DF;Norwich City;19;2000;26.0;1;3.4;-2.4;19;959;1220;78.6;23;70;32.9;838;961;87.2;98;189;51.9;164;788;19;1;0;227;35;10;3;Matches
3;Tammy Abraham\Tammy-Abraham;eng ENG;FW;Chelsea;21;1997;21.6;3;2.3;+0.7;17;250;357;70.0;23;48;47.9;193;263;73.4;34;46;73.9;27;262;0;0;0;0;16;5;0;Matches
4;Che Adams\Che-Adams;eng ENG;FW;Southampton;23;1996;7.9;2;0.9;+1.1;8;116;168;69.0;8;17;47.1;96;125;76.8;12;26;46.2;14;133;0;2;0;0;9;1;0;Matches
5;Adrián\Adrian;es ESP;GK;Liverpool;32;1987;8.7;0;0.0;0.0;0;211;295;71.5;2;4;50.0;99;100;99.0;110;191;57.6;30;201;24;0;0;0;3;0;0;Matches
6;Sergio Agüero\Sergio-Aguero;ar ARG;FW;Manchester City;31;1988;14.9;3;2.5;+0.5;16;257;331;77.6;15;33;45.5;226;278;81.3;16;20;80.0;37;272;1;5;0;1;11;19;0;Matches
7;Albian Ajeti\Albian-Ajeti;ch SUI;MFFW;West Ham;22;1997;1.4;0;0.1;-0.1;2;15;18;83.3;1;1;100.0;14;17;82.4;0;0;;2;12;0;0;0;0;0;0;0;Matches
8;Nathan Aké\Nathan-Ake;nl NED;DF;Bournemouth;24;1995;21.4;1;0.6;+0.4;4;845;948;89.1;6;15;40.0;594;639;93.0;245;294;83.3;672;165;26;1;0;20;51;8;0;Matches
9;Marc Albrighton\Marc-Albrighton;eng ENG;MF;Leicester City;29;1989;4.3;1;0.9;+0.1;8;173;254;68.1;3;17;17.6;133;164;81.1;37;73;50.7;29;206;0;0;2;7;17;8;2;Matches
10;Toby Alderweireld\Toby-Alderweireld;be BEL;DF;Tottenham;30;1989;25.9;2;0.9;+1.1;11;1322;1584;83.5;8;20;40.0;822;878;93.6;492;686;71.7;286;1175;62;6;0;9;119;15;0;Matches
11;Trent Alexander-Arnold\Trent-Alexander-Arnold;eng ENG;DF;Liverpool;20;1998;27.3;12;8.5;+3.5;71;1732;2442;70.9;27;101;26.7;1204;1413;85.2;501;928;54.0;216;1837;68;3;127;309;147;56;12;Matches
12;Alisson\Alisson;br BRA;GK;Liverpool;26;1992;19.3;1;0.4;+0.6;1;554;651;85.1;2;2;100.0;280;282;99.3;272;367;74.1;35;493;39;1;0;0;6;1;0;Matches
13;Dele Alli\Dele-Alli;eng ENG;MFFW;Tottenham;23;1996;18.6;4;2.2;+1.8;21;560;717;78.1;12;47;25.5;447;521;85.8;101;149;67.8;32;626;8;6;4;17;37;20;0;Matches
14;Miguel Almirón\Miguel-Almiron;py PAR;FWMF;Newcastle Utd;25;1994;25.4;1;0.7;+0.3;15;467;628;74.4;13;41;31.7;392;471;83.2;62;116;53.4;540;49;2;1;1;7;26;15;1;Matches
15;Marcos Alonso\Marcos-Alonso;es ESP;DF;Chelsea;28;1990;8.5;2;1.3;+0.7;15;507;623;81.4;8;25;32.0;421;477;88.3;78;121;64.5;433;48;3;0;1;98;25;12;6;Matches
16;Steven Alzate\Steven-Alzate;co COL;MFDF;Brighton;20;1998;13.1;0;0.7;-0.7;13;564;664;84.9;11;28;39.3;492;553;89.0;61;83;73.5;30;540;5;1;0;50;33;12;0;Matches
17;Ibrahim Amadou\Ibrahim-Amadou;fr FRA;DFMF;Norwich City;26;1993;8.4;0;0.1;-0.1;1;310;361;85.9;2;6;33.3;219;244;89.8;89;111;80.2;23;314;4;0;0;2;14;0;0;Matches
18;Felipe Anderson\Felipe-Anderson;br BRA;MFFW;West Ham;26;1993;15.7;4;2.9;+1.1;25;691;889;77.7;20;58;34.5;569;686;82.9;102;145;70.3;117;714;9;3;5;12;44;31;6;Matches
19;Florin Andone\Florin-Andone;ro ROU;MFFW;Brighton;26;1993;0.8;0;0.0;0.0;1;8;12;66.7;0;1;0.0;8;11;72.7;0;0;;2;6;0;0;1;0;0;0;0;Matches
20;Angeliño\Angelino;es ESP;DF;Manchester City;22;1997;4.7;0;1.2;-1.2;9;335;426;78.6;4;14;28.6;266;304;87.5;65;108;60.2;342;15;3;0;0;46;33;14;7;Matches
21;Michail Antonio\Michail-Antonio;eng ENG;FWMF;West Ham;29;1990;10.4;2;1.8;+0.2;12;168;263;63.9;2;20;10.0;139;187;74.3;27;56;48.2;23;186;1;4;0;5;12;6;4;Matches
22;Stuart Armstrong\Stuart-Armstrong;sco SCO;MF;Southampton;27;1992;12.7;0;0.9;-0.9;10;301;402;74.9;12;34;35.3;250;310;80.6;39;58;67.2;84;279;0;0;0;14;19;9;0;Matches
23;Kepa Arrizabalaga\Kepa-Arrizabalaga;es ESP;GK;Chelsea;24;1994;24.0;0;0.0;0.0;0;620;781;79.4;0;0;;341;345;98.8;279;436;64.0;115;559;43;0;0;0;1;0;0;Matches
24;Christian Atsu\Christian-Atsu;gh GHA;FWMF;Newcastle Utd;27;1992;8.1;3;1.0;+2.0;13;160;204;78.4;6;14;42.9;131;149;87.9;23;41;56.1;165;25;2;1;6;1;2;11;4;Matches
25;Pierre-Emerick Aubameyang\Pierre-Emerick-Aubameyang;ga GAB;FW;Arsenal;30;1989;24.6;1;1.8;-0.8;16;438;632;69.3;8;44;18.2;381;495;77.0;49;93;52.7;72;534;0;0;1;2;19;31;7;Matches
26;Serge Aurier\Serge-Aurier;ci CIV;DF;Tottenham;26;1992;21.1;4;2.3;+1.7;23;902;1173;76.9;12;53;22.6;772;899;85.9;118;221;53.4;138;759;6;1;0;192;44;18;6;Matches
27;Jordan Ayew\Jordan-Ayew;gh GHA;FWMF;Crystal Palace;27;1991;25.6;1;1.6;-0.6;19;481;603;79.8;25;50;50.0;395;462;85.5;61;91;67.0;32;484;1;2;0;8;31;17;0;Matches
28;César Azpilicueta\Cesar-Azpilicueta;es ESP;DF;Chelsea;29;1989;25.9;3;4.6;-1.6;30;1556;1967;79.1;28;87;32.2;1300;1502;86.6;228;378;60.3;202;1348;16;1;0;294;95;23;8;Matches
29;Eric Bailly\Eric-Bailly;ci CIV;DF;Manchester Utd;25;1994;1.0;0;0.0;0.0;0;28;33;84.8;0;1;0.0;21;24;87.5;7;8;87.5;6;20;0;0;0;0;1;0;0;Matches
30;Leighton Baines\Leighton-Baines;eng ENG;DF;Everton;34;1984;3.7;0;0.7;-0.7;4;137;175;78.3;0;6;0.0;111;120;92.5;26;49;53.1;119;15;5;0;10;30;6;6;5;Matches
31;Fabián Balbuena\Fabian-Balbuena;py PAR;DF;West Ham;27;1991;12.0;0;0.0;0.0;0;337;451;74.7;2;7;28.6;203;240;84.6;132;204;64.7;64;334;11;1;0;5;23;2;0;Matches
32;George Baldock\George-Baldock;eng ENG;DF;Sheffield Utd;26;1993;27.0;3;1.8;+1.2;17;820;1104;74.3;28;84;33.3;702;799;87.9;90;221;40.7;36;784;4;0;1;217;44;12;7;Matches
33;Phil Bardsley\Phil-Bardsley;sco SCO;DF;Burnley;34;1985;13.0;1;0.3;+0.7;2;338;512;66.0;7;26;26.9;262;325;80.6;69;161;42.9;33;297;10;1;0;140;41;7;2;Matches
34;Ross Barkley\Ross-Barkley;eng ENG;MF;Chelsea;25;1993;6.5;1;1.1;-0.1;13;286;336;85.1;5;12;41.7;216;249;86.7;65;75;86.7;49;275;0;0;1;0;25;12;1;Matches
35;Ashley Barnes\Ashley-Barnes;at AUT;FW;Burnley;29;1989;15.1;0;0.5;-0.5;4;155;253;61.3;7;22;31.8;134;187;71.7;14;44;31.8;46;142;0;1;0;1;5;8;0;Matches
36;Harvey Barnes\Harvey-Barnes;eng ENG;MF;Leicester City;21;1997;18.1;6;2.3;+3.7;26;418;549;76.1;12;39;30.8;368;446;82.5;38;64;59.4;79;432;1;2;0;1;24;35;2;Matches
37;Chris Basham\Chris-Basham;eng ENG;DF;Sheffield Utd;31;1988;26.1;0;0.7;-0.7;8;763;1050;72.7;22;50;44.0;573;706;81.2;168;294;57.1;77;709;15;0;0;117;47;5;3;Matches
38;Borja Bastón\Borja-Baston;es ESP;MFFW;Aston Villa;26;1992;0.2;0;0.0;0.0;0;4;5;80.0;0;0;;2;3;66.7;2;2;100.0;0;4;0;0;0;0;1;0;0;Matches
39;Michy Batshuayi\Michy-Batshuayi;be BEL;FW;Chelsea;25;1993;2.5;1;0.2;+0.8;3;61;76;80.3;5;9;55.6;51;61;83.6;5;6;83.3;23;48;0;0;0;0;1;0;0;Matches
40;Jan Bednarek\Jan-Bednarek;pl POL;DF;Southampton;23;1996;26.0;0;0.1;-0.1;2;821;1033;79.5;7;22;31.8;605;699;86.6;209;312;67.0;156;694;15;0;0;34;47;2;0;Matches
41;Héctor Bellerín\Hector-Bellerin;es ESP;DF;Arsenal;24;1995;6.9;0;0.1;-0.1;1;341;417;81.8;6;20;30.0;298;339;87.9;37;58;63.8;30;305;11;1;0;65;25;3;1;Matches
42;Ryan Bennett\Ryan-Bennett;eng ENG;DF;Wolves;29;1990;6.7;0;0.1;-0.1;2;185;239;77.4;3;4;75.0;115;136;84.6;67;99;67.7;14;180;3;0;0;12;23;1;0;Matches
43;Nabil Bentaleb\Nabil-Bentaleb;dz ALG;MF;Newcastle Utd;24;1994;3.0;0;0.1;-0.1;5;118;136;86.8;5;8;62.5;83;93;89.2;30;35;85.7;110;15;6;0;0;0;10;2;1;Matches
44;Christian Benteke\Christian-Benteke;be BEL;FW;Crystal Palace;28;1990;9.2;1;1.8;-0.8;13;127;223;57.0;7;17;41.2;105;177;59.3;15;29;51.7;15;117;0;2;0;0;8;9;2;Matches
45;Jóhann Berg Guðmundsson\Johann-Berg-Gudmundsson;is ISL;MF;Burnley;28;1990;4.5;0;0.5;-0.5;6;73;119;61.3;1;5;20.0;52;74;70.3;20;40;50.0;92;19;0;0;6;0;2;4;3;Matches
46;Sander Berge\Sander-Berge;no NOR;MF;Sheffield Utd;21;1998;2.3;0;0.0;0.0;0;56;80;70.0;0;4;0.0;45;60;75.0;11;16;68.8;9;57;1;0;0;1;3;1;0;Matches
47;Steven Bergwijn\Steven-Bergwijn;nl NED;FW;Tottenham;21;1997;3.6;0;0.5;-0.5;6;79;92;85.9;2;4;50.0;71;79;89.9;6;9;66.7;2;77;1;0;1;0;3;3;0;Matches
48;Bernard\Bernard;br BRA;MFFW;Everton;26;1992;10.9;2;1.5;+0.5;18;320;440;72.7;7;30;23.3;274;337;81.3;39;73;53.4;118;312;2;4;6;1;28;21;2;Matches
49;Bernardo\Bernardo;br BRA;DF;Brighton;24;1995;6.0;0;0.2;-0.2;2;238;312;76.3;3;14;21.4;202;241;83.8;33;57;57.9;211;24;1;0;0;47;20;7;3;Matches
50;Ryan Bertrand\Ryan-Bertrand;eng ENG;DF;Southampton;29;1989;21.5;1;2.9;-1.9;27;826;1121;73.7;13;62;21.0;679;809;83.9;134;250;53.6;720;67;31;0;21;239;77;25;10;Matches
51;Muhamed Bešić\Muhamed-Besic;ba BIH;MF;Sheffield Utd;26;1992;2.7;0;0.1;-0.1;1;86;106;81.1;1;5;20.0;66;76;86.8;19;25;76.0;14;80;2;0;0;0;6;2;0;Matches
52;Philip Billing\Philip-Billing;dk DEN;MF;Bournemouth;23;1996;23.1;1;1.0;0.0;12;762;998;76.4;18;40;45.0;556;699;79.5;188;259;72.6;714;114;20;1;0;31;67;9;1;Matches
53;Yves Bissouma\Yves-Bissouma;ml MLI;MF;Brighton;22;1996;6.4;0;0.1;-0.1;2;252;303;83.2;4;7;57.1;184;213;86.4;64;83;77.1;23;261;6;0;0;2;25;3;0;Matches
54;Willy Boly\Willy-Boly;fr FRA;DF;Wolves;28;1991;12.0;1;0.3;+0.7;3;362;458;79.0;6;14;42.9;267;299;89.3;89;145;61.4;55;351;10;4;0;3;21;2;0;Matches
55;Gaëtan Bong\Gaetan-Bong;cm CMR;MFDF;Brighton;31;1988;0.6;0;0.1;-0.1;2;24;35;68.6;0;1;0.0;16;22;72.7;8;12;66.7;32;1;1;0;0;2;3;1;1;Matches
56;Sofiane Boufal\Sofiane-Boufal;ma MAR;MFFW;Southampton;25;1993;7.5;2;2.6;-0.6;14;228;298;76.5;5;14;35.7;193;234;82.5;30;50;60.0;56;218;1;1;1;6;15;12;2;Matches
57;Jarrod Bowen\Jarrod-Bowen;eng ENG;FW;West Ham;22;1996;1.0;0;0.2;-0.2;1;14;19;73.7;0;2;0.0;13;15;86.7;1;2;50.0;16;2;0;0;0;0;1;2;0;Matches
58;Robbie Brady\Robbie-Brady;ie IRL;MF;Burnley;27;1992;4.4;2;0.2;+1.8;6;73;122;59.8;2;6;33.3;58;80;72.5;13;36;36.1;83;18;3;0;3;1;4;4;1;Matches
59;Claudio Bravo\Claudio-Bravo;cl CHI;GK;Manchester City;36;1983;3.8;0;0.0;0.0;0;101;132;76.5;0;0;;60;61;98.4;41;71;57.7;11;105;8;0;0;0;0;0;0;Matches
60;Josh Brownhill\Josh-Brownhill;eng ENG;MF;Burnley;23;1995;0.0;0;0.0;0.0;0;0;2;0.0;0;0;;0;0;;0;2;0.0;1;0;0;0;0;0;0;0;0;Matches
61;Emi Buendía\Emi-Buendia;ar ARG;FWMF;Norwich City;22;1996;21.4;7;6.8;+0.2;68;928;1226;75.7;26;66;39.4;701;816;85.9;201;344;58.4;154;1024;56;13;85;13;122;47;2;Matches
62;Dan Burn\Dan-Burn;eng ENG;DF;Brighton;27;1992;22.9;0;1.1;-1.1;16;1078;1389;77.6;15;62;24.2;886;1018;87.0;177;309;57.3;924;133;8;1;0;193;85;18;7;Matches
63;Sam Byram\Sam-Byram;eng ENG;DF;Norwich City;25;1993;14.4;0;0.5;-0.5;7;625;763;81.9;14;32;43.8;529;600;88.2;82;131;62.6;107;450;11;0;0;128;22;5;0;Matches
64;Willy Caballero\Willy-Caballero;ar ARG;GK;Chelsea;37;1981;4.0;0;0.0;0.0;0;88;125;70.4;0;0;;55;55;100.0;33;70;47.1;19;88;2;0;0;0;0;0;0;Matches
65;Gary Cahill\Gary-Cahill;eng ENG;DF;Crystal Palace;33;1985;19.0;1;0.3;+0.7;2;646;733;88.1;5;12;41.7;413;445;92.8;228;276;82.6;68;577;25;0;0;3;25;2;0;Matches
66;Dominic Calvert-Lewin\Dominic-Calvert-Lewin;eng ENG;FW;Everton;22;1997;20.4;1;0.9;+0.1;14;296;440;67.3;10;30;33.3;250;357;70.0;36;53;67.9;43;234;1;1;0;1;26;7;1;Matches
67;Víctor Camarasa\Victor-Camarasa;es ESP;MF;Crystal Palace;25;1994;0.1;0;0.0;0.0;0;3;3;100.0;0;0;;3;3;100.0;0;0;;0;3;0;0;0;0;0;0;0;Matches
68;João Cancelo\Joao-Cancelo;pt POR;DF;Manchester City;25;1994;7.7;0;1.0;-1.0;8;550;629;87.4;3;14;21.4;446;489;91.2;101;126;80.2;80;469;3;1;1;59;51;10;1;Matches
69;Todd Cantwell\Todd-Cantwell;eng ENG;FW;Norwich City;21;1998;22.6;2;2.6;-0.6;32;737;925;79.7;32;61;52.5;626;729;85.9;79;135;58.5;77;794;11;0;4;11;55;18;1;Matches
70;Étienne Capoue\Etienne-Capoue;fr FRA;MF;Watford;31;1988;22.8;2;1.8;+0.2;12;924;1133;81.6;15;31;48.4;667;764;87.3;242;338;71.6;179;842;15;3;4;1;104;7;1;Matches
71;Andy Carroll\Andy-Carroll;eng ENG;FW;Newcastle Utd;30;1989;5.6;3;1.6;+1.4;9;100;163;61.3;5;11;45.5;78;118;66.1;17;34;50.0;59;32;0;1;0;0;10;5;1;Matches
72;Jonny Castro\Jonny-Castro;es ESP;DF;Wolves;25;1994;24.4;1;0.8;+0.2;15;870;1074;81.0;22;54;40.7;772;895;86.3;76;125;60.8;240;540;5;0;2;224;44;16;3;Matches
73;Craig Cathcart\Craig-Cathcart;nir NIR;DF;Watford;30;1989;25.2;0;0.1;-0.1;1;640;762;84.0;5;12;41.7;422;461;91.5;213;289;73.7;180;486;18;0;0;4;36;3;1;Matches
74;Dani Ceballos\Dani-Ceballos;es ESP;MF;Arsenal;22;1996;9.1;2;0.9;+1.1;14;545;639;85.3;3;19;15.8;399;426;93.7;143;194;73.7;29;599;11;2;33;3;62;16;0;Matches
75;Nathaniel Chalobah\Nathaniel-Chalobah;eng ENG;MF;Watford;24;1994;8.6;1;0.7;+0.3;5;219;292;75.0;5;13;38.5;177;217;81.6;37;62;59.7;50;212;5;1;12;1;23;2;0;Matches
76;Calum Chambers\Calum-Chambers;eng ENG;DF;Arsenal;24;1995;12.3;1;0.8;+0.2;4;702;865;81.2;7;31;22.6;503;571;88.1;192;263;73.0;54;684;8;0;0;83;36;5;2;Matches
77;Ben Chilwell\Ben-Chilwell;eng ENG;DF;Leicester City;22;1996;22.9;3;2.9;+0.1;29;1308;1670;78.3;16;63;25.4;1114;1264;88.1;178;343;51.9;1206;161;28;2;7;227;83;18;11;Matches
78;Tahith Chong\Tahith-Chong;nl NED;FWMF;Manchester Utd;19;1999;0.4;0;0.0;0.0;0;9;14;64.3;0;2;0.0;9;11;81.8;0;1;0.0;14;0;0;0;0;0;0;0;0;Matches
79;Hamza Choudhury\Hamza-Choudhury;eng ENG;MF;Leicester City;21;1997;8.7;1;0.1;+0.9;3;388;444;87.4;7;16;43.8;300;331;90.6;81;97;83.5;32;373;10;0;0;0;26;2;0;Matches
80;Andreas Christensen\Andreas-Christensen;dk DEN;DF;Chelsea;23;1996;14.0;0;0.5;-0.5;3;749;812;92.2;3;8;37.5;445;467;95.3;301;337;89.3;51;714;24;1;0;4;43;2;0;Matches
81;Ciaran Clark\Ciaran-Clark;ie IRL;DF;Newcastle Utd;29;1989;13.2;0;0.0;0.0;1;253;322;78.6;3;6;50.0;175;201;87.1;75;115;65.2;227;42;10;0;0;15;20;2;0;Matches
82;Leon Clarke\Leon-Clarke;eng ENG;MF;Sheffield Utd;34;1985;0.1;0;0.0;0.0;0;3;3;100.0;0;0;;3;3;100.0;0;0;;2;1;0;0;0;0;0;0;0;Matches
83;Tom Cleverley\Tom-Cleverley;eng ENG;MF;Watford;29;1989;7.3;0;0.4;-0.4;12;263;322;81.7;9;16;56.3;220;245;89.8;34;61;55.7;36;260;1;1;3;5;23;11;2;Matches
84;Conor Coady\Conor-Coady;eng ENG;DF;Wolves;26;1993;28.0;0;0.5;-0.5;5;1078;1259;85.6;5;11;45.5;547;589;92.9;526;659;79.8;45;1127;27;3;0;1;79;5;0;Matches
85;Séamus Coleman\Seamus-Coleman;ie IRL;DF;Everton;30;1988;13.2;1;0.6;+0.4;7;587;755;77.7;9;45;20.0;481;556;86.5;97;154;63.0;81;468;7;1;0;164;49;5;1;Matches
86;Aaron Connolly\Aaron-Connolly;ie IRL;FW;Brighton;19;2000;9.3;0;0.2;-0.2;4;84;115;73.0;8;15;53.3;66;87;75.9;10;13;76.9;17;75;0;1;0;1;2;1;0;Matches
87;Lewis Cook\Lewis-Cook;eng ENG;MF;Bournemouth;22;1997;10.2;0;0.8;-0.8;8;408;513;79.5;5;21;23.8;298;345;86.4;105;147;71.4;33;450;8;4;1;2;43;7;1;Matches
88;Steve Cook\Steve-Cook;eng ENG;DF;Bournemouth;28;1991;20.3;0;0.3;-0.3;3;799;973;82.1;5;18;27.8;502;562;89.3;292;393;74.3;35;822;36;0;0;16;33;2;0;Matches
89;Jack Cork\Jack-Cork;eng ENG;MF;Burnley;30;1989;25.3;0;0.7;-0.7;10;633;806;78.5;28;53;52.8;500;592;84.5;105;161;65.2;93;622;3;3;0;4;51;7;1;Matches
90;Aaron Cresswell\Aaron-Cresswell;eng ENG;DF;West Ham;29;1989;21.5;0;1.1;-1.1;14;924;1247;74.1;13;68;19.1;748;851;87.9;163;328;49.7;895;54;29;3;12;250;94;12;7;Matches
91;Patrick Cutrone\Patrick-Cutrone;it ITA;FW;Wolves;21;1998;3.2;0;0.0;0.0;1;38;56;67.9;2;2;100.0;36;49;73.5;0;5;0.0;9;40;0;0;0;0;2;0;0;Matches
92;Diogo Dalot\Diogo-Dalot;pt POR;DF;Manchester Utd;20;1999;0.7;0;0.0;0.0;0;51;64;79.7;1;2;50.0;40;47;85.1;10;15;66.7;7;40;0;0;1;13;1;0;0;Matches
93;Charlie Daniels\Charlie-Daniels;eng ENG;DF;Bournemouth;32;1986;1.4;0;0.1;-0.1;2;35;49;71.4;3;3;100.0;24;29;82.8;8;17;47.1;42;1;4;0;0;6;4;1;1;Matches
94;Scott Dann\Scott-Dann;eng ENG;DF;Crystal Palace;32;1987;6.1;1;0.2;+0.8;2;189;228;82.9;2;8;25.0;138;150;92.0;49;70;70.0;30;168;7;0;0;0;5;0;0;Matches
95;Kevin Danso\Kevin-Danso;at AUT;DF;Southampton;20;1998;3.1;1;0.2;+0.8;1;115;159;72.3;0;3;0.0;93;109;85.3;22;47;46.8;10;105;1;0;0;33;10;1;0;Matches
96;Ben Davies\Ben-Davies;wal WAL;DF;Tottenham;26;1993;7.0;0;0.4;-0.4;5;302;407;74.2;7;18;38.9;259;318;81.4;36;71;50.7;276;28;8;1;0;71;28;5;4;Matches
97;Tom Davies\Tom-Davies;eng ENG;MF;Everton;21;1998;14.6;0;0.3;-0.3;4;430;553;77.8;5;22;22.7;329;385;85.5;96;146;65.8;64;425;8;5;0;5;58;10;0;Matches
98;Keinan Davis\Keinan-Davis;eng ENG;FW;Aston Villa;21;1998;1.2;0;0.0;0.0;2;25;30;83.3;1;3;33.3;22;25;88.0;2;2;100.0;25;3;0;0;0;0;1;0;0;Matches
99;Craig Dawson\Craig-Dawson;eng ENG;DF;Watford;29;1990;17.2;0;0.0;0.0;1;500;618;80.9;2;8;25.0;301;337;89.3;197;273;72.2;28;505;10;0;0;17;39;0;0;Matches
100;Kevin De Bruyne\Kevin-De-Bruyne;be BEL;MF;Manchester City;28;1991;24.0;17;13.4;+3.6;92;1293;1735;74.5;21;72;29.2;915;1108;82.6;357;555;64.3;186;1479;39;22;145;26;135;77;8;Matches
101;Troy Deeney\Troy-Deeney;eng ENG;FW;Watford;31;1988;15.9;2;2.3;-0.3;17;254;447;56.8;10;32;31.3;211;340;62.1;33;75;44.0;14;244;0;2;1;1;31;16;0;Matches
102;Fabian Delph\Fabian-Delph;eng ENG;MF;Everton;29;1989;13.2;0;0.3;-0.3;6;676;778;86.9;7;16;43.8;480;522;92.0;189;240;78.8;483;250;11;2;0;2;63;15;4;Matches
103;Leander Dendoncker\Leander-Dendoncker;be BEL;DFMF;Wolves;24;1995;24.3;0;0.6;-0.6;5;896;1036;86.5;6;22;27.3;648;732;88.5;242;282;85.8;166;745;9;0;0;2;46;3;1;Matches
104;Gerard Deulofeu\Gerard-Deulofeu;es ESP;FW;Watford;25;1994;23.4;5;4.6;+0.4;45;603;823;73.3;26;72;36.1;459;557;82.4;118;194;60.8;66;732;30;3;33;8;30;28;2;Matches
105;Eric Dier\Eric-Dier;eng ENG;MFDF;Tottenham;25;1994;8.9;2;0.1;+1.9;4;389;491;79.2;9;14;64.3;278;327;85.0;102;150;68.0;79;356;11;0;0;1;31;2;0;Matches
106;Lucas Digne\Lucas-Digne;fr FRA;DF;Everton;26;1993;23.9;5;4.6;+0.4;57;976;1410;69.2;12;60;20.0;762;930;81.9;202;420;48.1;927;76;46;2;90;272;69;30;16;Matches
107;Virgil van Dijk\Virgil-van-Dijk;nl NED;DF;Liverpool;28;1991;28.0;0;0.5;-0.5;3;1992;2201;90.5;10;17;58.8;1212;1287;94.2;770;897;85.8;264;1754;49;5;0;8;156;5;0;Matches
108;Issa Diop\Issa-Diop;fr FRA;DF;West Ham;22;1997;20.7;0;0.3;-0.3;1;532;648;82.1;15;25;60.0;362;412;87.9;155;211;73.5;92;468;31;0;0;1;40;0;0;Matches
109;Moussa Djenepo\Moussa-Djenepo;ml MLI;MFDF;Southampton;21;1998;10.0;2;1.4;+0.6;13;189;257;73.5;8;21;38.1;164;199;82.4;17;37;45.9;59;170;0;3;0;9;11;12;2;Matches
110;Matt Doherty\Matt-Doherty;ie IRL;DF;Wolves;27;1992;22.9;1;0.8;+0.2;14;931;1229;75.8;21;51;41.2;765;944;81.0;145;234;62.0;53;799;4;1;0;232;60;7;1;Matches
111;Abdoulaye Doucouré\Abdoulaye-Doucoure;fr FRA;MF;Watford;26;1993;26.2;2;2.4;-0.4;27;1014;1275;79.5;33;85;38.8;801;955;83.9;180;235;76.6;202;983;8;1;1;0;91;17;1;Matches
112;Danny Drinkwater\Danny-Drinkwater;eng ENG;MF;Burnley;29;1990;0.7;0;0.0;0.0;0;11;20;55.0;0;3;0.0;10;12;83.3;1;5;20.0;3;14;1;0;0;0;0;0;0;Matches
113;Danny Drinkwater\Danny-Drinkwater;eng ENG;MF;Aston Villa;29;1990;2.9;0;0.0;0.0;1;136;167;81.4;2;7;28.6;98;113;86.7;36;47;76.6;35;126;4;0;0;0;16;1;0;Matches
114;Josip Drmić\Josip-Drmic;ch SUI;FWMF;Norwich City;26;1992;1.9;0;0.1;-0.1;1;37;47;78.7;0;2;0.0;35;40;87.5;2;5;40.0;7;37;0;0;0;0;3;0;0;Matches
115;Martin Dúbravka\Martin-Dubravka;sk SVK;GK;Newcastle Utd;30;1989;28.0;0;0.0;0.0;0;433;810;53.5;2;4;50.0;114;118;96.6;317;688;46.1;36;630;108;0;0;1;13;0;0;Matches
116;Ondrej Duda\Ondrej-Duda;sk SVK;MF;Norwich City;24;1994;5.5;0;1.0;-1.0;11;201;259;77.6;9;19;47.4;162;181;89.5;30;59;50.8;31;207;7;0;19;1;9;9;1;Matches
117;Shane Duffy\Shane-Duffy;ie IRL;DF;Brighton;27;1992;11.9;0;0.0;0.0;1;457;546;83.7;5;10;50.0;271;306;88.6;181;230;78.7;38;421;28;0;0;4;23;4;0;Matches
118;Paul Dummett\Paul-Dummett;wal WAL;DF;Newcastle Utd;27;1991;13.7;0;0.1;-0.1;4;358;502;71.3;3;14;21.4;283;330;85.8;72;158;45.6;382;30;11;0;0;41;46;4;3;Matches
119;Lewis Dunk\Lewis-Dunk;eng ENG;DF;Brighton;27;1991;26.0;3;0.9;+2.1;9;1547;1769;87.5;8;18;44.4;983;1046;94.0;556;705;78.9;109;1496;50;1;0;31;114;4;0;Matches
120;Ederson\Ederson;br BRA;GK;Manchester City;25;1993;23.1;0;0.0;0.0;0;555;631;88.0;0;0;;334;338;98.8;221;293;75.4;392;115;29;0;0;1;6;0;0;Matches
121;John Egan\John-Egan;ie IRL;DF;Sheffield Utd;26;1992;25.9;0;0.1;-0.1;1;763;896;85.2;7;14;50.0;436;482;90.5;320;400;80.0;113;663;17;0;0;4;44;1;0;Matches
122;Harvey Elliot\Harvey-Elliot;eng ENG;FW;Liverpool;;;0.0;0;0.0;0.0;0;0;0;;0;0;;0;0;;0;0;;0;0;0;0;0;0;0;0;0;Matches
123;Ahmed Elmohamady\Ahmed-Elmohamady;eg EGY;DF;Aston Villa;31;1987;7.8;1;1.2;-0.2;12;336;446;75.3;4;17;23.5;257;293;87.7;75;136;55.1;4;347;5;0;0;68;32;9;6;Matches
124;Björn Engels\Bjorn-Engels;be BEL;DF;Aston Villa;24;1994;15.1;0;0.1;-0.1;1;491;583;84.2;3;7;42.9;290;323;89.8;198;253;78.3;52;473;17;0;0;2;46;0;0;Matches
125;Christian Eriksen\Christian-Eriksen;dk DEN;MFFW;Tottenham;27;1992;12.1;2;2.0;0.0;23;549;743;73.9;7;19;36.8;419;499;84.0;123;225;54.7;173;532;26;4;46;10;58;21;1;Matches
126;Jonny Evans\Jonny-Evans;nir NIR;DF;Leicester City;31;1988;27.6;1;0.2;+0.8;3;1463;1653;88.5;3;7;42.9;935;1006;92.9;525;640;82.0;393;1150;50;1;0;3;87;2;0;Matches
127;Łukasz Fabiański\Lukasz-Fabianski;pl POL;GK;West Ham;34;1985;13.5;0;0.0;0.0;0;201;383;52.5;1;3;33.3;34;35;97.1;166;345;48.1;12;287;36;0;0;0;2;0;0;Matches
128;Fabinho\Fabinho;br BRA;MF;Liverpool;25;1993;15.0;1;1.2;-0.2;15;856;998;85.8;8;22;36.4;583;649;89.8;265;327;81.0;65;866;12;4;0;4;96;16;1;Matches
129;Ralf Fährmann\Ralf-Fahrmann;de GER;GK;Norwich City;30;1988;0.2;0;0.0;0.0;0;7;10;70.0;0;0;;5;5;100.0;2;5;40.0;2;6;0;0;0;0;0;0;0;Matches
130;Kiko Femenía\Kiko-Femenia;es ESP;DF;Watford;28;1991;16.0;0;1.2;-1.2;13;630;798;78.9;9;19;47.4;537;636;84.4;84;143;58.7;95;518;13;0;2;143;37;8;3;Matches
131;Bruno Fernandes\Bruno-Fernandes;pt POR;MF;Manchester Utd;24;1994;4.0;2;0.6;+1.4;9;191;267;71.5;1;7;14.3;139;169;82.2;51;91;56.0;24;237;13;1;16;2;23;5;1;Matches
132;Gedson Fernandes\Gedson-Fernandes;pt POR;MFDF;Tottenham;20;1999;0.4;0;0.1;-0.1;2;25;32;78.1;1;2;50.0;21;23;91.3;3;7;42.9;1;27;1;0;0;3;1;1;1;Matches
133;Federico Fernández\Federico-Fernandez;ar ARG;DF;Newcastle Utd;30;1989;19.1;1;0.3;+0.7;3;549;754;72.8;9;31;29.0;385;455;84.6;155;268;57.8;35;568;28;1;0;89;34;4;3;Matches
134;Fernandinho\Fernandinho;br BRA;DF;Manchester City;34;1985;21.2;0;0.3;-0.3;5;1539;1698;90.6;7;20;35.0;1008;1071;94.1;524;607;86.3;198;1386;33;1;0;12;178;7;0;Matches
135;Roberto Firmino\Roberto-Firmino;br BRA;FWMF;Liverpool;27;1991;25.9;7;4.9;+2.1;36;729;919;79.3;29;79;36.7;600;716;83.8;100;124;80.6;123;722;2;7;0;10;51;24;0;Matches
136;John Fleck\John-Fleck;sco SCO;MF;Sheffield Utd;27;1991;23.3;2;3.2;-1.2;35;719;976;73.7;27;69;39.1;554;647;85.6;138;260;53.1;828;82;26;2;63;6;83;28;5;Matches
137;Phil Foden\Phil-Foden;eng ENG;MFFW;Manchester City;19;2000;2.9;1;0.5;+0.5;7;145;160;90.6;4;5;80.0;122;133;91.7;19;22;86.4;145;10;0;1;2;2;13;1;0;Matches
138;Pablo Fornals\Pablo-Fornals;es ESP;MF;West Ham;23;1996;15.3;5;2.0;+3.0;15;439;573;76.6;18;46;39.1;357;419;85.2;64;108;59.3;68;479;8;4;16;2;27;12;1;Matches
139;Ben Foster\Ben-Foster;eng ENG;GK;Watford;36;1983;28.0;0;0.0;0.0;0;382;910;42.0;1;1;100.0;85;88;96.6;296;821;36.1;592;126;127;0;0;1;24;1;0;Matches
140;Dimitri Foulquier\Dimitri-Foulquier;fr FRA;MFDF;Watford;26;1993;0.6;0;0.0;0.0;1;10;13;76.9;1;2;50.0;6;6;100.0;3;5;60.0;2;10;0;0;0;1;1;0;0;Matches
141;Juan Foyth\Juan-Foyth;ar ARG;DF;Tottenham;21;1998;0.7;0;0.0;0.0;1;53;60;88.3;0;0;;40;43;93.0;13;17;76.5;6;46;1;0;0;7;3;0;0;Matches
142;Simon Francis\Simon-Francis;eng ENG;DF;Bournemouth;34;1985;10.7;0;0.4;-0.4;4;425;545;78.0;1;9;11.1;312;355;87.9;112;181;61.9;48;403;11;1;0;29;26;3;2;Matches
143;Ryan Fraser\Ryan-Fraser;sco SCO;MFFW;Bournemouth;25;1994;21.9;4;4.0;0.0;41;630;918;68.6;14;50;28.0;524;632;82.9;92;236;39.0;189;673;33;9;62;19;54;39;7;Matches
144;Fred\Fred;br BRA;MF;Manchester Utd;26;1993;21.5;0;2.8;-2.8;36;1307;1536;85.1;20;51;39.2;935;1029;90.9;352;456;77.2;1080;416;48;3;42;7;136;13;3;Matches
145;Ryan Fredericks\Ryan-Fredericks;eng ENG;DF;West Ham;26;1992;18.8;2;1.5;+0.5;18;577;803;71.9;17;49;34.7;481;593;81.1;79;161;49.1;67;528;4;0;0;148;22;8;3;Matches
146;Luke Freeman\Luke-Freeman;eng ENG;MF;Sheffield Utd;27;1992;3.6;0;0.3;-0.3;3;99;133;74.4;3;11;27.3;84;102;82.4;12;20;60.0;111;16;0;0;7;0;6;3;2;Matches
147;Christian Fuchs\Christian-Fuchs;at AUT;DF;Leicester City;33;1986;7.0;0;0.1;-0.1;2;416;509;81.7;3;12;25.0;321;353;90.9;92;144;63.9;364;50;11;1;0;62;39;5;2;Matches
148;Eric García\Eric-Garcia;es ESP;DF;Manchester City;18;2001;3.0;0;0.0;0.0;0;240;251;95.6;1;2;50.0;184;188;97.9;55;61;90.2;24;223;1;0;0;0;11;0;0;Matches
149;James Garner\James-Garner;eng ENG;MF;Manchester Utd;18;2001;0.1;0;0.0;0.0;0;15;15;100.0;0;0;;12;12;100.0;3;3;100.0;2;12;0;0;0;0;1;0;0;Matches
150;Dwight Gayle\Dwight-Gayle;eng ENG;FW;Newcastle Utd;28;1990;3.2;1;0.2;+0.8;2;44;58;75.9;2;3;66.7;32;40;80.0;10;15;66.7;6;37;1;0;0;1;2;1;1;Matches
151;Paulo Gazzaniga\Paulo-Gazzaniga;ar ARG;GK;Tottenham;27;1992;17.9;0;0.4;-0.4;1;319;516;61.8;0;0;;185;186;99.5;134;330;40.6;21;393;26;1;0;0;6;0;0;Matches
152;Jean-Philippe Gbamin\Jean-Philippe-Gbamin;ci CIV;MF;Everton;23;1995;1.5;0;0.0;0.0;0;50;67;74.6;1;4;25.0;42;47;89.4;7;16;43.8;7;55;3;0;0;0;5;0;0;Matches
153;David de Gea\David-de-Gea;es ESP;GK;Manchester Utd;28;1990;28.0;0;0.0;0.0;0;524;694;75.5;0;4;0.0;318;321;99.1;206;369;55.8;33;514;58;0;0;1;3;0;0;Matches
154;Anwar El Ghazi\Anwar-El-Ghazi;nl NED;FWMF;Aston Villa;24;1995;18.4;4;2.5;+1.5;29;336;504;66.7;14;41;34.1;260;335;77.6;62;128;48.4;79;373;3;0;17;11;13;13;7;Matches
155;Morgan Gibbs-White\Morgan-Gibbs-White;eng ENG;MFFW;Wolves;19;2000;1.4;0;0.1;-0.1;3;62;77;80.5;0;0;;52;60;86.7;10;17;58.8;2;64;1;1;0;1;4;3;0;Matches
156;Billy Gilmour\Billy-Gilmour;sco SCO;MFFW;Chelsea;18;2001;0.1;0;0.1;-0.1;1;9;11;81.8;1;1;100.0;6;8;75.0;2;2;100.0;0;10;0;0;0;0;0;0;0;Matches
157;Olivier Giroud\Olivier-Giroud;fr FRA;FW;Chelsea;32;1986;4.0;0;0.8;-0.8;4;83;110;75.5;6;11;54.5;75;93;80.6;2;6;33.3;67;17;0;0;0;0;2;2;0;Matches
158;Ben Godfrey\Ben-Godfrey;eng ENG;DF;Norwich City;21;1998;19.4;0;0.0;0.0;0;956;1063;89.9;8;20;40.0;661;702;94.2;287;341;84.2;103;905;22;1;0;9;47;1;0;Matches
159;André Gomes\Andre-Gomes;pt POR;MF;Everton;26;1993;7.8;0;0.4;-0.4;6;334;403;82.9;2;9;22.2;236;261;90.4;96;133;72.2;113;267;8;0;0;2;53;8;2;Matches
160;Angel Gomes\Angel-Gomes;eng ENG;MF;Manchester Utd;18;2000;0.2;0;0.2;-0.2;2;11;13;84.6;1;1;100.0;7;9;77.8;3;3;100.0;0;13;0;1;0;0;1;2;0;Matches
161;Joe Gomez\Joe-Gomez;eng ENG;DF;Liverpool;22;1997;13.2;0;0.1;-0.1;4;1007;1127;89.4;8;17;47.1;645;686;94.0;354;424;83.5;86;959;18;0;0;7;53;3;0;Matches
162;Anthony Gordon\Anthony-Gordon;eng ENG;MF;Everton;18;2001;0.5;0;0.0;0.0;0;8;10;80.0;0;1;0.0;8;9;88.9;0;0;;0;10;0;0;0;0;0;0;0;Matches
163;Dan Gosling\Dan-Gosling;eng ENG;MF;Bournemouth;29;1990;9.7;1;0.3;+0.7;4;281;354;79.4;10;28;35.7;229;263;87.1;42;63;66.7;29;292;3;0;0;1;27;5;0;Matches
164;Andre Gray\Andre-Gray;eng ENG;FW;Watford;28;1991;7.9;0;1.7;-1.7;8;93;141;66.0;4;14;28.6;77;108;71.3;12;19;63.2;30;93;0;1;0;0;8;3;1;Matches
165;Demarai Gray\Demarai-Gray;eng ENG;MFFW;Leicester City;23;1996;4.6;1;0.7;+0.3;7;165;193;85.5;5;15;33.3;139;149;93.3;21;29;72.4;16;170;2;2;1;1;5;4;0;Matches
166;Jack Grealish\Jack-Grealish;eng ENG;FWMF;Aston Villa;23;1995;24.9;6;5.2;+0.8;70;892;1131;78.9;21;63;33.3;668;764;87.4;203;304;66.8;76;1005;55;3;59;23;75;50;1;Matches
167;Mason Greenwood\Mason-Greenwood;eng ENG;FWMF;Manchester Utd;17;2001;7.2;0;0.3;-0.3;7;187;229;81.7;6;17;35.3;162;184;88.0;19;28;67.9;179;42;0;0;1;0;7;4;0;Matches
168;Arnaut Groeneveld\Arnaut-Groeneveld;nl NED;MF;Bournemouth;22;1997;4.5;0;0.1;-0.1;2;124;159;78.0;3;12;25.0;95;117;81.2;26;30;86.7;24;125;0;0;0;1;7;4;1;Matches
169;Pascal Groß\Pascal-Gross;de GER;MFFW;Brighton;28;1991;16.6;4;4.9;-0.9;54;668;892;74.9;8;42;19.0;515;587;87.7;145;263;55.1;158;698;34;2;62;2;49;25;5;Matches
170;Vicente Guaita\Vicente-Guaita;es ESP;GK;Crystal Palace;32;1987;26.0;0;0.0;0.0;0;440;800;55.0;3;4;75.0;168;168;100.0;269;628;42.8;67;552;68;0;0;1;9;0;0;Matches
171;Mattéo Guendouzi\Matteo-Guendouzi;fr FRA;MF;Arsenal;20;1999;17.7;1;1.1;-0.1;13;958;1079;88.8;14;38;36.8;708;762;92.9;236;279;84.6;58;972;22;2;1;8;125;18;1;Matches
172;Frederic Guilbert\Frederic-Guilbert;fr FRA;DF;Aston Villa;24;1994;20.1;2;1.4;+0.6;13;634;936;67.7;7;43;16.3;481;612;78.6;146;281;52.0;84;589;12;1;1;173;67;16;8;Matches
173;İlkay Gündoğan\Ilkay-Gundogan;de GER;MF;Manchester City;28;1990;16.7;1;2.3;-1.3;30;1310;1440;91.0;15;32;46.9;1009;1085;93.0;286;323;88.5;386;995;19;8;12;5;125;28;1;Matches
174;Angus Gunn\Angus-Gunn;eng ENG;GK;Southampton;23;1996;10.0;0;0.0;0.0;0;111;256;43.4;0;0;;47;47;100.0;64;209;30.6;8;202;33;0;0;0;6;1;0;Matches
175;Sébastien Haller\Sebastien-Haller;fr FRA;FW;West Ham;25;1994;22.9;1;1.6;-0.6;21;470;696;67.5;24;52;46.2;399;563;70.9;47;81;58.0;74;400;0;2;0;0;43;13;2;Matches
176;Grant Hanley\Grant-Hanley;sco SCO;DF;Norwich City;27;1991;13.0;0;0.0;0.0;1;479;573;83.6;7;12;58.3;316;345;91.6;156;216;72.2;59;471;30;0;0;0;19;0;0;Matches
177;Kortney Hause\Kortney-Hause;eng ENG;DF;Aston Villa;24;1995;11.0;0;0.0;0.0;0;439;593;74.0;7;21;33.3;331;390;84.9;101;182;55.5;429;52;15;0;0;21;36;1;0;Matches
178;Isaac Hayden\Isaac-Hayden;eng ENG;MF;Newcastle Utd;24;1995;21.0;1;1.5;-0.5;12;479;656;73.0;8;40;20.0;385;480;80.2;86;136;63.2;87;477;13;3;0;12;32;7;1;Matches
179;Tom Heaton\Tom-Heaton;eng ENG;GK;Aston Villa;33;1986;19.9;0;0.0;0.0;0;350;614;57.0;2;2;100.0;159;159;100.0;189;453;41.7;28;461;76;0;0;0;8;0;0;Matches
180;Dean Henderson\Dean-Henderson;eng ENG;GK;Sheffield Utd;22;1997;26.0;0;0.0;0.0;0;294;746;39.4;0;0;;75;76;98.7;219;670;32.7;41;541;85;0;0;0;34;1;0;Matches
181;Jordan Henderson\Jordan-Henderson;eng ENG;MF;Liverpool;29;1990;21.0;5;2.8;+2.2;22;1333;1585;84.1;19;49;38.8;945;1027;92.0;369;509;72.5;169;1323;14;10;1;13;148;23;3;Matches
182;Jeff Hendrick\Jeff-Hendrick;ie IRL;MF;Burnley;27;1992;20.5;2;0.8;+1.2;11;402;552;72.8;9;44;20.5;329;391;84.1;64;117;54.7;58;441;3;0;6;6;24;8;1;Matches
183;Wayne Hennessey\Wayne-Hennessey;wal WAL;GK;Crystal Palace;32;1987;2.0;0;0.0;0.0;0;32;66;48.5;0;0;;7;7;100.0;25;59;42.4;6;52;11;0;0;0;3;0;0;Matches
184;Javier Hernández\Javier-Hernandez;mx MEX;FW;West Ham;31;1988;1.2;0;0.0;0.0;0;19;22;86.4;3;4;75.0;14;16;87.5;2;2;100.0;6;14;0;0;0;0;2;1;0;Matches
185;Onel Hernández\Onel-Hernandez;cu CUB;FWMF;Norwich City;26;1993;8.4;1;0.6;+0.4;12;131;192;68.2;3;17;17.6;120;152;78.9;8;23;34.8;42;143;0;1;1;4;2;8;2;Matches
186;Son Heung-min\Son-Heung-min;kr KOR;FW;Tottenham;27;1992;19.4;7;4.9;+2.1;31;473;577;82.0;7;36;19.4;395;441;89.6;71;100;71.0;85;458;6;5;18;15;32;20;3;Matches
187;Rob Holding\Rob-Holding;eng ENG;DFFW;Arsenal;23;1995;1.0;0;0.0;0.0;0;35;43;81.4;0;0;;21;23;91.3;14;20;70.0;10;31;0;0;0;0;1;0;0;Matches
188;José Holebas\Jose-Holebas;gr GRE;DF;Watford;35;1984;11.2;0;0.7;-0.7;10;422;589;71.6;10;19;52.6;311;367;84.7;101;203;49.8;366;48;17;0;35;124;43;8;5;Matches
189;Mason Holgate\Mason-Holgate;eng ENG;DF;Everton;22;1996;18.2;3;0.5;+2.5;2;656;768;85.4;4;16;25.0;374;412;90.8;278;340;81.8;119;582;21;0;0;9;40;4;0;Matches
190;Nathan Holland\Nathan-Holland;eng ENG;MF;West Ham;21;1998;0.3;0;0.0;0.0;0;11;14;78.6;0;0;;11;13;84.6;0;1;0.0;0;13;0;0;0;1;0;0;0;Matches
191;Conor Hourihane\Conor-Hourihane;ie IRL;MF;Aston Villa;28;1991;9.8;2;2.5;-0.5;18;330;414;79.7;10;20;50.0;252;285;88.4;68;109;62.4;361;38;36;2;24;6;32;10;5;Matches
192;Callum Hudson-Odoi\Callum-Hudson-Odoi;eng ENG;FW;Chelsea;18;2000;8.6;4;2.3;+1.7;19;351;436;80.5;7;21;33.3;272;312;87.2;72;103;69.9;54;355;2;1;17;7;14;22;4;Matches
193;Will Hughes\Will-Hughes;eng ENG;MF;Watford;24;1995;15.9;1;0.8;+0.2;12;394;548;71.9;9;31;29.0;339;418;81.1;46;99;46.5;414;93;11;1;15;1;36;12;2;Matches
194;Pierre Højbjerg\Pierre-Hojbjerg;dk DEN;MF;Southampton;23;1995;26.2;1;1.8;-0.8;26;1160;1497;77.5;18;50;36.0;890;1063;83.7;252;384;65.6;260;1069;31;1;1;9;120;26;5;Matches
195;Jordon Ibe\Jordon-Ibe;eng ENG;DF;Bournemouth;23;1995;0.5;0;0.0;0.0;0;17;22;77.3;0;2;0.0;14;17;82.4;3;3;100.0;5;13;1;0;1;2;2;1;0;Matches
196;Adam Idah\Adam-Idah;ie IRL;FW;Norwich City;18;2001;0.7;0;0.0;0.0;0;3;6;50.0;0;1;0.0;3;4;75.0;0;1;0.0;1;4;0;0;0;0;0;0;0;Matches
197;Odion Ighalo\Odion-Ighalo;ng NGA;FW;Manchester Utd;30;1989;0.3;0;0.1;-0.1;1;4;4;100.0;0;0;;4;4;100.0;0;0;;0;4;0;0;0;0;0;0;0;Matches
198;Kelechi Iheanacho\Kelechi-Iheanacho;ng NGA;FW;Leicester City;22;1996;5.8;3;2.1;+0.9;12;105;130;80.8;3;14;21.4;90;102;88.2;12;14;85.7;109;17;0;6;0;0;5;5;0;Matches
199;Danny Ings\Danny-Ings;eng ENG;FW;Southampton;27;1992;21.3;1;1.6;-0.6;21;266;427;62.3;9;30;30.0;214;301;71.1;43;96;44.8;53;326;0;1;0;0;23;17;5;Matches
200;Alex Iwobi\Alex-Iwobi;ng NGA;MFFW;Everton;23;1996;13.0;0;2.0;-2.0;17;339;448;75.7;5;28;17.9;247;296;83.4;87;124;70.2;49;388;1;5;1;0;48;25;4;Matches
201;Phil Jagielka\Phil-Jagielka;eng ENG;DF;Sheffield Utd;36;1982;1.4;0;0.0;0.0;0;29;37;78.4;0;0;;20;22;90.9;9;15;60.0;4;28;0;0;0;1;2;1;1;Matches
202;Alireza Jahanbakhsh\Alireza-Jahanbakhsh;ir IRN;FWMF;Brighton;25;1993;3.1;0;0.1;-0.1;2;73;121;60.3;1;8;12.5;64;87;73.6;8;26;30.8;14;99;0;0;1;3;2;2;0;Matches
203;Daniel James\Daniel-James;wal WAL;FW;Manchester Utd;21;1997;23.2;6;4.0;+2.0;26;524;720;72.8;17;67;25.4;453;548;82.7;54;105;51.4;91;611;4;3;3;4;32;18;3;Matches
204;Matty James\Matty-James;eng ENG;MF;Leicester City;28;1991;0.1;0;0.0;0.0;0;6;6;100.0;0;0;;5;5;100.0;1;1;100.0;1;5;0;0;0;0;0;0;0;Matches
205;Reece James\Reece-James;eng ENG;DF;Chelsea;19;1999;11.5;2;1.8;+0.2;15;699;840;83.2;12;30;40.0;547;606;90.3;140;204;68.6;58;629;21;2;9;118;37;14;4;Matches
206;Daryl Janmaat\Daryl-Janmaat;nl NED;DF;Watford;30;1989;6.8;1;0.4;+0.6;7;257;341;75.4;7;18;38.9;213;238;89.5;37;85;43.5;43;237;1;0;0;53;23;8;3;Matches
207;Gabriel Jesus\Gabriel-Jesus;br BRA;FW;Manchester City;22;1997;14.5;4;1.4;+2.6;15;343;391;87.7;20;33;60.6;294;320;91.9;29;38;76.3;49;305;0;0;1;4;12;6;0;Matches
208;Raúl Jiménez\Raul-Jimenez;mx MEX;FW;Wolves;28;1991;26.4;6;5.1;+0.9;36;535;717;74.6;19;62;30.6;422;514;82.1;94;141;66.7;41;568;2;6;0;11;48;15;2;Matches
209;Joelinton\Joelinton;br BRA;FW;Newcastle Utd;22;1996;24.5;2;2.2;-0.2;23;511;635;80.5;19;41;46.3;432;515;83.9;60;79;75.9;92;384;1;3;0;2;36;7;1;Matches
210;Curtis Jones\Curtis-Jones;eng ENG;MF;Liverpool;18;2001;0.2;0;0.0;0.0;0;22;23;95.7;0;0;;22;22;100.0;0;1;0.0;4;19;0;0;0;0;2;1;0;Matches
211;Phil Jones\Phil-Jones;eng ENG;DF;Manchester Utd;27;1992;1.5;0;0.0;0.0;0;79;89;88.8;2;3;66.7;60;66;90.9;17;20;85.0;7;73;2;0;0;1;6;0;0;Matches
212;Jorginho\Jorginho;it ITA;MF;Chelsea;27;1991;22.4;2;2.2;-0.2;22;1606;1836;87.5;29;45;64.4;1229;1351;91.0;348;440;79.1;106;1672;45;4;0;5;190;29;1;Matches
213;Jota\Jota;es ESP;FWMF;Aston Villa;28;1991;3.5;1;0.6;+0.4;5;66;86;76.7;1;4;25.0;50;61;82.0;15;21;71.4;73;9;2;2;0;2;10;4;0;Matches
214;Diogo Jota\Diogo-Jota;pt POR;FWMF;Wolves;22;1996;18.9;1;2.6;-1.6;25;490;628;78.0;13;38;34.2;411;502;81.9;66;88;75.0;201;392;0;0;1;4;27;16;5;Matches
215;James Justin\James-Justin;eng ENG;DF;Leicester City;21;1998;1.2;1;0.3;+0.7;2;76;91;83.5;2;5;40.0;69;73;94.5;5;13;38.5;8;59;0;0;0;18;3;1;0;Matches
216;Christian Kabasele\Christian-Kabasele;be BEL;DF;Watford;28;1991;16.5;1;0.3;+0.7;2;334;435;76.8;5;12;41.7;215;242;88.8;114;181;63.0;34;354;6;0;0;1;27;0;0;Matches
217;Harry Kane\Harry-Kane;eng ENG;FW;Tottenham;26;1993;19.8;2;1.8;+0.2;19;284;424;67.0;6;28;21.4;215;291;73.9;63;105;60.0;40;315;4;5;0;5;36;10;0;Matches
218;N'Golo Kanté\NGolo-Kante;fr FRA;MF;Chelsea;28;1991;15.4;0;2.0;-2.0;24;720;859;83.8;24;52;46.2;566;651;86.9;130;156;83.3;119;690;4;0;0;0;79;22;6;Matches
219;Moise Kean\Moise-Kean;it ITA;FW;Everton;19;2000;7.1;2;0.5;+1.5;4;84;115;73.0;9;21;42.9;68;82;82.9;7;12;58.3;20;81;0;0;0;1;4;3;0;Matches
220;Michael Keane\Michael-Keane;eng ENG;DF;Everton;26;1993;18.4;0;0.4;-0.4;3;651;794;82.0;6;12;50.0;388;444;87.4;257;338;76.0;123;567;29;1;0;4;45;2;0;Matches
221;Naby Keïta\Naby-Keita;gn GUI;MF;Liverpool;24;1995;4.1;1;1.2;-0.2;8;285;314;90.8;7;12;58.3;242;260;93.1;36;42;85.7;41;258;1;3;2;2;26;10;2;Matches
222;Martin Kelly\Martin-Kelly;eng ENG;DF;Crystal Palace;29;1990;17.2;1;0.9;+0.1;6;493;670;73.6;8;26;30.8;365;439;83.1;120;205;58.5;65;448;13;0;0;115;26;5;4;Matches
223;Max Kilman\Max-Kilman;eng ENG;DF;Wolves;22;1997;2.0;0;0.0;0.0;0;72;90;80.0;1;3;33.3;55;62;88.7;16;25;64.0;76;6;0;0;0;0;4;0;0;Matches
224;Joshua King\Joshua-King;no NOR;FWMF;Bournemouth;27;1992;16.3;2;2.7;-0.7;21;260;369;70.5;9;36;25.0;218;284;76.8;33;49;67.3;34;293;1;1;1;1;18;13;3;Matches
225;Jonathan Kodjia\Jonathan-Kodjia;ci CIV;FWMF;Aston Villa;29;1989;1.2;0;0.0;0.0;0;19;30;63.3;0;1;0.0;16;25;64.0;3;4;75.0;2;24;0;0;0;0;1;0;0;Matches
226;Sead Kolašinac\Sead-Kolasinac;ba BIH;DF;Arsenal;26;1993;12.3;2;1.0;+1.0;9;541;652;83.0;5;23;21.7;468;531;88.1;68;98;69.4;443;67;1;0;0;89;26;13;4;Matches
227;Ezri Konsa\Ezri-Konsa;eng ENG;DF;Aston Villa;21;1998;13.3;2;0.1;+1.9;3;418;507;82.4;3;12;25.0;292;324;90.1;123;171;71.9;45;388;9;0;0;24;27;0;0;Matches
228;Cheikhou Kouyaté\Cheikhou-Kouyate;sn SEN;MFDF;Crystal Palace;29;1989;21.1;1;0.9;+0.1;8;471;622;75.7;19;43;44.2;381;470;81.1;71;109;65.1;51;466;6;0;0;4;28;3;0;Matches
229;Mateo Kovačić\Mateo-Kovacic;hr CRO;MF;Chelsea;25;1994;18.7;3;1.9;+1.1;26;1402;1561;89.8;19;33;57.6;1045;1113;93.9;338;415;81.4;67;1461;36;5;0;5;148;21;2;Matches
230;Emil Krafth\Emil-Krafth;se SWE;DF;Newcastle Utd;24;1994;6.3;0;0.0;0.0;0;160;226;70.8;2;12;16.7;137;164;83.5;21;50;42.0;18;153;3;0;0;49;9;1;0;Matches
231;Tim Krul\Tim-Krul;nl NED;GK;Norwich City;31;1988;26.0;0;0.0;0.0;0;671;1033;65.0;0;4;0.0;303;306;99.0;368;723;50.9;644;205;74;0;0;1;6;0;0;Matches
232;Alexandre Lacazette\Alexandre-Lacazette;fr FRA;FW;Arsenal;28;1991;14.3;3;2.1;+0.9;17;264;345;76.5;13;34;38.2;212;247;85.8;39;64;60.9;52;279;0;3;0;0;19;11;1;Matches
233;Adam Lallana\Adam-Lallana;eng ENG;MFFW;Liverpool;31;1988;4.1;1;0.4;+0.6;4;220;260;84.6;6;15;40.0;194;213;91.1;20;32;62.5;74;163;1;0;0;1;22;4;0;Matches
234;Érik Lamela\Erik-Lamela;ar ARG;MFFW;Tottenham;27;1992;9.5;1;1.5;-0.5;14;343;445;77.1;16;31;51.6;284;324;87.7;43;90;47.8;392;41;7;1;36;1;18;12;1;Matches
235;Tariq Lamptey\Tariq-Lamptey;eng ENG;DF;Chelsea;18;2000;0.3;0;0.1;-0.1;1;12;14;85.7;0;1;0.0;9;10;90.0;3;3;100.0;4;5;0;1;0;5;0;1;0;Matches
236;Henri Lansbury\Henri-Lansbury;eng ENG;MF;Aston Villa;28;1990;2.1;0;0.1;-0.1;2;60;81;74.1;1;3;33.3;37;49;75.5;22;29;75.9;7;62;0;0;0;0;9;0;0;Matches
237;Manuel Lanzini\Manuel-Lanzini;ar ARG;MFFW;West Ham;26;1993;13.2;2;2.3;-0.3;28;594;707;84.0;27;39;69.2;470;527;89.2;97;141;68.8;79;601;17;3;31;2;60;13;3;Matches
238;Aymeric Laporte\Aymeric-Laporte;fr FRA;DF;Manchester City;25;1994;5.6;0;0.1;-0.1;1;465;497;93.6;1;6;16.7;344;352;97.7;120;139;86.3;363;95;10;0;0;4;50;0;0;Matches
239;Jamaal Lascelles\Jamaal-Lascelles;eng ENG;DF;Newcastle Utd;25;1993;17.1;0;0.1;-0.1;2;399;486;82.1;6;14;42.9;268;320;83.8;125;152;82.2;80;330;9;1;0;0;12;1;0;Matches
240;Valentino Lazaro\Valentino-Lazaro;at AUT;DF;Newcastle Utd;23;1996;2.2;0;0.1;-0.1;3;70;92;76.1;4;5;80.0;58;64;90.6;8;23;34.8;9;71;4;0;10;5;3;2;0;Matches
241;Moritz Leitner\Moritz-Leitner;de GER;MF;Norwich City;26;1992;7.6;0;0.3;-0.3;8;472;553;85.4;12;23;52.2;390;430;90.7;70;100;70.0;88;449;20;2;1;4;46;15;1;Matches
242;Florian Lejeune\Florian-Lejeune;fr FRA;DF;Newcastle Utd;28;1991;4.9;0;0.1;-0.1;1;136;187;72.7;0;3;0.0;97;117;82.9;39;67;58.2;40;120;6;0;0;12;9;0;0;Matches
243;Aaron Lennon\Aaron-Lennon;eng ENG;MF;Burnley;32;1987;5.4;0;0.1;-0.1;2;91;130;70.0;2;13;15.4;75;92;81.5;14;25;56.0;11;111;0;0;1;1;5;1;0;Matches
244;Bernd Leno\Bernd-Leno;de GER;GK;Arsenal;27;1992;27.0;0;0.0;0.0;0;668;895;74.6;4;5;80.0;432;436;99.1;232;454;51.1;144;559;53;0;0;0;3;0;0;Matches
245;Jefferson Lerma\Jefferson-Lerma;co COL;MF;Bournemouth;24;1994;20.7;1;0.8;+0.2;8;800;1000;80.0;14;32;43.8;587;679;86.5;199;289;68.9;99;792;23;0;0;5;87;11;0;Matches
246;Jamal Lewis\Jamal-Lewis;nir NIR;DF;Norwich City;21;1998;15.6;0;0.4;-0.4;6;676;855;79.1;12;41;29.3;583;679;85.9;81;135;60.0;595;86;10;1;0;150;31;13;4;Matches
247;Victor Lindelöf\Victor-Lindelof;se SWE;DF;Manchester Utd;25;1994;25.0;0;0.4;-0.4;4;1217;1407;86.5;10;28;35.7;874;946;92.4;333;433;76.9;188;1103;39;2;0;11;65;1;0;Matches
248;Jesse Lingard\Jesse-Lingard;eng ENG;MFFW;Manchester Utd;26;1992;9.9;0;0.8;-0.8;16;334;391;85.4;15;25;60.0;282;316;89.2;37;50;74.0;16;352;3;1;2;6;31;10;0;Matches
249;Hugo Lloris\Hugo-Lloris;fr FRA;GK;Tottenham;32;1986;10.1;0;0.0;0.0;0;230;305;75.4;2;2;100.0;115;116;99.1;113;187;60.4;176;64;16;0;0;0;4;0;0;Matches
250;Giovani Lo Celso\Giovani-Lo-Celso;ar ARG;MFFW;Tottenham;23;1996;9.2;0;0.9;-0.9;16;431;520;82.9;8;17;47.1;331;375;88.3;92;128;71.9;446;53;17;2;17;3;51;12;1;Matches
251;Jürgen Locadia\Jurgen-Locadia;nl NED;MFFW;Brighton;25;1993;1.0;0;0.0;0.0;0;9;19;47.4;0;3;0.0;9;15;60.0;0;1;0.0;2;14;0;0;0;0;0;0;0;Matches
252;Kevin Long\Kevin-Long;ie IRL;MF;Burnley;28;1990;0.0;0;0.0;0.0;0;1;3;33.3;0;0;;1;3;33.3;0;0;;0;1;0;0;0;0;1;0;0;Matches
253;Shane Long\Shane-Long;ie IRL;FW;Southampton;32;1987;11.8;2;1.2;+0.8;13;176;320;55.0;12;32;37.5;153;255;60.0;11;33;33.3;40;143;0;0;0;1;13;7;3;Matches
254;Matthew Longstaff\Matthew-Longstaff;eng ENG;MF;Newcastle Utd;19;2000;6.1;0;0.2;-0.2;3;183;225;81.3;3;8;37.5;138;159;86.8;42;58;72.4;20;190;3;0;0;0;12;4;1;Matches
255;Sean Longstaff\Sean-Longstaff;eng ENG;MF;Newcastle Utd;21;1997;14.3;1;0.9;+0.1;15;484;621;77.9;9;25;36.0;358;414;86.5;117;182;64.3;108;449;39;1;11;1;40;4;1;Matches
256;Dejan Lovren\Dejan-Lovren;hr CRO;DF;Liverpool;30;1989;8.4;1;0.4;+0.6;1;517;587;88.1;2;8;25.0;332;353;94.1;183;226;81.0;113;420;13;1;0;1;42;4;0;Matches
257;Matthew Lowton\Matthew-Lowton;eng ENG;DF;Burnley;30;1989;15.0;1;1.1;-0.1;12;440;648;67.9;8;24;33.3;313;387;80.9;119;237;50.2;45;429;10;2;0;139;42;10;3;Matches
258;David Luiz\David-Luiz;br BRA;DF;Arsenal;32;1987;23.3;1;1.0;0.0;4;1105;1287;85.9;8;18;44.4;642;684;93.9;455;585;77.8;326;906;74;5;0;3;79;8;0;Matches
259;Douglas Luiz\Douglas-Luiz;br BRA;MF;Aston Villa;21;1998;18.0;2;0.8;+1.2;10;643;787;81.7;9;19;47.4;434;506;85.8;200;262;76.3;82;633;21;1;2;4;76;13;1;Matches
260;John Lundstram\John-Lundstram;eng ENG;MF;Sheffield Utd;25;1994;22.0;2;2.2;-0.2;18;779;959;81.2;17;46;37.0;580;669;86.7;182;244;74.6;250;645;5;4;3;3;63;23;1;Matches
261;James Maddison\James-Maddison;eng ENG;MF;Leicester City;22;1996;25.7;3;6.5;-3.5;77;1117;1456;76.7;21;47;44.7;775;895;86.6;321;514;62.5;141;1265;72;15;135;7;131;33;4;Matches
262;Harry Maguire\Harry-Maguire;eng ENG;DF;Manchester Utd;26;1993;28.0;1;0.5;+0.5;13;1487;1703;87.3;10;17;58.8;978;1074;91.1;499;612;81.5;220;1320;52;1;0;8;122;3;0;Matches
263;Riyad Mahrez\Riyad-Mahrez;dz ALG;FWMF;Manchester City;28;1991;15.0;8;6.7;+1.3;42;719;852;84.4;11;32;34.4;565;621;91.0;143;199;71.9;748;81;7;17;37;7;37;46;4;Matches
264;Ainsley Maitland-Niles\Ainsley-Maitland-Niles;eng ENG;DF;Arsenal;21;1997;13.4;2;1.5;+0.5;9;737;889;82.9;17;33;51.5;600;672;89.3;120;184;65.2;114;595;16;0;0;155;45;5;1;Matches
265;Sadio Mané\Sadio-Mane;sn SEN;FW;Liverpool;27;1992;22.2;6;5.1;+0.9;37;643;800;80.4;14;40;35.0;535;628;85.2;94;132;71.2;151;587;5;10;0;8;37;41;6;Matches
266;Javier Manquillo\Javier-Manquillo;es ESP;DF;Newcastle Utd;25;1994;9.9;1;0.3;+0.7;4;203;301;67.4;6;19;31.6;170;216;78.7;27;66;40.9;18;193;3;0;0;62;16;2;2;Matches
267;Solly March\Solly-March;eng ENG;DFFW;Brighton;25;1994;8.9;1;0.5;+0.5;10;344;461;74.6;3;22;13.6;275;315;87.3;66;124;53.2;351;37;7;0;8;47;15;13;4;Matches
268;Adrian Mariappa\Adrian-Mariappa;jm JAM;DF;Watford;32;1986;13.6;0;0.4;-0.4;4;336;462;72.7;5;12;41.7;232;281;82.6;99;169;58.6;39;289;6;0;0;94;25;2;2;Matches
269;Anthony Martial\Anthony-Martial;fr FRA;FW;Manchester Utd;23;1995;20.1;3;2.3;+0.7;20;408;507;80.5;21;51;41.2;350;407;86.0;37;49;75.5;79;399;1;4;0;3;26;20;1;Matches
270;David Martin\David-Martin;eng ENG;GK;West Ham;33;1986;4.8;0;0.0;0.0;0;55;124;44.4;0;0;;7;7;100.0;48;117;41.0;1;98;19;0;0;0;2;0;0;Matches
271;Martinelli\Martinelli;br BRA;FW;Arsenal;18;2001;7.3;0;0.2;-0.2;2;86;138;62.3;2;13;15.4;75;109;68.8;9;16;56.3;23;102;1;1;0;1;2;5;0;Matches
272;Adam Masina\Adam-Masina;it ITA;DF;Watford;25;1994;12.6;0;0.5;-0.5;10;362;575;63.0;11;34;32.4;254;323;78.6;97;218;44.5;352;41;11;0;5;114;33;10;8;Matches
273;Arthur Masuaku\Arthur-Masuaku;cd COD;DF;West Ham;25;1993;10.1;1;0.9;+0.1;6;455;569;80.0;10;31;32.3;383;434;88.2;62;104;59.6;429;33;8;1;0;80;27;5;3;Matches
274;Juan Mata\Juan-Mata;es ESP;MFFW;Manchester Utd;31;1988;8.1;2;2.0;0.0;19;420;493;85.2;5;23;21.7;359;383;93.7;56;87;64.4;417;61;8;2;8;6;40;16;1;Matches
275;Nemanja Matić\Nemanja-Matic;rs SRB;MF;Manchester Utd;30;1988;9.7;1;0.8;+0.2;10;532;618;86.1;4;13;30.8;417;465;89.7;111;140;79.3;504;74;8;1;0;4;57;10;1;Matches
276;Joël Matip\Joel-Matip;cm CMR;DF;Liverpool;27;1991;7.0;0;0.0;0.0;0;388;452;85.8;0;2;0.0;250;276;90.6;138;174;79.3;49;367;11;0;0;3;34;1;0;Matches
277;Neal Maupay\Neal-Maupay;fr FRA;FW;Brighton;22;1996;22.5;2;2.0;0.0;18;397;505;78.6;23;47;48.9;315;380;82.9;59;78;75.6;91;366;3;3;0;10;19;19;2;Matches
278;James McArthur\James-McArthur;sco SCO;MF;Crystal Palace;31;1987;26.3;2;2.1;-0.1;22;833;1065;78.2;25;63;39.7;654;769;85.0;154;233;66.1;246;720;4;3;1;24;90;17;0;Matches
279;Oliver McBurnie\Oliver-McBurnie;sco SCO;FW;Sheffield Utd;23;1996;14.9;0;1.2;-1.2;9;271;414;65.5;10;34;29.4;229;333;68.8;32;47;68.1;17;223;0;0;0;2;20;8;0;Matches
280;Alex McCarthy\Alex-McCarthy;eng ENG;GK;Southampton;29;1989;18.0;0;0.0;0.0;0;244;483;50.5;1;2;50.0;76;77;98.7;167;404;41.3;35;335;66;0;0;0;19;1;0;Matches
281;James McCarthy\James-McCarthy;ie IRL;MF;Crystal Palace;28;1990;12.0;0;0.6;-0.6;12;373;492;75.8;25;40;62.5;270;316;85.4;78;136;57.4;138;306;23;0;9;4;38;6;0;Matches
282;John McGinn\John-McGinn;sco SCO;MF;Aston Villa;24;1994;17.1;2;1.9;+0.1;29;433;569;76.1;10;27;37.0;267;325;82.2;156;217;71.9;418;119;23;3;19;2;51;23;4;Matches
283;David McGoldrick\David-McGoldrick;ie IRL;FW;Sheffield Utd;31;1987;14.9;2;1.6;+0.4;11;326;434;75.1;6;20;30.0;280;350;80.0;40;64;62.5;44;315;0;3;0;1;18;8;3;Matches
284;Michael McGovern\Michael-McGovern;nir NIR;GK;Norwich City;35;1984;1.8;0;0.0;0.0;0;31;51;60.8;2;2;100.0;16;16;100.0;13;33;39.4;4;36;5;0;0;0;0;0;0;Matches
285;Kenny McLean\Kenny-McLean;sco SCO;MF;Norwich City;27;1992;24.4;1;1.6;-0.6;20;974;1251;77.9;31;60;51.7;761;908;83.8;182;283;64.3;894;222;27;4;18;15;93;14;3;Matches
286;Dwight McNeil\Dwight-McNeil;eng ENG;MF;Burnley;19;1999;27.2;5;5.3;-0.3;41;577;859;67.2;13;59;22.0;425;515;82.5;139;285;48.8;771;33;45;3;47;6;59;27;19;Matches
287;Scott McTominay\Scott-McTominay;sco SCO;MF;Manchester Utd;22;1996;17.1;1;0.7;+0.3;13;660;821;80.4;9;24;37.5;463;549;84.3;188;248;75.8;30;731;22;2;0;1;70;9;2;Matches
288;Ben Mee\Ben-Mee;eng ENG;DF;Burnley;29;1989;28.0;1;0.6;+0.4;5;730;983;74.3;6;17;35.3;430;490;87.8;294;476;61.8;758;113;41;0;0;5;44;1;0;Matches
289;Benjamin Mendy\Benjamin-Mendy;fr FRA;DF;Manchester City;25;1994;12.3;2;1.1;+0.9;16;841;977;86.1;10;29;34.5;701;767;91.4;130;181;71.8;801;78;11;0;0;78;41;32;15;Matches
290;Nampalys Mendy\Nampalys-Mendy;fr FRA;MF;Leicester City;27;1992;2.2;0;0.1;-0.1;2;113;123;91.9;4;6;66.7;86;93;92.5;23;24;95.8;14;104;0;0;0;0;9;1;0;Matches
291;Chris Mepham\Chris-Mepham;wal WAL;DF;Bournemouth;21;1997;10.0;0;0.1;-0.1;1;399;468;85.3;3;8;37.5;282;311;90.7;114;149;76.5;55;363;8;0;0;0;14;0;0;Matches
292;Max Meyer\Max-Meyer;de GER;MFFW;Crystal Palace;23;1995;6.1;0;0.6;-0.6;2;121;163;74.2;6;22;27.3;105;123;85.4;10;18;55.6;54;99;1;1;0;1;9;6;1;Matches
293;Luka Milivojević\Luka-Milivojevic;rs SRB;MF;Crystal Palace;28;1991;21.8;1;2.0;-1.0;25;899;1184;75.9;15;24;62.5;611;702;87.0;273;458;59.6;144;962;120;1;87;4;81;7;0;Matches
294;James Milner\James-Milner;eng ENG;MFDF;Liverpool;33;1986;7.4;2;0.6;+1.4;7;458;535;85.6;2;10;20.0;338;367;92.1;118;158;74.7;59;438;8;3;6;15;43;7;0;Matches
295;Yerry Mina\Yerry-Mina;co COL;DF;Everton;24;1994;23.2;1;0.2;+0.8;3;964;1127;85.5;5;14;35.7;559;622;89.9;400;491;81.5;139;879;33;0;0;1;48;1;0;Matches
296;Takumi Minamino\Takumi-Minamino;jp JPN;FWMF;Liverpool;24;1995;0.9;0;0.0;0.0;0;37;39;94.9;2;2;100.0;31;32;96.9;4;5;80.0;8;29;0;0;0;0;2;0;0;Matches
297;Tyrone Mings\Tyrone-Mings;eng ENG;DF;Aston Villa;26;1993;21.3;1;0.5;+0.5;6;770;943;81.7;4;21;19.0;426;458;93.0;340;464;73.3;771;102;33;2;0;2;43;2;0;Matches
298;Henrikh Mkhitaryan\Henrikh-Mkhitaryan;am ARM;FW;Arsenal;30;1989;1.2;0;0.2;-0.2;2;58;77;75.3;2;7;28.6;46;54;85.2;10;16;62.5;20;52;1;2;2;1;3;2;0;Matches
299;Nacho Monreal\Nacho-Monreal;es ESP;DF;Arsenal;33;1986;3.0;0;0.3;-0.3;3;182;201;90.5;4;6;66.7;167;177;94.4;11;18;61.1;162;11;1;0;0;25;8;0;0;Matches
300;Martín Montoya\Martin-Montoya;es ESP;DF;Brighton;28;1991;18.0;1;1.5;-0.5;20;870;1080;80.6;11;41;26.8;715;822;87.0;144;217;66.4;121;715;10;0;1;193;33;17;5;Matches
301;Simon Moore\Simon-Moore;eng ENG;GK;Sheffield Utd;29;1990;1.0;0;0.0;0.0;0;6;22;27.3;0;0;;2;2;100.0;4;20;20.0;3;12;5;0;0;0;0;0;0;Matches
302;Aaron Mooy\Aaron-Mooy;au AUS;MFFW;Brighton;28;1990;17.4;1;2.7;-1.7;32;634;842;75.3;14;48;29.2;506;576;87.8;114;218;52.3;142;665;17;3;47;6;65;20;2;Matches
303;Wesley Moraes\Wesley-Moraes;br BRA;FW;Aston Villa;22;1996;19.9;1;0.9;+0.1;11;277;377;73.5;11;25;44.0;229;302;75.8;37;50;74.0;16;282;0;0;0;2;20;2;0;Matches
304;Wes Morgan\Wes-Morgan;jm JAM;DF;Leicester City;35;1984;1.8;0;0.0;0.0;0;71;81;87.7;0;1;0.0;54;56;96.4;17;24;70.8;9;70;1;0;0;0;1;0;0;Matches
305;Ravel Morrison\Ravel-Morrison;eng ENG;MF;Sheffield Utd;26;1993;0.1;0;0.0;0.0;0;4;6;66.7;0;1;0.0;4;5;80.0;0;0;;1;5;0;0;0;0;2;0;0;Matches
306;Mason Mount\Mason-Mount;eng ENG;MFFW;Chelsea;20;1999;24.9;4;3.4;+0.6;43;820;1031;79.5;37;72;51.4;667;756;88.2;116;203;57.1;119;873;41;2;75;7;68;28;5;Matches
307;Lucas Moura\Lucas-Moura;br BRA;FWMF;Tottenham;26;1992;18.2;2;1.6;+0.4;23;414;557;74.3;13;39;33.3;365;441;82.8;36;77;46.8;56;443;5;2;4;1;30;17;1;Matches
308;Lys Mousset\Lys-Mousset;fr FRA;FW;Sheffield Utd;23;1996;11.3;4;2.4;+1.6;11;160;205;78.0;5;15;33.3;144;173;83.2;11;17;64.7;21;162;0;1;0;1;8;3;0;Matches
309;João Moutinho\Joao-Moutinho;pt POR;MF;Wolves;32;1986;26.1;6;5.3;+0.7;67;1207;1524;79.2;12;41;29.3;793;895;88.6;402;588;68.4;95;1339;112;6;132;3;121;25;9;Matches
310;Glenn Murray\Glenn-Murray;eng ENG;FW;Brighton;35;1983;7.8;0;0.4;-0.4;2;109;164;66.5;5;14;35.7;91;123;74.0;13;27;48.1;15;112;1;1;0;2;7;3;0;Matches
311;Shkodran Mustafi\Shkodran-Mustafi;de GER;DF;Arsenal;27;1992;6.9;1;0.0;+1.0;0;343;410;83.7;1;9;11.1;197;223;88.3;145;178;81.5;14;356;7;0;0;0;30;0;0;Matches
312;Yoshinori Mutō\Yoshinori-Muto;jp JPN;FWMF;Newcastle Utd;27;1992;2.2;0;0.1;-0.1;2;25;29;86.2;1;2;50.0;21;23;91.3;3;4;75.0;10;18;1;0;0;0;1;2;1;Matches
313;Georges-Kévin N'Koudou\Georges-Kevin-NKoudou;fr FRA;FW;Tottenham;24;1995;0.0;0;0.0;0.0;0;0;0;;0;0;;0;0;;0;0;;0;0;0;0;0;0;0;0;0;Matches
314;Marvelous Nakamba\Marvelous-Nakamba;zw ZIM;MF;Aston Villa;25;1994;17.2;0;0.5;-0.5;11;570;676;84.3;10;23;43.5;438;499;87.8;122;154;79.2;540;90;18;0;0;3;27;4;0;Matches
315;Wilfred Ndidi\Wilfred-Ndidi;ng NGA;MF;Leicester City;22;1996;20.1;1;0.4;+0.6;8;921;1071;86.0;21;35;60.0;687;766;89.7;213;270;78.9;114;870;14;1;0;0;87;2;0;Matches
316;Tanguy Ndombele\Tanguy-Ndombele;fr FRA;MF;Tottenham;22;1996;10.0;2;1.3;+0.7;13;453;538;84.2;15;26;57.7;361;410;88.0;77;102;75.5;49;478;13;0;5;0;42;10;0;Matches
317;Reiss Nelson\Reiss-Nelson;eng ENG;FW;Arsenal;19;1999;4.9;0;0.3;-0.3;6;144;180;80.0;4;13;30.8;119;136;87.5;21;31;67.7;23;154;3;1;9;1;8;2;0;Matches
318;Pedro Neto\Pedro-Neto;pt POR;FWMF;Wolves;19;2000;8.1;2;2.3;-0.3;12;221;299;73.9;9;31;29.0;176;214;82.2;36;54;66.7;228;48;4;0;7;2;13;4;1;Matches
319;Rúben Neves\Ruben-Neves;pt POR;MF;Wolves;22;1997;24.6;1;1.2;-0.2;17;1074;1356;79.2;6;22;27.3;644;745;86.4;424;589;72.0;107;1156;31;3;9;5;132;18;2;Matches
320;Jeremy Ngakia\Jeremy-Ngakia;eng ENG;DF;West Ham;18;2000;3.0;0;0.0;0.0;0;48;94;51.1;0;3;0.0;42;63;66.7;6;28;21.4;10;44;0;0;0;32;0;1;1;Matches
321;Oumar Niasse\Oumar-Niasse;sn SEN;FW;Everton;29;1990;0.2;0;0.0;0.0;0;3;5;60.0;0;0;;3;4;75.0;0;1;0.0;1;3;0;0;0;0;0;0;0;Matches
322;Eddie Nketiah\Eddie-Nketiah;eng ENG;FW;Arsenal;20;1999;2.1;0;0.1;-0.1;1;33;41;80.5;0;3;0.0;30;35;85.7;3;3;100.0;4;36;0;0;0;0;1;0;0;Matches
323;Mark Noble\Mark-Noble;eng ENG;MF;West Ham;32;1987;23.0;1;1.0;0.0;15;907;1123;80.8;15;46;32.6;637;745;85.5;255;332;76.8;82;978;40;3;2;7;105;18;2;Matches
324;Oliver Norwood\Oliver-Norwood;nir NIR;MF;Sheffield Utd;28;1991;25.5;0;3.4;-3.4;40;1254;1620;77.4;16;37;43.2;819;914;89.6;419;669;62.6;61;1438;59;2;82;5;164;28;9;Matches
325;Ørjan Nyland\Orjan-Nyland;no NOR;GK;Aston Villa;28;1990;2.0;0;0.0;0.0;0;37;63;58.7;0;0;;14;14;100.0;23;49;46.9;6;46;6;0;0;0;0;0;0;Matches
326;Jack O'Connell\Jack-OConnell;eng ENG;DF;Sheffield Utd;25;1994;27.0;1;2.2;-1.2;9;956;1286;74.3;8;36;22.2;683;792;86.2;265;458;57.9;1063;50;23;2;0;49;77;21;3;Matches
327;Michael Obafemi\Michael-Obafemi;ie IRL;FW;Southampton;19;2000;5.3;0;0.7;-0.7;5;91;112;81.3;7;16;43.8;79;91;86.8;5;5;100.0;11;86;0;1;0;0;0;1;0;Matches
328;Angelo Ogbonna\Angelo-Ogbonna;it ITA;DF;West Ham;31;1988;23.0;0;0.0;0.0;1;543;696;78.0;2;11;18.2;365;419;87.1;176;266;66.2;432;158;14;0;0;0;36;1;0;Matches
329;Divock Origi\Divock-Origi;be BEL;FW;Liverpool;24;1995;5.7;1;0.1;+0.9;4;113;157;72.0;3;4;75.0;93;119;78.2;17;34;50.0;23;113;0;0;0;0;4;6;2;Matches
330;Ben Osborn\Ben-Osborn;eng ENG;DFMF;Sheffield Utd;24;1994;1.1;0;0.3;-0.3;2;40;54;74.1;2;5;40.0;29;33;87.9;9;16;56.3;38;7;0;1;0;8;3;1;0;Matches
331;Nicolás Otamendi\Nicolas-Otamendi;ar ARG;DF;Manchester City;31;1988;14.7;0;0.2;-0.2;3;987;1062;92.9;5;10;50.0;650;685;94.9;332;367;90.5;72;936;6;0;0;2;46;0;0;Matches
332;Alex Oxlade-Chamberlain\Alex-Oxlade-Chamberlain;eng ENG;MFFW;Liverpool;25;1993;11.4;0;1.0;-1.0;13;410;516;79.5;6;20;30.0;301;353;85.3;103;143;72.0;68;414;1;3;0;4;55;22;3;Matches
333;Mesut Özil\Mesut-Ozil;de GER;MF;Arsenal;30;1988;15.1;1;1.9;-0.9;35;711;838;84.8;12;29;41.4;588;632;93.0;111;177;62.7;733;88;30;0;54;0;56;21;1;Matches
334;Emerson Palmieri\Emerson-Palmieri;it ITA;DF;Chelsea;24;1994;11.4;0;1.4;-1.4;18;704;850;82.8;13;24;54.2;608;685;88.8;83;141;58.9;662;43;11;2;21;100;27;8;5;Matches
335;Sokratis Papastathopoulos\Sokratis-Papastathopoulos;gr GRE;DF;Arsenal;31;1988;17.9;0;0.2;-0.2;1;811;906;89.5;6;13;46.2;529;553;95.7;276;340;81.2;33;835;30;0;0;3;19;1;0;Matches
336;Troy Parrott\Troy-Parrott;ie IRL;MF;Tottenham;17;2002;0.1;0;0.0;0.0;0;5;5;100.0;0;0;;5;5;100.0;0;0;;2;2;0;0;0;1;0;0;0;Matches
337;Rui Patrício\Rui-Patricio;pt POR;GK;Wolves;31;1988;28.0;0;0.0;0.0;0;403;633;63.7;1;1;100.0;114;116;98.3;288;516;55.8;341;138;52;0;0;0;4;0;0;Matches
338;Pedro\Pedro;es ESP;FW;Chelsea;32;1987;6.3;0;0.7;-0.7;16;223;282;79.1;6;18;33.3;185;216;85.6;32;48;66.7;87;179;1;3;1;1;7;9;0;Matches
339;Nicolas Pépé\Nicolas-Pepe;ci CIV;FW;Arsenal;24;1995;16.9;6;3.4;+2.6;33;490;648;75.6;9;34;26.5;406;465;87.3;75;149;50.3;553;64;9;2;54;6;19;20;3;Matches
340;Andreas Pereira\Andreas-Pereira;br BRA;MFFW;Manchester Utd;23;1996;16.1;3;3.6;-0.6;29;545;745;73.2;12;36;33.3;439;528;83.1;94;181;51.9;86;612;23;1;32;9;51;14;3;Matches
341;Ricardo Pereira\Ricardo-Pereira;pt POR;DF;Leicester City;25;1993;27.0;2;3.5;-1.5;25;1450;1801;80.5;12;61;19.7;1239;1420;87.3;199;320;62.2;187;1259;14;3;0;295;94;25;3;Matches
342;Roberto Pereyra\Roberto-Pereyra;ar ARG;FWMF;Watford;28;1991;13.9;0;1.7;-1.7;16;425;512;83.0;16;27;59.3;348;397;87.7;61;88;69.3;72;393;1;4;13;10;28;10;2;Matches
343;Ayoze Pérez\Ayoze-Perez;es ESP;MFFW;Leicester City;26;1993;17.7;4;3.0;+1.0;21;464;588;78.9;23;59;39.0;398;463;86.0;43;66;65.2;54;492;4;6;0;5;27;14;1;Matches
344;Jordan Pickford\Jordan-Pickford;eng ENG;GK;Everton;25;1994;28.0;0;0.0;0.0;0;622;1003;62.0;5;5;100.0;273;274;99.6;344;724;47.5;633;176;115;1;0;0;38;4;0;Matches
345;Brandon Pierrick\Brandon-Pierrick;eng ENG;DF;Crystal Palace;17;2001;0.1;0;0.1;-0.1;1;5;8;62.5;1;3;33.3;4;5;80.0;0;0;;0;8;0;0;0;0;0;1;0;Matches
346;Erik Pieters\Erik-Pieters;nl NED;DF;Burnley;30;1988;13.7;3;1.0;+2.0;9;485;657;73.8;8;28;28.6;391;459;85.2;86;170;50.6;429;34;10;0;0;152;30;9;5;Matches
347;Daniel Podence\Daniel-Podence;pt POR;FWMF;Wolves;23;1995;0.3;0;0.1;-0.1;1;9;11;81.8;0;0;;8;9;88.9;1;2;50.0;1;8;0;0;0;0;2;0;0;Matches
348;Paul Pogba\Paul-Pogba;fr FRA;MF;Manchester Utd;26;1993;5.8;2;1.5;+0.5;15;381;458;83.2;6;17;35.3;282;319;88.4;93;122;76.2;62;373;15;5;0;1;43;15;0;Matches
349;Nick Pope\Nick-Pope;eng ENG;GK;Burnley;27;1992;28.0;0;0.6;-0.6;4;390;871;44.8;1;2;50.0;90;92;97.8;299;777;38.5;48;618;125;1;1;1;36;1;0;Matches
350;Dennis Praet\Dennis-Praet;be BEL;MF;Leicester City;25;1994;9.9;2;0.6;+1.4;6;343;413;83.1;9;19;47.4;273;313;87.2;61;81;75.3;33;345;3;2;0;2;25;5;1;Matches
351;Sebastian Prödl\Sebastian-Prodl;at AUT;DF;Watford;32;1987;0.6;0;0.0;0.0;0;6;10;60.0;0;0;;6;7;85.7;0;3;0.0;1;6;0;0;0;0;0;0;0;Matches
352;Davy Pröpper\Davy-Propper;nl NED;MF;Brighton;27;1991;25.0;2;2.0;0.0;25;1248;1484;84.1;17;53;32.1;946;1068;88.6;285;363;78.5;125;1288;16;5;0;4;143;17;0;Matches
353;Teemu Pukki\Teemu-Pukki;fi FIN;FW;Norwich City;29;1990;26.6;3;3.2;-0.2;25;356;433;82.2;17;37;45.9;303;347;87.3;36;49;73.5;79;315;0;2;0;2;9;3;2;Matches
354;Christian Pulisic\Christian-Pulisic;us USA;FW;Chelsea;20;1998;12.0;2;2.1;-0.1;18;351;451;77.8;7;25;28.0;300;355;84.5;44;71;62.0;94;330;1;2;4;1;18;17;0;Matches
355;Ignacio Pussetto\Ignacio-Pussetto;ar ARG;FWMF;Watford;23;1995;0.4;0;0.0;0.0;0;10;17;58.8;1;1;100.0;7;9;77.8;2;7;28.6;1;14;1;0;0;0;0;1;0;Matches
356;Domingos Quina\Domingos-Quina;pt POR;MF;Watford;19;1999;0.2;0;0.0;0.0;0;9;9;100.0;0;0;;8;8;100.0;1;1;100.0;0;9;0;0;0;0;0;1;0;Matches
357;Aaron Ramsdale\Aaron-Ramsdale;eng ENG;GK;Bournemouth;21;1998;27.0;1;0.0;+1.0;1;503;841;59.8;2;4;50.0;261;262;99.6;240;575;41.7;46;605;88;0;0;0;8;0;0;Matches
358;Darren Randolph\Darren-Randolph;ie IRL;GK;West Ham;32;1987;2.0;0;0.0;0.0;0;22;40;55.0;0;0;;2;2;100.0;20;38;52.6;0;30;4;0;0;0;3;0;0;Matches
359;Marcus Rashford\Marcus-Rashford;eng ENG;FW;Manchester Utd;21;1997;20.9;4;2.7;+1.3;24;452;605;74.7;15;47;31.9;393;482;81.5;44;76;57.9;59;502;2;4;6;5;34;34;3;Matches
360;Nathan Redmond\Nathan-Redmond;eng ENG;MFFW;Southampton;25;1994;21.8;1;2.7;-1.7;29;509;704;72.3;19;45;42.2;405;507;79.9;85;152;55.9;50;611;0;3;0;2;32;24;4;Matches
361;Pepe Reina\Pepe-Reina;es ESP;GK;Aston Villa;36;1982;5.0;0;0.0;0.0;0;126;168;75.0;3;3;100.0;44;45;97.8;79;120;65.8;15;119;15;0;0;0;1;0;0;Matches
362;Declan Rice\Declan-Rice;eng ENG;MF;West Ham;20;1999;28.0;2;1.1;+0.9;13;1090;1271;85.8;23;48;47.9;772;846;91.3;295;377;78.2;225;949;19;1;0;3;112;5;1;Matches
363;Richarlison\Richarlison;br BRA;FWMF;Everton;22;1997;25.2;3;4.5;-1.5;29;425;651;65.3;12;67;17.9;342;460;74.3;71;124;57.3;157;416;2;3;2;7;23;17;0;Matches
364;Diego Rico\Diego-Rico;es ESP;DF;Bournemouth;26;1993;19.9;2;2.0;0.0;24;792;1145;69.2;19;65;29.2;612;744;82.3;161;336;47.9;830;49;43;2;50;192;86;23;9;Matches
365;Jaïro Riedewald\Jairo-Riedewald;nl NED;DF;Crystal Palace;22;1996;6.8;0;0.4;-0.4;2;242;331;73.1;5;9;55.6;204;251;81.3;33;71;46.5;228;18;11;0;0;65;27;5;0;Matches
366;Matt Ritchie\Matt-Ritchie;sco SCO;DFMF;Newcastle Utd;29;1989;7.2;0;0.8;-0.8;18;232;345;67.2;6;19;31.6;181;214;84.6;45;112;40.2;232;48;11;0;36;42;16;6;2;Matches
367;Roberto\Roberto;es ESP;GK;West Ham;33;1986;7.6;0;0.0;0.0;0;113;232;48.7;1;1;100.0;38;38;100.0;74;193;38.3;7;181;36;0;0;0;0;0;0;Matches
368;Patrick Roberts\Patrick-Roberts;eng ENG;MFFW;Norwich City;22;1997;0.3;0;0.0;0.0;0;7;10;70.0;0;0;;6;7;85.7;1;3;33.3;9;1;0;0;0;0;1;0;0;Matches
369;Andrew Robertson\Andrew-Robertson;sco SCO;DF;Liverpool;25;1994;27.2;7;5.7;+1.3;44;1789;2209;81.0;22;64;34.4;1428;1616;88.4;339;529;64.1;1760;138;33;4;17;232;131;48;20;Matches
370;Callum Robinson\Callum-Robinson;ie IRL;FW;Sheffield Utd;24;1995;7.5;1;0.5;+0.5;4;117;155;75.5;5;10;50.0;97;120;80.8;15;25;60.0;31;114;0;1;0;1;5;3;1;Matches
371;Rodri\Rodri;es ESP;MFDF;Manchester City;23;1996;20.7;1;1.3;-0.3;27;1733;1871;92.6;15;30;50.0;1236;1303;94.9;482;538;89.6;248;1517;20;0;0;2;167;11;1;Matches
372;Jay Rodriguez\Jay-Rodriguez;eng ENG;FW;Burnley;30;1989;14.6;0;0.4;-0.4;4;220;321;68.5;16;37;43.2;182;241;75.5;22;43;51.2;15;233;2;0;0;0;12;3;0;Matches
373;Marcos Rojo\Marcos-Rojo;ar ARG;DF;Manchester Utd;29;1990;1.3;0;0.0;0.0;0;37;55;67.3;0;1;0.0;28;32;87.5;9;22;40.9;39;5;2;0;0;8;3;0;0;Matches
374;Oriol Romeu\Oriol-Romeu;es ESP;MF;Southampton;27;1991;14.5;0;0.3;-0.3;9;565;687;82.2;8;14;57.1;438;509;86.1;119;164;72.6;128;473;10;1;0;1;49;10;2;Matches
375;Danny Rose\Danny-Rose;eng ENG;DF;Tottenham;29;1990;9.9;0;0.8;-0.8;10;435;572;76.0;5;21;23.8;361;410;88.0;69;141;48.9;412;67;17;0;1;74;34;12;4;Matches
376;Danny Rose\Danny-Rose;eng ENG;DF;Newcastle Utd;29;1990;2.9;0;0.0;0.0;1;100;135;74.1;2;5;40.0;88;103;85.4;10;27;37.0;97;13;3;0;0;17;7;2;1;Matches
377;Antonio Rüdiger\Antonio-Rudiger;de GER;DF;Chelsea;26;1993;11.5;0;0.3;-0.3;2;699;810;86.3;6;13;46.2;428;465;92.0;265;332;79.8;146;611;14;0;0;4;65;1;0;Matches
378;Lukas Rupp\Lukas-Rupp;de GER;FW;Norwich City;28;1991;3.8;0;0.5;-0.5;5;96;129;74.4;5;10;50.0;82;100;82.0;9;19;47.4;24;94;1;2;0;1;5;3;1;Matches
379;Mathew Ryan\Mathew-Ryan;au AUS;GK;Brighton;27;1992;28.0;0;0.0;0.0;0;886;1082;81.9;0;2;0.0;487;489;99.6;399;591;67.5;134;726;40;0;0;0;6;0;0;Matches
380;Allan Saint-Maximin\Allan-Saint-Maximin;fr FRA;MFFW;Newcastle Utd;22;1997;13.2;1;2.1;-1.1;22;200;285;70.2;2;15;13.3;164;213;77.0;34;57;59.6;36;232;0;3;0;5;13;7;4;Matches
381;Romain Saïss\Romain-Saiss;ma MAR;DF;Wolves;29;1990;21.1;1;0.5;+0.5;6;864;1054;82.0;6;26;23.1;572;634;90.2;286;394;72.6;849;88;30;0;0;7;88;8;0;Matches
382;Bukayo Saka\Bukayo-Saka;eng ENG;DFFW;Arsenal;17;2001;12.0;3;1.5;+1.5;11;454;581;78.1;7;34;20.6;385;448;85.9;62;99;62.6;385;100;8;1;3;81;28;11;3;Matches
383;Mamadou Sakho\Mamadou-Sakho;fr FRA;DF;Crystal Palace;29;1990;5.2;0;0.1;-0.1;1;235;266;88.3;1;3;33.3;165;183;90.2;69;80;86.3;203;45;6;0;0;0;16;1;0;Matches
384;Mohamed Salah\Mohamed-Salah;eg EGY;FW;Liverpool;27;1992;24.0;6;5.5;+0.5;39;525;710;73.9;16;55;29.1;461;568;81.2;48;87;55.2;559;121;4;7;24;6;31;32;1;Matches
385;Mbwana Samatta\Mbwana-Samatta;tz TAN;FW;Aston Villa;26;1992;2.9;0;0.2;-0.2;3;39;49;79.6;1;2;50.0;35;41;85.4;3;6;50.0;6;31;0;0;0;0;1;0;0;Matches
386;Carlos Sánchez\Carlos-Sanchez;co COL;MFDF;West Ham;33;1986;1.3;0;0.0;0.0;0;45;55;81.8;1;1;100.0;36;41;87.8;8;13;61.5;14;32;0;0;0;0;2;0;0;Matches
387;Davinson Sánchez\Davinson-Sanchez;co COL;DF;Tottenham;23;1996;20.0;0;0.0;0.0;1;997;1142;87.3;5;17;29.4;698;752;92.8;294;373;78.8;166;898;20;0;0;12;31;0;0;Matches
388;Ismaila Sarr\Ismaila-Sarr;sn SEN;FWMF;Watford;21;1998;12.6;3;1.2;+1.8;16;263;353;74.5;9;23;39.1;222;277;80.1;32;53;60.4;22;311;0;2;1;0;11;8;3;Matches
389;Fabian Schär\Fabian-Schar;ch SUI;DF;Newcastle Utd;27;1991;15.5;0;0.1;-0.1;3;445;613;72.6;5;11;45.5;263;307;85.7;177;295;60.0;85;462;36;0;0;22;60;2;0;Matches
390;Ezequiel Schelotto\Ezequiel-Schelotto;it ITA;DF;Brighton;30;1989;3.2;0;0.0;0.0;0;104;144;72.2;1;5;20.0;90;112;80.4;13;27;48.1;10;90;1;0;0;33;3;1;1;Matches
391;Jeffrey Schlupp\Jeffrey-Schlupp;gh GHA;MFDF;Crystal Palace;26;1992;9.5;1;1.1;-0.1;7;209;278;75.2;6;11;54.5;176;211;83.4;27;56;48.2;187;47;3;1;0;15;26;4;1;Matches
392;Kasper Schmeichel\Kasper-Schmeichel;dk DEN;GK;Leicester City;32;1986;28.0;0;0.2;-0.2;1;672;881;76.3;1;3;33.3;336;338;99.4;335;540;62.0;49;674;85;0;0;0;2;0;0;Matches
393;Morgan Schneiderlin\Morgan-Schneiderlin;fr FRA;MF;Everton;29;1989;11.1;0;0.2;-0.2;4;494;567;87.1;5;14;35.7;344;378;91.0;145;175;82.9;77;452;10;0;0;0;59;6;1;Matches
394;Ryan Sessegnon\Ryan-Sessegnon;eng ENG;DF;Tottenham;19;2000;3.8;0;0.1;-0.1;2;145;195;74.4;1;8;12.5;122;143;85.3;22;44;50.0;151;11;2;0;1;24;13;2;1;Matches
395;Xherdan Shaqiri\Xherdan-Shaqiri;ch SUI;FW;Liverpool;27;1991;1.9;0;0.2;-0.2;3;83;101;82.2;1;2;50.0;65;74;87.8;17;25;68.0;75;17;2;0;4;5;11;3;2;Matches
396;Billy Sharp\Billy-Sharp;eng ENG;FW;Sheffield Utd;33;1986;6.6;0;1.2;-1.2;9;105;142;73.9;4;15;26.7;95;116;81.9;6;11;54.5;10;109;0;0;0;0;5;3;0;Matches
397;Luke Shaw\Luke-Shaw;eng ENG;DF;Manchester Utd;24;1995;12.7;0;0.6;-0.6;13;750;870;86.2;7;25;28.0;687;746;92.1;56;99;56.6;647;71;13;1;4;94;40;14;2;Matches
398;Jonjo Shelvey\Jonjo-Shelvey;eng ENG;MF;Newcastle Utd;27;1992;13.9;0;2.0;-2.0;26;394;566;69.6;5;12;41.7;230;274;83.9;159;280;56.8;64;473;27;2;39;1;68;12;1;Matches
399;Djibril Sidibé\Djibril-Sidibe;fr FRA;DF;Everton;27;1992;17.2;4;2.0;+2.0;17;739;954;77.5;10;38;26.3;585;691;84.7;144;225;64.0;119;623;14;0;1;156;46;10;4;Matches
400;Gylfi Sigurðsson\Gylfi-Sigurdsson;is ISL;MF;Everton;29;1989;21.2;2;3.5;-1.5;40;602;806;74.7;12;32;37.5;447;529;84.5;143;245;58.4;118;636;35;2;62;3;66;18;2;Matches
401;Bernardo Silva\Bernardo-Silva;pt POR;FWMF;Manchester City;24;1994;16.0;5;3.8;+1.2;33;880;1025;85.9;18;46;39.1;748;832;89.9;114;147;77.6;900;65;8;3;15;22;40;21;7;Matches
402;David Silva\David-Silva;es ESP;MF;Manchester City;33;1986;14.0;7;3.4;+3.6;31;840;992;84.7;21;57;36.8;708;799;88.6;111;136;81.6;865;102;11;9;5;4;61;43;0;Matches
403;Jack Simpson\Jack-Simpson;eng ENG;DF;Bournemouth;22;1997;1.9;0;0.0;0.0;0;64;89;71.9;1;6;16.7;51;62;82.3;12;21;57.1;58;14;0;0;0;14;5;0;0;Matches
404;Moussa Sissoko\Moussa-Sissoko;fr FRA;MF;Tottenham;29;1989;18.8;1;1.0;0.0;11;807;941;85.8;21;33;63.6;648;736;88.0;138;172;80.2;91;740;12;2;0;40;51;8;0;Matches
405;Oliver Skipp\Oliver-Skipp;eng ENG;DF;Tottenham;18;2000;0.1;0;0.0;0.0;0;8;8;100.0;0;0;;6;6;100.0;2;2;100.0;1;7;0;0;0;0;0;0;0;Matches
406;William Smallbone\William-Smallbone;ie IRL;MF;Southampton;19;2000;1.8;0;0.0;0.0;0;89;107;83.2;1;4;25.0;69;80;86.3;19;23;82.6;9;93;1;0;0;0;7;1;1;Matches
407;Adam Smith\Adam-Smith;eng ENG;DF;Bournemouth;28;1991;16.3;1;0.6;+0.4;7;625;787;79.4;11;38;28.9;533;598;89.1;81;151;53.6;45;548;17;1;0;140;34;5;0;Matches
408;Emile Smith-Rowe\Emile-Smith-Rowe;eng ENG;MF;Arsenal;19;2000;1.1;0;0.0;0.0;0;30;36;83.3;1;3;33.3;26;28;92.9;3;5;60.0;3;32;0;0;0;0;3;0;0;Matches
409;Robert Snodgrass\Robert-Snodgrass;sco SCO;MFFW;West Ham;31;1987;16.8;5;2.8;+2.2;33;434;632;68.7;11;35;31.4;331;403;82.1;92;194;47.4;538;53;30;2;72;1;31;13;2;Matches
410;Cédric Soares\Cedric-Soares;pt POR;DF;Southampton;27;1991;14.5;1;1.2;-0.2;14;522;724;72.1;9;22;40.9;425;506;84.0;88;196;44.9;64;414;11;0;0;186;35;12;7;Matches
411;Dominic Solanke\Dominic-Solanke;eng ENG;FWMF;Bournemouth;21;1997;12.9;1;1.0;0.0;11;236;319;74.0;16;33;48.5;202;257;78.6;18;29;62.1;32;226;1;0;0;0;22;9;1;Matches
412;Tomáš Souček\Tomas-Soucek;cz CZE;MF;West Ham;24;1995;2.5;0;0.0;0.0;0;31;57;54.4;0;2;0.0;27;47;57.4;4;8;50.0;5;36;0;0;1;0;2;0;0;Matches
413;Çağlar Söyüncü\Caglar-Soyuncu;tr TUR;DF;Leicester City;23;1996;27.0;1;0.2;+0.8;3;1560;1704;91.5;9;24;37.5;1131;1192;94.9;420;488;86.1;339;1262;38;0;0;1;83;3;0;Matches
414;Dennis Srbeny\Dennis-Srbeny;de GER;MFFW;Norwich City;25;1994;0.4;0;0.0;0.0;0;17;23;73.9;1;2;50.0;16;20;80.0;0;1;0.0;6;12;0;0;0;0;3;0;0;Matches
415;Jack Stacey\Jack-Stacey;eng ENG;DF;Bournemouth;23;1996;10.9;2;2.1;-0.1;8;357;495;72.1;9;36;25.0;304;366;83.1;44;93;47.3;39;331;3;0;1;85;21;3;1;Matches
416;Junior Stanislas\Junior-Stanislas;eng ENG;MFFW;Bournemouth;29;1989;1.7;0;0.1;-0.1;2;73;88;83.0;2;5;40.0;59;65;90.8;12;18;66.7;4;79;0;0;1;0;3;4;0;Matches
417;Jed Steer\Jed-Steer;eng ENG;GK;Aston Villa;26;1992;0.1;0;0.0;0.0;0;1;2;50.0;0;0;;0;0;;1;2;50.0;2;0;0;0;0;0;0;0;0;Matches
418;Dale Stephens\Dale-Stephens;eng ENG;MF;Brighton;30;1989;21.6;1;0.7;+0.3;14;1205;1385;87.0;13;24;54.2;857;947;90.5;335;414;80.9;153;1159;11;3;0;4;116;15;1;Matches
419;Jack Stephens\Jack-Stephens;eng ENG;DF;Southampton;25;1994;19.3;3;0.8;+2.2;4;590;804;73.4;5;14;35.7;371;438;84.7;214;352;60.8;43;656;28;2;0;13;56;4;0;Matches
420;Raheem Sterling\Raheem-Sterling;eng ENG;FW;Manchester City;24;1994;21.5;1;5.8;-4.8;35;723;914;79.1;12;64;18.8;659;767;85.9;52;83;62.7;115;754;0;3;0;10;22;38;6;Matches
421;Enda Stevens\Enda-Stevens;ie IRL;DF;Sheffield Utd;29;1990;26.5;2;3.5;-1.5;28;1022;1374;74.4;14;69;20.3;823;965;85.3;185;340;54.4;980;103;4;1;0;231;85;39;8;Matches
422;Marco Stiepermann\Marco-Stiepermann;de GER;MF;Norwich City;28;1991;10.4;0;0.5;-0.5;9;248;336;73.8;14;33;42.4;206;254;81.1;28;49;57.1;284;31;0;3;0;1;27;7;0;Matches
423;John Stones\John-Stones;eng ENG;DF;Manchester City;25;1994;10.1;0;0.1;-0.1;2;725;764;94.9;0;3;0.0;493;517;95.4;232;244;95.1;74;627;8;0;0;4;71;1;0;Matches
424;Isaac Success\Isaac-Success;ng NGA;FWMF;Watford;23;1996;0.7;0;0.1;-0.1;1;14;21;66.7;3;4;75.0;10;16;62.5;1;1;100.0;1;15;0;0;0;0;0;2;0;Matches
425;Ki Sung-yueng\Ki-Sung-yueng;kr KOR;MF;Newcastle Utd;30;1989;1.5;0;0.1;-0.1;2;59;67;88.1;2;2;100.0;36;41;87.8;21;24;87.5;5;57;3;0;3;0;4;0;0;Matches
426;Andrew Surman\Andrew-Surman;eng ENG;MF;Bournemouth;32;1986;2.6;0;0.0;0.0;1;102;127;80.3;5;5;100.0;73;89;82.0;24;33;72.7;95;13;7;0;2;0;6;1;0;Matches
427;Sam Surridge\Sam-Surridge;eng ENG;FW;Bournemouth;21;1998;0.2;0;0.0;0.0;0;2;3;66.7;0;0;;2;3;66.7;0;0;;0;2;0;0;0;0;1;0;0;Matches
428;Japhet Tanganga\Japhet-Tanganga;eng ENG;DF;Tottenham;20;1999;4.8;0;0.0;0.0;0;157;193;81.3;1;12;8.3;124;139;89.2;32;42;76.2;18;128;4;0;0;27;7;0;0;Matches
429;Matt Targett\Matt-Targett;eng ENG;DF;Aston Villa;23;1995;17.8;2;2.5;-0.5;22;668;898;74.4;13;44;29.5;534;623;85.7;121;231;52.4;592;92;26;0;10;137;50;25;11;Matches
430;James Tarkowski\James-Tarkowski;eng ENG;DF;Burnley;26;1992;28.0;1;1.1;-0.1;8;647;885;73.1;7;22;31.8;373;461;80.9;267;402;66.4;106;601;12;0;0;2;45;7;0;Matches
431;Charlie Taylor\Charlie-Taylor;eng ENG;DF;Burnley;25;1993;14.3;0;0.9;-0.9;11;473;693;68.3;8;42;19.0;363;440;82.5;102;211;48.3;428;16;5;1;0;185;36;13;12;Matches
432;Neil Taylor\Neil-Taylor;wal WAL;DF;Aston Villa;30;1989;8.8;0;0.1;-0.1;1;297;375;79.2;5;16;31.3;253;286;88.5;39;73;53.4;208;82;0;0;0;71;14;1;0;Matches
433;Alexander Tettey\Alexander-Tettey;no NOR;MFDF;Norwich City;33;1986;19.2;1;0.8;+0.2;5;803;911;88.1;10;22;45.5;653;718;90.9;140;171;81.9;116;709;8;1;1;1;41;4;0;Matches
434;Youri Tielemans\Youri-Tielemans;be BEL;MF;Leicester City;22;1997;23.8;5;4.0;+1.0;34;1057;1307;80.9;26;46;56.5;812;938;86.6;219;323;67.8;237;993;28;8;14;11;112;28;4;Matches
435;Kieran Tierney\Kieran-Tierney;sco SCO;DF;Arsenal;22;1997;3.3;0;0.5;-0.5;4;135;176;76.7;2;10;20.0;105;120;87.5;28;46;60.9;119;14;2;0;0;35;5;5;4;Matches
436;James Tomkins\James-Tomkins;eng ENG;DF;Crystal Palace;30;1989;17.6;1;0.1;+0.9;2;505;626;80.7;6;14;42.9;311;347;89.6;188;265;70.9;81;474;26;0;0;3;21;1;0;Matches
437;Fikayo Tomori\Fikayo-Tomori;eng ENG;DF;Chelsea;21;1997;14.4;0;0.2;-0.2;4;981;1098;89.3;4;15;26.7;660;701;94.2;317;382;83.0;274;765;10;1;0;10;57;4;0;Matches
438;Lucas Torreira\Lucas-Torreira;uy URU;MF;Arsenal;23;1996;15.2;1;1.1;-0.1;14;720;821;87.7;9;25;36.0;517;570;90.7;194;226;85.8;78;687;22;1;11;2;41;3;0;Matches
439;Cenk Tosun\Cenk-Tosun;tr TUR;FW;Crystal Palace;28;1991;2.0;0;0.0;0.0;0;29;47;61.7;0;2;0.0;24;37;64.9;5;8;62.5;13;27;0;1;0;0;3;2;0;Matches
440;Cenk Tosun\Cenk-Tosun;tr TUR;FW;Everton;28;1991;3.2;0;0.1;-0.1;4;42;62;67.7;1;3;33.3;38;50;76.0;3;9;33.3;17;34;0;0;0;0;2;3;0;Matches
441;Andros Townsend\Andros-Townsend;eng ENG;MF;Crystal Palace;28;1991;8.8;1;1.2;-0.2;8;189;274;69.0;6;18;33.3;156;186;83.9;27;70;38.6;198;71;1;0;4;3;12;7;3;Matches
442;Adama Traoré\Adama-Traore;es ESP;FWDF;Wolves;23;1996;22.7;7;5.5;+1.5;38;466;727;64.1;6;51;11.8;386;518;74.5;74;158;46.8;68;580;0;3;0;35;34;15;2;Matches
443;Mark Travers\Mark-Travers;ie IRL;GK;Bournemouth;20;1999;1.0;0;0.0;0.0;0;23;32;71.9;0;0;;12;12;100.0;11;20;55.0;3;24;1;0;0;0;0;0;0;Matches
444;Trézéguet\Trezeguet;eg EGY;FWMF;Aston Villa;24;1994;14.7;1;0.7;+0.3;15;221;325;68.0;7;24;29.2;179;222;80.6;35;79;44.3;17;273;2;1;10;7;11;7;4;Matches
445;Leandro Trossard\Leandro-Trossard;be BEL;FWMF;Brighton;24;1994;15.1;3;3.1;-0.1;28;418;593;70.5;5;30;16.7;313;404;77.5;100;159;62.9;132;430;16;2;9;12;32;21;7;Matches
446;Tom Trybull\Tom-Trybull;de GER;MF;Norwich City;26;1993;11.4;0;0.0;0.0;1;520;558;93.2;6;10;60.0;429;451;95.1;85;97;87.6;70;451;19;0;0;0;39;0;0;Matches
447;Axel Tuanzebe\Axel-Tuanzebe;eng ENG;DF;Manchester Utd;21;1997;2.1;0;0.0;0.0;0;127;141;90.1;1;3;33.3;102;110;92.7;24;28;85.7;18;104;1;0;0;11;8;0;0;Matches
448;Yan Valery\Yan-Valery;fr FRA;DF;Southampton;20;1999;6.2;0;0.7;-0.7;2;143;232;61.6;3;12;25.0;112;152;73.7;28;68;41.2;8;136;2;0;0;67;5;1;1;Matches
449;Jesús Vallejo\Jesus-Vallejo;es ESP;DF;Wolves;22;1997;1.8;0;0.0;0.0;0;81;104;77.9;1;1;100.0;50;59;84.7;30;44;68.2;5;94;1;0;0;0;7;1;0;Matches
450;Jamie Vardy\Jamie-Vardy;eng ENG;FW;Leicester City;32;1987;24.4;4;3.4;+0.6;14;217;322;67.4;12;36;33.3;184;244;75.4;21;42;50.0;55;215;0;2;0;1;9;9;2;Matches
451;Indiana Vassilev\Indiana-Vassilev;us USA;FW;Aston Villa;18;2001;0.4;0;0.0;0.0;0;7;9;77.8;1;2;50.0;6;7;85.7;0;0;;5;3;0;0;0;1;0;0;0;Matches
452;Jan Vertonghen\Jan-Vertonghen;be BEL;DF;Tottenham;32;1987;16.2;1;0.9;+0.1;3;826;976;84.6;4;21;19.0;604;662;91.2;218;293;74.4;641;222;35;0;0;53;49;0;0;Matches
453;Jannik Vestergaard\Jannik-Vestergaard;dk DEN;DF;Southampton;26;1992;12.6;0;0.1;-0.1;3;428;535;80.0;5;7;71.4;317;358;88.5;106;170;62.4;168;281;15;1;0;26;45;3;0;Matches
454;Rúben Vinagre\Ruben-Vinagre;pt POR;DF;Wolves;20;1999;4.9;0;0.6;-0.6;5;174;242;71.9;2;18;11.1;145;171;84.8;27;53;50.9;173;16;4;0;0;47;9;5;5;Matches
455;Mario Vrančić\Mario-Vrancic;ba BIH;MF;Norwich City;30;1989;3.9;0;0.3;-0.3;6;197;247;79.8;4;8;50.0;156;173;90.2;37;66;56.1;180;45;7;2;0;0;13;2;0;Matches
456;Matěj Vydra\Matej-Vydra;cz CZE;FW;Burnley;27;1992;3.4;1;0.1;+0.9;3;29;45;64.4;1;3;33.3;28;39;71.8;0;3;0.0;7;28;0;0;0;1;4;0;0;Matches
457;Theo Walcott\Theo-Walcott;eng ENG;MFFW;Everton;30;1989;11.4;2;1.7;+0.3;13;203;316;64.2;2;24;8.3;175;235;74.5;26;57;45.6;18;269;1;2;2;4;15;10;1;Matches
458;Kyle Walker\Kyle-Walker;eng ENG;DF;Manchester City;29;1990;20.1;2;1.5;+0.5;11;1386;1574;88.1;12;45;26.7;999;1083;92.2;375;446;84.1;39;1329;22;2;1;145;164;13;0;Matches
459;Kyle Walker-Peters\Kyle-Walker-Peters;eng ENG;DF;Tottenham;22;1997;2.7;0;0.1;-0.1;2;183;214;85.5;1;8;12.5;156;165;94.5;26;41;63.4;15;171;4;0;0;23;12;1;0;Matches
460;Kyle Walker-Peters\Kyle-Walker-Peters;eng ENG;DF;Southampton;22;1997;0.8;0;0.0;0.0;0;39;57;68.4;0;3;0.0;37;48;77.1;2;6;33.3;3;31;1;0;0;21;3;1;0;Matches
461;Aaron Wan-Bissaka\Aaron-Wan-Bissaka;eng ENG;DF;Manchester Utd;21;1997;24.9;2;2.3;-0.3;20;1222;1529;79.9;28;83;33.7;1094;1266;86.4;100;180;55.6;60;1131;11;0;0;286;86;5;0;Matches
462;Victor Wanyama\Victor-Wanyama;ke KEN;MF;Tottenham;28;1991;0.3;0;0.0;0.0;0;18;19;94.7;2;2;100.0;11;12;91.7;5;5;100.0;0;16;1;0;0;1;3;0;0;Matches
463;Joel Ward\Joel-Ward;eng ENG;DF;Crystal Palace;29;1989;16.5;0;0.2;-0.2;4;598;795;75.2;16;42;38.1;476;560;85.0;106;193;54.9;63;497;9;0;0;173;49;4;2;Matches
464;James Ward-Prowse\James-Ward-Prowse;eng ENG;MFDF;Southampton;24;1994;28.0;3;3.9;-0.9;46;1009;1397;72.2;21;51;41.2;743;876;84.8;245;470;52.1;115;1071;63;3;132;51;87;21;1;Matches
465;Adam Webster\Adam-Webster;eng ENG;DF;Brighton;24;1995;21.4;1;1.2;-0.2;10;1206;1415;85.2;6;21;28.6;817;905;90.3;383;489;78.3;259;1008;40;1;0;31;62;5;1;Matches
466;Danny Welbeck\Danny-Welbeck;eng ENG;FWMF;Watford;28;1990;2.9;0;0.1;-0.1;2;45;56;80.4;0;1;0.0;41;49;83.7;4;6;66.7;1;46;0;0;0;0;4;2;0;Matches
467;Ashley Westwood\Ashley-Westwood;eng ENG;MF;Burnley;29;1990;25.0;5;4.0;+1.0;35;880;1206;73.0;18;40;45.0;605;711;85.1;257;455;56.5;68;1073;44;6;71;2;107;13;4;Matches
468;Connor Wickham\Connor-Wickham;eng ENG;FWMF;Crystal Palace;26;1993;1.0;1;0.6;+0.4;2;29;44;65.9;2;5;40.0;23;32;71.9;4;7;57.1;5;16;0;0;0;1;2;0;0;Matches
469;Georginio Wijnaldum\Georginio-Wijnaldum;nl NED;MF;Liverpool;28;1990;24.9;0;1.0;-1.0;10;1098;1210;90.7;22;42;52.4;916;982;93.3;160;186;86.0;131;1002;11;4;0;11;102;17;0;Matches
470;Jetro Willems\Jetro-Willems;nl NED;DF;Newcastle Utd;25;1994;16.6;2;1.3;+0.7;16;408;582;70.1;6;26;23.1;321;387;82.9;81;169;47.9;336;91;10;0;1;121;30;13;5;Matches
471;Brandon Williams\Brandon-Williams;eng ENG;DF;Manchester Utd;18;2000;7.6;0;0.3;-0.3;9;347;423;82.0;4;10;40.0;300;344;87.2;43;69;62.3;122;238;5;0;1;45;17;12;1;Matches
472;Willian\Willian;br BRA;FW;Chelsea;30;1988;20.6;4;4.0;0.0;43;882;1118;78.9;25;48;52.1;678;792;85.6;179;278;64.4;122;951;11;4;64;8;54;46;5;Matches
473;Joe Willock\Joe-Willock;eng ENG;MF;Arsenal;19;1999;6.4;0;0.5;-0.5;11;221;269;82.2;10;15;66.7;172;197;87.3;39;57;68.4;30;220;1;0;1;1;25;5;0;Matches
474;Jack Wilshere\Jack-Wilshere;eng ENG;MF;West Ham;27;1992;1.9;0;0.0;0.0;0;50;59;84.7;1;2;50.0;44;49;89.8;5;8;62.5;50;3;2;0;0;0;3;0;0;Matches
475;Callum Wilson\Callum-Wilson;eng ENG;FW;Bournemouth;27;1992;25.1;0;2.2;-2.2;21;270;410;65.9;18;53;34.0;224;312;71.8;28;45;62.2;42;306;0;5;0;1;24;10;1;Matches
476;Harry Wilson\Harry-Wilson;wal WAL;MFFW;Bournemouth;22;1997;16.1;0;1.8;-1.8;15;382;503;75.9;6;31;19.4;284;332;85.5;92;140;65.7;427;46;7;6;15;8;30;19;2;Matches
477;Harry Winks\Harry-Winks;eng ENG;MF;Tottenham;23;1996;17.7;0;0.9;-0.9;13;1089;1238;88.0;15;26;57.7;821;885;92.8;253;327;77.4;152;1043;25;4;6;4;121;14;1;Matches
478;Chris Wood\Chris-Wood;nz NZL;FW;Burnley;27;1991;22.0;1;0.8;+0.2;15;249;386;64.5;15;30;50.0;214;320;66.9;20;36;55.6;46;207;0;0;0;1;8;5;0;Matches
479;Granit Xhaka\Granit-Xhaka;ch SUI;MF;Arsenal;26;1992;20.2;1;0.9;+0.1;12;1222;1383;88.4;7;20;35.0;875;952;91.9;340;411;82.7;1084;211;45;3;0;11;143;19;2;Matches
480;Andriy Yarmolenko\Andriy-Yarmolenko;ua UKR;MF;West Ham;29;1989;9.2;1;2.5;-1.5;13;260;324;80.2;10;18;55.6;202;232;87.1;48;74;64.9;238;70;3;1;1;2;11;6;1;Matches
481;DeAndre Yedlin\DeAndre-Yedlin;us USA;DF;Newcastle Utd;26;1993;8.6;0;0.2;-0.2;5;195;272;71.7;6;16;37.5;154;187;82.4;35;69;50.7;13;202;1;0;0;34;10;3;1;Matches
482;Maya Yoshida\Maya-Yoshida;jp JPN;DF;Southampton;30;1988;6.2;0;0.0;0.0;0;207;247;83.8;3;4;75.0;151;167;90.4;53;76;69.7;49;174;5;0;0;3;10;1;0;Matches
483;Ashley Young\Ashley-Young;eng ENG;DF;Manchester Utd;34;1985;10.6;0;1.2;-1.2;17;565;735;76.9;3;20;15.0;441;495;89.1;121;220;55.0;86;502;28;1;35;119;58;11;1;Matches
484;Pablo Zabaleta\Pablo-Zabaleta;ar ARG;DF;West Ham;34;1985;6.5;0;0.4;-0.4;4;247;326;75.8;1;14;7.1;211;246;85.8;35;66;53.0;27;201;4;0;0;64;28;3;0;Matches
485;Wilfried Zaha\Wilfried-Zaha;ci CIV;MFFW;Crystal Palace;26;1992;27.3;3;2.4;+0.6;27;721;920;78.4;16;63;25.4;610;724;84.3;95;133;71.4;121;759;1;0;0;22;42;53;8;Matches
486;Christoph Zimmermann\Christoph-Zimmermann;de GER;DF;Norwich City;26;1993;14.4;1;0.0;+1.0;0;479;585;81.9;3;10;30.0;306;331;92.4;170;244;69.7;76;461;17;0;0;3;22;1;0;Matches
487;Oleksandr Zinchenko\Oleksandr-Zinchenko;ua UKR;DF;Manchester City;22;1996;9.2;0;0.7;-0.7;12;743;824;90.2;8;16;50.0;618;666;92.8;117;142;82.4;657;58;5;1;1;68;71;18;9;Matches
488;Kurt Zouma\Kurt-Zouma;fr FRA;DF;Chelsea;24;1994;19.0;0;0.2;-0.2;1;1218;1383;88.1;3;14;21.4;777;846;91.8;438;523;83.7;241;1051;22;0;0;4;73;2;0;Matches