id;name;Nation;Position;Squad;Age;Born;90s;CrdY;CrdR;2CrdY;Fls;Fld;Off;Crs;TklW;Int;PKwon;PKcon;OG;Succ;Att;Succ%;#Pl;Megs;Tkl;Cont;Tkl%;Past;Matches
1;Patrick van Aanholt\Patrick-van-Aanholt;nl NED;DF;Crystal Palace;28;1990;20.0;0;0;0;2;4;2;63;26;31;0;0;1;11;22;50.0;11;2;38;62;61.3;24;Matches
2;Max Aarons\Max-Aarons;eng ENG;DF;Norwich City;19;2000;26.0;6;0;0;21;38;1;49;24;19;1;0;0;36;74;48.6;41;1;44;63;69.8;19;Matches
3;Tammy Abraham\Tammy-Abraham;eng ENG;FW;Chelsea;21;1997;21.6;2;0;0;16;21;20;10;8;4;1;0;1;19;33;57.6;20;0;12;22;54.5;10;Matches
4;Che Adams\Che-Adams;eng ENG;FW;Southampton;23;1996;7.9;0;0;0;13;6;7;8;1;2;1;0;0;10;17;58.8;10;1;2;6;33.3;4;Matches
5;Adrián\Adrian;es ESP;GK;Liverpool;32;1987;8.7;1;0;0;0;1;0;0;0;0;0;0;0;0;0;;0;0;0;1;0.0;1;Matches
6;Sergio Agüero\Sergio-Aguero;ar ARG;FW;Manchester City;31;1988;14.9;1;0;0;7;7;5;8;5;3;1;0;0;25;43;58.1;26;1;7;11;63.6;4;Matches
7;Albian Ajeti\Albian-Ajeti;ch SUI;MFFW;West Ham;22;1997;1.4;0;0;0;6;0;2;0;0;1;0;0;0;0;0;;0;0;1;1;100.0;0;Matches
8;Nathan Aké\Nathan-Ake;nl NED;DF;Bournemouth;24;1995;21.4;1;0;0;8;12;1;4;7;29;0;0;0;4;4;100.0;4;0;17;30;56.7;13;Matches
9;Marc Albrighton\Marc-Albrighton;eng ENG;MF;Leicester City;29;1989;4.3;1;0;0;5;7;1;33;5;4;0;1;0;7;15;46.7;9;1;7;21;33.3;14;Matches
10;Toby Alderweireld\Toby-Alderweireld;be BEL;DF;Tottenham;30;1989;25.9;4;0;0;14;4;1;8;20;22;0;0;1;0;2;0.0;0;0;35;54;64.8;19;Matches
11;Trent Alexander-Arnold\Trent-Alexander-Arnold;eng ENG;DF;Liverpool;20;1998;27.3;4;0;0;20;8;1;294;19;35;0;0;0;21;45;46.7;24;4;45;90;50.0;45;Matches
12;Alisson\Alisson;br BRA;GK;Liverpool;26;1992;19.3;0;1;0;1;1;0;0;0;1;0;0;0;0;0;;0;0;0;2;0.0;2;Matches
13;Dele Alli\Dele-Alli;eng ENG;MFFW;Tottenham;23;1996;18.6;2;0;0;10;29;6;7;26;12;0;0;0;31;61;50.8;35;7;36;57;63.2;21;Matches
14;Miguel Almirón\Miguel-Almiron;py PAR;FWMF;Newcastle Utd;25;1994;25.4;5;0;0;22;48;20;30;25;26;0;0;0;39;80;48.8;47;4;45;71;63.4;26;Matches
15;Marcos Alonso\Marcos-Alonso;es ESP;DF;Chelsea;28;1990;8.5;3;0;0;9;8;2;29;11;14;1;0;0;4;7;57.1;4;0;18;32;56.3;14;Matches
16;Steven Alzate\Steven-Alzate;co COL;MFDF;Brighton;20;1998;13.1;1;0;0;17;18;3;9;23;13;0;0;0;33;50;66.0;35;4;28;40;70.0;12;Matches
17;Ibrahim Amadou\Ibrahim-Amadou;fr FRA;DFMF;Norwich City;26;1993;8.4;1;0;0;8;2;0;1;7;17;0;1;0;2;3;66.7;2;0;21;29;72.4;8;Matches
18;Felipe Anderson\Felipe-Anderson;br BRA;MFFW;West Ham;26;1993;15.7;1;0;0;16;22;2;35;30;21;0;0;0;65;96;67.7;69;5;44;78;56.4;34;Matches
19;Florin Andone\Florin-Andone;ro ROU;MFFW;Brighton;26;1993;0.8;0;1;0;2;3;0;0;2;0;0;0;0;2;4;50.0;2;0;2;2;100.0;0;Matches
20;Angeliño\Angelino;es ESP;DF;Manchester City;22;1997;4.7;1;0;0;2;2;0;42;5;9;0;0;0;5;8;62.5;5;2;8;9;88.9;1;Matches
21;Michail Antonio\Michail-Antonio;eng ENG;FWMF;West Ham;29;1990;10.4;0;0;0;21;14;8;30;8;8;0;0;0;47;64;73.4;47;0;12;18;66.7;6;Matches
22;Stuart Armstrong\Stuart-Armstrong;sco SCO;MF;Southampton;27;1992;12.7;3;0;0;18;15;2;19;17;5;0;0;0;19;36;52.8;20;1;36;59;61.0;23;Matches
23;Kepa Arrizabalaga\Kepa-Arrizabalaga;es ESP;GK;Chelsea;24;1994;24.0;0;0;0;0;4;0;0;0;1;0;0;0;0;0;;0;0;0;1;0.0;1;Matches
24;Christian Atsu\Christian-Atsu;gh GHA;FWMF;Newcastle Utd;27;1992;8.1;2;0;0;11;10;4;16;9;2;0;0;0;19;40;47.5;21;1;12;23;52.2;11;Matches
25;Pierre-Emerick Aubameyang\Pierre-Emerick-Aubameyang;ga GAB;FW;Arsenal;30;1989;24.6;3;1;0;11;13;15;67;18;8;0;0;0;17;35;48.6;21;0;29;54;53.7;25;Matches
26;Serge Aurier\Serge-Aurier;ci CIV;DF;Tottenham;26;1992;21.1;3;1;1;29;10;4;96;43;31;0;2;1;43;64;67.2;43;7;76;100;76.0;24;Matches
27;Jordan Ayew\Jordan-Ayew;gh GHA;FWMF;Crystal Palace;27;1991;25.6;4;0;0;41;71;8;18;18;10;0;0;0;55;90;61.1;57;1;31;51;60.8;20;Matches
28;César Azpilicueta\Cesar-Azpilicueta;es ESP;DF;Chelsea;29;1989;25.9;0;0;0;31;8;3;80;47;48;0;0;0;12;18;66.7;14;0;74;99;74.7;25;Matches
29;Eric Bailly\Eric-Bailly;ci CIV;DF;Manchester Utd;25;1994;1.0;0;0;0;1;0;0;0;0;1;0;0;0;1;1;100.0;1;0;0;1;0.0;1;Matches
30;Leighton Baines\Leighton-Baines;eng ENG;DF;Everton;34;1984;3.7;0;0;0;1;3;0;26;6;5;0;0;0;1;2;50.0;2;0;10;15;66.7;5;Matches
31;Fabián Balbuena\Fabian-Balbuena;py PAR;DF;West Ham;27;1991;12.0;2;0;0;6;1;0;1;11;24;0;0;0;0;0;;0;0;18;37;48.6;19;Matches
32;George Baldock\George-Baldock;eng ENG;DF;Sheffield Utd;26;1993;27.0;6;0;0;33;32;8;91;36;29;1;0;0;29;48;60.4;31;0;56;72;77.8;16;Matches
33;Phil Bardsley\Phil-Bardsley;sco SCO;DF;Burnley;34;1985;13.0;4;0;0;23;10;0;20;22;14;0;0;0;4;6;66.7;4;0;38;45;84.4;7;Matches
34;Ross Barkley\Ross-Barkley;eng ENG;MF;Chelsea;25;1993;6.5;0;0;0;5;5;0;7;5;6;0;0;0;12;17;70.6;12;0;9;18;50.0;9;Matches
35;Ashley Barnes\Ashley-Barnes;at AUT;FW;Burnley;29;1989;15.1;4;0;0;35;40;13;5;4;6;1;0;0;11;17;64.7;13;0;6;17;35.3;11;Matches
36;Harvey Barnes\Harvey-Barnes;eng ENG;MF;Leicester City;21;1997;18.1;0;0;0;17;21;4;31;8;4;1;0;0;29;64;45.3;34;3;17;35;48.6;18;Matches
37;Chris Basham\Chris-Basham;eng ENG;DF;Sheffield Utd;31;1988;26.1;4;0;0;22;25;5;29;35;56;0;1;0;18;21;85.7;18;0;59;94;62.8;35;Matches
38;Borja Bastón\Borja-Baston;es ESP;MFFW;Aston Villa;26;1992;0.2;0;0;0;0;0;0;0;0;0;0;0;0;0;0;;0;0;0;2;0.0;2;Matches
39;Michy Batshuayi\Michy-Batshuayi;be BEL;FW;Chelsea;25;1993;2.5;0;0;0;4;4;7;0;1;0;0;0;0;4;8;50.0;6;0;2;4;50.0;2;Matches
40;Jan Bednarek\Jan-Bednarek;pl POL;DF;Southampton;23;1996;26.0;3;0;0;26;10;0;1;31;56;0;1;0;2;2;100.0;2;0;55;89;61.8;34;Matches
41;Héctor Bellerín\Hector-Bellerin;es ESP;DF;Arsenal;24;1995;6.9;2;0;0;8;2;0;20;10;8;0;0;0;6;15;40.0;9;2;14;30;46.7;16;Matches
42;Ryan Bennett\Ryan-Bennett;eng ENG;DF;Wolves;29;1990;6.7;2;0;0;4;1;0;4;3;9;0;0;0;0;0;;0;0;4;9;44.4;5;Matches
43;Nabil Bentaleb\Nabil-Bentaleb;dz ALG;MF;Newcastle Utd;24;1994;3.0;2;0;0;7;2;0;0;6;10;0;0;0;1;2;50.0;1;0;8;12;66.7;4;Matches
44;Christian Benteke\Christian-Benteke;be BEL;FW;Crystal Palace;28;1990;9.2;3;0;0;16;9;7;4;5;4;0;0;0;11;19;57.9;12;0;7;12;58.3;5;Matches
45;Jóhann Berg Guðmundsson\Johann-Berg-Gudmundsson;is ISL;MF;Burnley;28;1990;4.5;0;0;0;3;2;0;25;3;5;0;0;0;4;6;66.7;4;1;4;8;50.0;4;Matches
46;Sander Berge\Sander-Berge;no NOR;MF;Sheffield Utd;21;1998;2.3;0;0;0;3;0;0;5;4;3;0;0;0;3;4;75.0;3;0;7;9;77.8;2;Matches
47;Steven Bergwijn\Steven-Bergwijn;nl NED;FW;Tottenham;21;1997;3.6;0;0;0;3;4;0;2;2;2;1;0;0;4;13;30.8;5;0;3;6;50.0;3;Matches
48;Bernard\Bernard;br BRA;MFFW;Everton;26;1992;10.9;2;0;0;15;8;0;32;11;10;0;0;0;29;49;59.2;33;1;21;47;44.7;26;Matches
49;Bernardo\Bernardo;br BRA;DF;Brighton;24;1995;6.0;1;0;0;3;1;1;14;14;4;0;0;0;9;11;81.8;10;0;26;32;81.3;6;Matches
50;Ryan Bertrand\Ryan-Bertrand;eng ENG;DF;Southampton;29;1989;21.5;3;1;0;19;24;1;88;23;24;0;0;0;6;20;30.0;7;1;36;63;57.1;27;Matches
51;Muhamed Bešić\Muhamed-Besic;ba BIH;MF;Sheffield Utd;26;1992;2.7;2;0;0;6;2;0;1;6;2;0;0;0;9;10;90.0;9;0;9;13;69.2;4;Matches
52;Philip Billing\Philip-Billing;dk DEN;MF;Bournemouth;23;1996;23.1;7;0;0;33;17;1;12;41;62;0;0;0;19;34;55.9;21;0;67;109;61.5;42;Matches
53;Yves Bissouma\Yves-Bissouma;ml MLI;MF;Brighton;22;1996;6.4;2;0;0;14;7;0;5;12;6;0;0;0;12;25;48.0;15;1;21;27;77.8;6;Matches
54;Willy Boly\Willy-Boly;fr FRA;DF;Wolves;28;1991;12.0;3;1;1;14;4;1;2;22;25;0;0;0;6;7;85.7;6;0;35;52;67.3;17;Matches
55;Gaëtan Bong\Gaetan-Bong;cm CMR;MFDF;Brighton;31;1988;0.6;0;0;0;0;1;0;5;0;0;0;0;0;0;1;0.0;0;0;0;0;;0;Matches
56;Sofiane Boufal\Sofiane-Boufal;ma MAR;MFFW;Southampton;25;1993;7.5;2;0;0;23;19;2;24;9;2;0;0;0;48;89;53.9;54;3;17;25;68.0;8;Matches
57;Jarrod Bowen\Jarrod-Bowen;eng ENG;FW;West Ham;22;1996;1.0;0;0;0;1;2;0;2;3;1;0;0;0;3;7;42.9;3;1;4;6;66.7;2;Matches
58;Robbie Brady\Robbie-Brady;ie IRL;MF;Burnley;27;1992;4.4;1;0;0;7;4;0;10;4;3;0;0;0;4;10;40.0;5;0;8;14;57.1;6;Matches
59;Claudio Bravo\Claudio-Bravo;cl CHI;GK;Manchester City;36;1983;3.8;0;0;0;0;0;0;0;0;0;0;0;0;1;1;100.0;1;0;0;0;;0;Matches
60;Josh Brownhill\Josh-Brownhill;eng ENG;MF;Burnley;23;1995;0.0;0;0;0;0;0;0;0;0;0;0;0;0;0;0;;0;0;0;0;;0;Matches
61;Emi Buendía\Emi-Buendia;ar ARG;FWMF;Norwich City;22;1996;21.4;4;0;0;24;44;2;133;49;19;0;0;0;91;121;75.2;95;2;69;133;51.9;64;Matches
62;Dan Burn\Dan-Burn;eng ENG;DF;Brighton;27;1992;22.9;3;0;0;23;12;3;38;33;30;0;0;0;22;38;57.9;23;1;53;79;67.1;26;Matches
63;Sam Byram\Sam-Byram;eng ENG;DF;Norwich City;25;1993;14.4;4;0;0;16;8;1;7;23;24;0;0;0;5;14;35.7;7;2;46;71;64.8;25;Matches
64;Willy Caballero\Willy-Caballero;ar ARG;GK;Chelsea;37;1981;4.0;0;0;0;0;0;0;0;0;0;0;0;0;0;0;;0;0;0;0;;0;Matches
65;Gary Cahill\Gary-Cahill;eng ENG;DF;Crystal Palace;33;1985;19.0;1;0;0;12;10;0;0;9;12;0;0;0;8;10;80.0;8;0;14;20;70.0;6;Matches
66;Dominic Calvert-Lewin\Dominic-Calvert-Lewin;eng ENG;FW;Everton;22;1997;20.4;7;0;0;38;34;7;15;10;4;0;0;0;10;23;43.5;13;1;13;24;54.2;11;Matches
67;Víctor Camarasa\Victor-Camarasa;es ESP;MF;Crystal Palace;25;1994;0.1;0;0;0;0;0;0;0;0;0;0;0;0;0;0;;0;0;0;0;;0;Matches
68;João Cancelo\Joao-Cancelo;pt POR;DF;Manchester City;25;1994;7.7;1;0;0;10;5;0;22;16;14;0;0;0;20;32;62.5;21;2;26;39;66.7;13;Matches
69;Todd Cantwell\Todd-Cantwell;eng ENG;FW;Norwich City;21;1998;22.6;4;0;0;23;55;2;20;27;13;0;1;0;47;79;59.5;50;1;40;84;47.6;44;Matches
70;Étienne Capoue\Etienne-Capoue;fr FRA;MF;Watford;31;1988;22.8;6;0;0;44;31;0;12;45;56;0;0;0;26;37;70.3;27;1;67;116;57.8;49;Matches
71;Andy Carroll\Andy-Carroll;eng ENG;FW;Newcastle Utd;30;1989;5.6;1;0;0;11;14;4;5;1;1;0;0;0;5;7;71.4;5;1;7;12;58.3;5;Matches
72;Jonny Castro\Jonny-Castro;es ESP;DF;Wolves;25;1994;24.4;4;0;0;28;20;2;43;46;45;0;0;0;22;59;37.3;31;2;79;126;62.7;47;Matches
73;Craig Cathcart\Craig-Cathcart;nir NIR;DF;Watford;30;1989;25.2;6;0;0;11;2;0;1;25;18;0;0;0;4;6;66.7;4;0;34;49;69.4;15;Matches
74;Dani Ceballos\Dani-Ceballos;es ESP;MF;Arsenal;22;1996;9.1;0;0;0;11;21;0;36;14;6;0;0;0;14;21;66.7;15;1;22;47;46.8;25;Matches
75;Nathaniel Chalobah\Nathaniel-Chalobah;eng ENG;MF;Watford;24;1994;8.6;1;0;0;4;7;0;16;14;12;0;0;0;6;12;50.0;6;2;23;40;57.5;17;Matches
76;Calum Chambers\Calum-Chambers;eng ENG;DF;Arsenal;24;1995;12.3;5;0;0;18;4;0;34;18;15;0;1;0;13;18;72.2;13;1;25;28;89.3;3;Matches
77;Ben Chilwell\Ben-Chilwell;eng ENG;DF;Leicester City;22;1996;22.9;2;0;0;26;28;0;86;22;25;0;0;0;19;38;50.0;21;0;43;74;58.1;31;Matches
78;Tahith Chong\Tahith-Chong;nl NED;FWMF;Manchester Utd;19;1999;0.4;0;0;0;2;1;0;0;0;0;0;0;0;1;3;33.3;1;0;0;0;;0;Matches
79;Hamza Choudhury\Hamza-Choudhury;eng ENG;MF;Leicester City;21;1997;8.7;4;1;1;11;7;0;3;13;26;0;0;0;7;12;58.3;7;0;19;40;47.5;21;Matches
80;Andreas Christensen\Andreas-Christensen;dk DEN;DF;Chelsea;23;1996;14.0;5;0;0;12;9;0;0;19;21;0;0;0;0;0;;0;0;36;44;81.8;8;Matches
81;Ciaran Clark\Ciaran-Clark;ie IRL;DF;Newcastle Utd;29;1989;13.2;3;0;0;9;7;0;0;12;13;0;0;0;5;7;71.4;5;1;22;26;84.6;4;Matches
82;Leon Clarke\Leon-Clarke;eng ENG;MF;Sheffield Utd;34;1985;0.1;0;0;0;0;0;0;0;0;0;0;0;0;0;0;;0;0;0;0;;0;Matches
83;Tom Cleverley\Tom-Cleverley;eng ENG;MF;Watford;29;1989;7.3;0;0;0;8;3;0;16;9;6;0;0;0;2;3;66.7;2;0;15;34;44.1;19;Matches
84;Conor Coady\Conor-Coady;eng ENG;DF;Wolves;26;1993;28.0;3;0;0;10;5;0;0;19;17;0;1;0;5;5;100.0;5;0;37;55;67.3;18;Matches
85;Séamus Coleman\Seamus-Coleman;ie IRL;DF;Everton;30;1988;13.2;5;1;1;12;12;1;36;18;18;0;0;0;35;54;64.8;39;5;31;38;81.6;7;Matches
86;Aaron Connolly\Aaron-Connolly;ie IRL;FW;Brighton;19;2000;9.3;0;0;0;11;29;10;8;4;0;1;0;0;3;11;27.3;3;0;6;13;46.2;7;Matches
87;Lewis Cook\Lewis-Cook;eng ENG;MF;Bournemouth;22;1997;10.2;3;0;0;11;9;0;9;10;17;0;0;0;25;31;80.6;26;5;14;36;38.9;22;Matches
88;Steve Cook\Steve-Cook;eng ENG;DF;Bournemouth;28;1991;20.3;4;1;0;12;12;1;2;8;35;0;2;0;4;4;100.0;4;0;15;27;55.6;12;Matches
89;Jack Cork\Jack-Cork;eng ENG;MF;Burnley;30;1989;25.3;0;0;0;28;21;1;6;23;23;0;0;0;20;28;71.4;20;1;32;78;41.0;46;Matches
90;Aaron Cresswell\Aaron-Cresswell;eng ENG;DF;West Ham;29;1989;21.5;7;0;0;15;13;1;90;22;24;0;0;0;14;33;42.4;17;2;38;68;55.9;30;Matches
91;Patrick Cutrone\Patrick-Cutrone;it ITA;FW;Wolves;21;1998;3.2;0;0;0;5;9;4;6;4;2;0;0;0;5;9;55.6;6;0;6;10;60.0;4;Matches
92;Diogo Dalot\Diogo-Dalot;pt POR;DF;Manchester Utd;20;1999;0.7;0;0;0;1;0;0;3;2;2;0;0;0;0;0;;0;0;3;5;60.0;2;Matches
93;Charlie Daniels\Charlie-Daniels;eng ENG;DF;Bournemouth;32;1986;1.4;0;0;0;0;0;0;5;0;1;0;0;0;0;0;;0;0;1;2;50.0;1;Matches
94;Scott Dann\Scott-Dann;eng ENG;DF;Crystal Palace;32;1987;6.1;0;0;0;2;0;0;0;1;6;0;0;0;2;3;66.7;2;0;7;8;87.5;1;Matches
95;Kevin Danso\Kevin-Danso;at AUT;DF;Southampton;20;1998;3.1;2;1;1;4;2;0;4;4;3;0;0;0;3;6;50.0;3;0;8;11;72.7;3;Matches
96;Ben Davies\Ben-Davies;wal WAL;DF;Tottenham;26;1993;7.0;2;0;0;11;6;1;15;6;10;0;0;0;4;8;50.0;4;0;13;20;65.0;7;Matches
97;Tom Davies\Tom-Davies;eng ENG;MF;Everton;21;1998;14.6;7;0;0;22;27;1;6;12;26;0;0;0;14;22;63.6;15;0;25;46;54.3;21;Matches
98;Keinan Davis\Keinan-Davis;eng ENG;FW;Aston Villa;21;1998;1.2;0;0;0;1;1;0;0;1;0;0;0;0;6;8;75.0;6;1;1;3;33.3;2;Matches
99;Craig Dawson\Craig-Dawson;eng ENG;DF;Watford;29;1990;17.2;4;0;0;18;6;0;4;11;22;0;0;0;1;1;100.0;1;0;19;32;59.4;13;Matches
100;Kevin De Bruyne\Kevin-De-Bruyne;be BEL;MF;Manchester City;28;1991;24.0;2;0;0;23;19;1;244;19;13;0;0;0;49;76;64.5;50;0;32;75;42.7;43;Matches
101;Troy Deeney\Troy-Deeney;eng ENG;FW;Watford;31;1988;15.9;3;0;0;22;22;9;5;12;10;1;0;0;4;12;33.3;4;0;17;31;54.8;14;Matches
102;Fabian Delph\Fabian-Delph;eng ENG;MF;Everton;29;1989;13.2;5;1;1;18;7;0;8;11;16;0;0;0;20;24;83.3;20;0;29;50;58.0;21;Matches
103;Leander Dendoncker\Leander-Dendoncker;be BEL;DFMF;Wolves;24;1995;24.3;4;0;0;22;6;0;7;33;34;0;1;1;17;21;81.0;17;1;56;87;64.4;31;Matches
104;Gerard Deulofeu\Gerard-Deulofeu;es ESP;FW;Watford;25;1994;23.4;3;0;0;27;22;18;91;21;24;1;0;0;63;108;58.3;69;2;29;82;35.4;53;Matches
105;Eric Dier\Eric-Dier;eng ENG;MFDF;Tottenham;25;1994;8.9;4;0;0;10;1;1;3;12;9;0;0;0;1;2;50.0;1;0;22;34;64.7;12;Matches
106;Lucas Digne\Lucas-Digne;fr FRA;DF;Everton;26;1993;23.9;2;0;0;25;17;3;211;24;34;0;0;1;14;24;58.3;15;2;62;88;70.5;26;Matches
107;Virgil van Dijk\Virgil-van-Dijk;nl NED;DF;Liverpool;28;1991;28.0;1;0;0;10;20;1;0;19;26;0;0;0;2;4;50.0;3;0;28;35;80.0;7;Matches
108;Issa Diop\Issa-Diop;fr FRA;DF;West Ham;22;1997;20.7;8;0;0;23;9;1;1;13;34;0;2;0;4;4;100.0;4;0;27;41;65.9;14;Matches
109;Moussa Djenepo\Moussa-Djenepo;ml MLI;MFDF;Southampton;21;1998;10.0;4;0;0;22;29;3;21;17;9;0;0;0;46;68;67.6;47;1;28;43;65.1;15;Matches
110;Matt Doherty\Matt-Doherty;ie IRL;DF;Wolves;27;1992;22.9;1;0;0;16;13;2;32;21;29;1;0;0;20;40;50.0;21;4;45;65;69.2;20;Matches
111;Abdoulaye Doucouré\Abdoulaye-Doucoure;fr FRA;MF;Watford;26;1993;26.2;7;0;0;39;9;4;17;42;24;0;1;1;37;58;63.8;39;2;61;100;61.0;39;Matches
112;Danny Drinkwater\Danny-Drinkwater;eng ENG;MF;Burnley;29;1990;0.7;0;0;0;1;0;0;0;2;1;0;0;0;0;1;0.0;0;0;2;3;66.7;1;Matches
113;Danny Drinkwater\Danny-Drinkwater;eng ENG;MF;Aston Villa;29;1990;2.9;1;0;0;7;1;0;1;5;5;0;0;0;2;3;66.7;2;0;9;21;42.9;12;Matches
114;Josip Drmić\Josip-Drmic;ch SUI;FWMF;Norwich City;26;1992;1.9;0;0;0;2;3;1;1;2;0;0;0;0;2;3;66.7;2;1;3;9;33.3;6;Matches
115;Martin Dúbravka\Martin-Dubravka;sk SVK;GK;Newcastle Utd;30;1989;28.0;0;0;0;0;1;0;0;0;1;0;0;0;0;0;;0;0;0;1;0.0;1;Matches
116;Ondrej Duda\Ondrej-Duda;sk SVK;MF;Norwich City;24;1994;5.5;0;0;0;6;8;1;32;10;5;0;0;0;3;9;33.3;3;2;13;21;61.9;8;Matches
117;Shane Duffy\Shane-Duffy;ie IRL;DF;Brighton;27;1992;11.9;1;0;0;13;9;0;1;8;20;0;0;0;2;5;40.0;3;0;14;28;50.0;14;Matches
118;Paul Dummett\Paul-Dummett;wal WAL;DF;Newcastle Utd;27;1991;13.7;2;0;0;4;6;0;15;6;19;0;0;1;1;3;33.3;1;0;28;36;77.8;8;Matches
119;Lewis Dunk\Lewis-Dunk;eng ENG;DF;Brighton;27;1991;26.0;8;0;0;15;15;0;1;23;43;0;0;0;3;7;42.9;3;0;32;52;61.5;20;Matches
120;Ederson\Ederson;br BRA;GK;Manchester City;25;1993;23.1;3;1;0;2;2;0;0;1;2;0;0;0;0;0;;0;0;1;2;50.0;1;Matches
121;John Egan\John-Egan;ie IRL;DF;Sheffield Utd;26;1992;25.9;2;0;0;27;13;1;2;23;40;0;1;0;3;3;100.0;3;1;37;53;69.8;16;Matches
122;Harvey Elliot\Harvey-Elliot;eng ENG;FW;Liverpool;;;0.0;0;0;0;0;0;0;0;0;0;0;0;0;0;0;;0;0;0;0;;0;Matches
123;Ahmed Elmohamady\Ahmed-Elmohamady;eg EGY;DF;Aston Villa;31;1987;7.8;0;0;0;6;3;1;41;12;9;0;0;0;4;5;80.0;5;0;18;25;72.0;7;Matches
124;Björn Engels\Bjorn-Engels;be BEL;DF;Aston Villa;24;1994;15.1;1;0;0;5;5;1;2;4;27;0;2;0;2;2;100.0;2;0;9;14;64.3;5;Matches
125;Christian Eriksen\Christian-Eriksen;dk DEN;MFFW;Tottenham;27;1992;12.1;5;0;0;9;6;2;72;12;11;0;0;0;3;12;25.0;3;0;19;37;51.4;18;Matches
126;Jonny Evans\Jonny-Evans;nir NIR;DF;Leicester City;31;1988;27.6;4;0;0;13;17;1;3;23;40;1;0;0;6;7;85.7;6;0;33;45;73.3;12;Matches
127;Łukasz Fabiański\Lukasz-Fabianski;pl POL;GK;West Ham;34;1985;13.5;1;0;0;1;1;0;0;0;1;0;1;0;1;1;100.0;1;0;0;3;0.0;3;Matches
128;Fabinho\Fabinho;br BRA;MF;Liverpool;25;1993;15.0;5;0;0;22;14;0;8;35;24;0;0;0;5;7;71.4;6;1;53;84;63.1;31;Matches
129;Ralf Fährmann\Ralf-Fahrmann;de GER;GK;Norwich City;30;1988;0.2;0;0;0;0;0;0;0;0;0;0;0;0;0;0;;0;0;0;0;;0;Matches
130;Kiko Femenía\Kiko-Femenia;es ESP;DF;Watford;28;1991;16.0;4;0;0;17;7;1;40;19;26;0;0;0;12;18;66.7;12;0;39;69;56.5;30;Matches
131;Bruno Fernandes\Bruno-Fernandes;pt POR;MF;Manchester Utd;24;1994;4.0;1;0;0;5;6;0;23;5;1;1;0;0;6;7;85.7;6;1;8;19;42.1;11;Matches
132;Gedson Fernandes\Gedson-Fernandes;pt POR;MFDF;Tottenham;20;1999;0.4;0;0;0;0;0;0;3;1;0;0;0;0;2;4;50.0;3;0;1;1;100.0;0;Matches
133;Federico Fernández\Federico-Fernandez;ar ARG;DF;Newcastle Utd;30;1989;19.1;4;0;0;12;9;2;24;26;13;0;0;0;11;14;78.6;11;0;44;66;66.7;22;Matches
134;Fernandinho\Fernandinho;br BRA;DF;Manchester City;34;1985;21.2;7;1;1;20;12;1;3;19;21;0;0;1;6;7;85.7;6;0;36;56;64.3;20;Matches
135;Roberto Firmino\Roberto-Firmino;br BRA;FWMF;Liverpool;27;1991;25.9;0;0;0;24;13;5;7;21;4;0;0;0;54;80;67.5;57;2;29;47;61.7;18;Matches
136;John Fleck\John-Fleck;sco SCO;MF;Sheffield Utd;27;1991;23.3;7;0;0;19;15;1;125;20;19;0;0;0;30;44;68.2;35;2;31;78;39.7;47;Matches
137;Phil Foden\Phil-Foden;eng ENG;MFFW;Manchester City;19;2000;2.9;0;0;0;6;7;0;3;5;2;0;0;0;8;11;72.7;8;0;11;16;68.8;5;Matches
138;Pablo Fornals\Pablo-Fornals;es ESP;MF;West Ham;23;1996;15.3;1;0;0;12;10;7;47;19;13;0;0;0;12;27;44.4;14;3;30;62;48.4;32;Matches
139;Ben Foster\Ben-Foster;eng ENG;GK;Watford;36;1983;28.0;1;0;0;2;3;0;0;0;0;0;2;0;3;3;100.0;3;0;0;3;0.0;3;Matches
140;Dimitri Foulquier\Dimitri-Foulquier;fr FRA;MFDF;Watford;26;1993;0.6;0;0;0;0;0;0;1;1;2;0;0;0;2;2;100.0;2;0;1;2;50.0;1;Matches
141;Juan Foyth\Juan-Foyth;ar ARG;DF;Tottenham;21;1998;0.7;1;0;0;2;1;0;0;4;2;0;0;0;1;3;33.3;1;0;7;8;87.5;1;Matches
142;Simon Francis\Simon-Francis;eng ENG;DF;Bournemouth;34;1985;10.7;5;1;1;7;1;0;16;12;20;0;0;0;4;7;57.1;4;0;17;31;54.8;14;Matches
143;Ryan Fraser\Ryan-Fraser;sco SCO;MFFW;Bournemouth;25;1994;21.9;2;0;0;10;36;0;165;7;15;0;0;0;10;23;43.5;12;0;8;21;38.1;13;Matches
144;Fred\Fred;br BRA;MF;Manchester Utd;26;1993;21.5;6;0;0;37;35;1;61;46;34;0;0;0;37;48;77.1;40;4;70;137;51.1;67;Matches
145;Ryan Fredericks\Ryan-Fredericks;eng ENG;DF;West Ham;26;1992;18.8;5;0;0;21;15;0;46;35;18;0;0;0;10;20;50.0;10;0;67;95;70.5;28;Matches
146;Luke Freeman\Luke-Freeman;eng ENG;MF;Sheffield Utd;27;1992;3.6;2;0;0;6;5;0;15;4;8;0;0;0;6;7;85.7;6;0;5;12;41.7;7;Matches
147;Christian Fuchs\Christian-Fuchs;at AUT;DF;Leicester City;33;1986;7.0;0;0;0;3;0;1;11;9;13;0;0;0;3;6;50.0;3;1;13;24;54.2;11;Matches
148;Eric García\Eric-Garcia;es ESP;DF;Manchester City;18;2001;3.0;0;0;0;2;1;0;0;2;5;0;0;0;2;2;100.0;2;0;6;6;100.0;0;Matches
149;James Garner\James-Garner;eng ENG;MF;Manchester Utd;18;2001;0.1;0;0;0;0;1;0;0;0;0;0;0;0;0;0;;0;0;0;1;0.0;1;Matches
150;Dwight Gayle\Dwight-Gayle;eng ENG;FW;Newcastle Utd;28;1990;3.2;1;0;0;2;4;1;3;4;1;0;0;0;1;2;50.0;1;0;5;5;100.0;0;Matches
151;Paulo Gazzaniga\Paulo-Gazzaniga;ar ARG;GK;Tottenham;27;1992;17.9;1;0;0;1;2;0;0;0;0;0;1;0;0;0;;0;0;0;0;;0;Matches
152;Jean-Philippe Gbamin\Jean-Philippe-Gbamin;ci CIV;MF;Everton;23;1995;1.5;0;0;0;2;2;0;0;4;1;0;0;0;1;1;100.0;1;0;5;8;62.5;3;Matches
153;David de Gea\David-de-Gea;es ESP;GK;Manchester Utd;28;1990;28.0;2;0;0;0;6;0;0;0;0;0;0;0;0;0;;0;0;0;0;;0;Matches
154;Anwar El Ghazi\Anwar-El-Ghazi;nl NED;FWMF;Aston Villa;24;1995;18.4;3;0;0;16;14;11;86;9;9;0;0;0;27;40;67.5;29;2;14;26;53.8;12;Matches
155;Morgan Gibbs-White\Morgan-Gibbs-White;eng ENG;MFFW;Wolves;19;2000;1.4;0;0;0;2;1;0;3;0;1;0;0;0;1;3;33.3;1;0;0;0;;0;Matches
156;Billy Gilmour\Billy-Gilmour;sco SCO;MFFW;Chelsea;18;2001;0.1;0;0;0;1;1;0;0;0;0;0;0;0;1;2;50.0;1;0;0;0;;0;Matches
157;Olivier Giroud\Olivier-Giroud;fr FRA;FW;Chelsea;32;1986;4.0;0;0;0;6;2;5;2;1;1;0;0;0;0;1;0.0;0;0;1;4;25.0;3;Matches
158;Ben Godfrey\Ben-Godfrey;eng ENG;DF;Norwich City;21;1998;19.4;2;1;0;8;3;0;3;15;17;0;1;0;3;9;33.3;3;0;23;34;67.6;11;Matches
159;André Gomes\Andre-Gomes;pt POR;MF;Everton;26;1993;7.8;4;0;0;20;11;0;5;12;3;0;0;0;15;21;71.4;15;0;16;40;40.0;24;Matches
160;Angel Gomes\Angel-Gomes;eng ENG;MF;Manchester Utd;18;2000;0.2;0;0;0;1;0;0;0;0;0;0;0;0;0;0;;0;0;0;0;;0;Matches
161;Joe Gomez\Joe-Gomez;eng ENG;DF;Liverpool;22;1997;13.2;3;0;0;13;7;0;6;11;18;0;0;0;6;8;75.0;7;0;19;25;76.0;6;Matches
162;Anthony Gordon\Anthony-Gordon;eng ENG;MF;Everton;18;2001;0.5;0;0;0;3;1;0;0;0;0;0;0;0;1;2;50.0;1;0;1;1;100.0;0;Matches
163;Dan Gosling\Dan-Gosling;eng ENG;MF;Bournemouth;29;1990;9.7;1;0;0;15;10;2;1;14;12;0;0;0;4;10;40.0;4;0;20;35;57.1;15;Matches
164;Andre Gray\Andre-Gray;eng ENG;FW;Watford;28;1991;7.9;1;0;0;8;1;5;3;5;1;0;0;0;6;13;46.2;7;1;5;5;100.0;0;Matches
165;Demarai Gray\Demarai-Gray;eng ENG;MFFW;Leicester City;23;1996;4.6;1;0;0;1;8;2;13;4;4;1;0;0;7;18;38.9;7;0;7;14;50.0;7;Matches
166;Jack Grealish\Jack-Grealish;eng ENG;FWMF;Aston Villa;23;1995;24.9;7;0;0;21;122;3;97;22;15;0;0;0;58;94;61.7;60;3;28;46;60.9;18;Matches
167;Mason Greenwood\Mason-Greenwood;eng ENG;FWMF;Manchester Utd;17;2001;7.2;0;0;0;5;4;2;9;9;3;0;0;0;10;14;71.4;10;1;12;19;63.2;7;Matches
168;Arnaut Groeneveld\Arnaut-Groeneveld;nl NED;MF;Bournemouth;22;1997;4.5;0;0;0;0;4;2;6;1;7;0;0;0;16;25;64.0;18;0;2;7;28.6;5;Matches
169;Pascal Groß\Pascal-Gross;de GER;MFFW;Brighton;28;1991;16.6;2;0;0;20;11;5;117;16;5;0;0;1;10;15;66.7;10;1;26;45;57.8;19;Matches
170;Vicente Guaita\Vicente-Guaita;es ESP;GK;Crystal Palace;32;1987;26.0;1;0;0;0;3;0;0;0;0;0;0;1;0;0;;0;0;0;1;0.0;1;Matches
171;Mattéo Guendouzi\Matteo-Guendouzi;fr FRA;MF;Arsenal;20;1999;17.7;6;0;0;15;45;0;6;12;27;1;0;0;28;41;68.3;28;2;23;48;47.9;25;Matches
172;Frederic Guilbert\Frederic-Guilbert;fr FRA;DF;Aston Villa;24;1994;20.1;7;0;0;34;18;2;86;36;42;0;0;0;22;37;59.5;26;2;72;110;65.5;38;Matches
173;İlkay Gündoğan\Ilkay-Gundogan;de GER;MF;Manchester City;28;1990;16.7;7;0;0;12;8;1;22;14;26;0;1;0;12;16;75.0;13;0;19;52;36.5;33;Matches
174;Angus Gunn\Angus-Gunn;eng ENG;GK;Southampton;23;1996;10.0;0;0;0;0;2;0;0;0;0;0;0;0;0;0;;0;0;0;1;0.0;1;Matches
175;Sébastien Haller\Sebastien-Haller;fr FRA;FW;West Ham;25;1994;22.9;1;0;0;40;36;16;8;14;8;1;0;0;24;36;66.7;25;1;16;40;40.0;24;Matches
176;Grant Hanley\Grant-Hanley;sco SCO;DF;Norwich City;27;1991;13.0;4;0;0;11;18;0;0;15;27;0;0;1;2;2;100.0;2;0;24;32;75.0;8;Matches
177;Kortney Hause\Kortney-Hause;eng ENG;DF;Aston Villa;24;1995;11.0;2;0;0;14;6;1;0;18;13;0;0;0;10;13;76.9;10;1;23;32;71.9;9;Matches
178;Isaac Hayden\Isaac-Hayden;eng ENG;MF;Newcastle Utd;24;1995;21.0;4;1;0;21;18;2;35;31;31;0;0;0;28;42;66.7;31;1;52;84;61.9;32;Matches
179;Tom Heaton\Tom-Heaton;eng ENG;GK;Aston Villa;33;1986;19.9;0;0;0;1;2;0;0;0;0;0;1;1;0;0;;0;0;0;2;0.0;2;Matches
180;Dean Henderson\Dean-Henderson;eng ENG;GK;Sheffield Utd;22;1997;26.0;2;0;0;0;2;0;0;0;0;0;0;0;0;0;;0;0;0;0;;0;Matches
181;Jordan Henderson\Jordan-Henderson;eng ENG;MF;Liverpool;29;1990;21.0;1;0;0;26;10;0;52;35;23;0;0;0;16;31;51.6;20;3;57;90;63.3;33;Matches
182;Jeff Hendrick\Jeff-Hendrick;ie IRL;MF;Burnley;27;1992;20.5;7;0;0;15;14;4;30;10;18;0;0;0;23;45;51.1;25;0;18;46;39.1;28;Matches
183;Wayne Hennessey\Wayne-Hennessey;wal WAL;GK;Crystal Palace;32;1987;2.0;0;0;0;0;0;0;0;0;0;0;0;0;0;0;;0;0;0;0;;0;Matches
184;Javier Hernández\Javier-Hernandez;mx MEX;FW;West Ham;31;1988;1.2;0;0;0;0;0;1;1;0;0;0;0;0;0;1;0.0;1;1;0;1;0.0;1;Matches
185;Onel Hernández\Onel-Hernandez;cu CUB;FWMF;Norwich City;26;1993;8.4;0;0;0;7;8;7;18;19;10;0;0;0;26;46;56.5;28;2;25;31;80.6;6;Matches
186;Son Heung-min\Son-Heung-min;kr KOR;FW;Tottenham;27;1992;19.4;0;2;0;11;17;13;39;16;10;1;0;0;54;98;55.1;62;4;25;68;36.8;43;Matches
187;Rob Holding\Rob-Holding;eng ENG;DFFW;Arsenal;23;1995;1.0;0;0;0;1;1;0;0;2;3;0;0;0;1;3;33.3;1;0;3;4;75.0;1;Matches
188;José Holebas\Jose-Holebas;gr GRE;DF;Watford;35;1984;11.2;5;0;0;17;5;0;66;11;2;0;1;0;6;13;46.2;7;1;24;42;57.1;18;Matches
189;Mason Holgate\Mason-Holgate;eng ENG;DF;Everton;22;1996;18.2;3;0;0;13;24;1;2;22;22;0;0;0;8;10;80.0;8;0;40;54;74.1;14;Matches
190;Nathan Holland\Nathan-Holland;eng ENG;MF;West Ham;21;1998;0.3;0;0;0;0;1;0;2;0;0;0;0;0;3;4;75.0;3;0;1;1;100.0;0;Matches
191;Conor Hourihane\Conor-Hourihane;ie IRL;MF;Aston Villa;28;1991;9.8;3;0;0;10;11;4;47;6;7;1;0;0;3;6;50.0;3;0;12;20;60.0;8;Matches
192;Callum Hudson-Odoi\Callum-Hudson-Odoi;eng ENG;FW;Chelsea;18;2000;8.6;1;0;0;11;9;2;56;4;1;0;0;0;30;49;61.2;33;1;7;16;43.8;9;Matches
193;Will Hughes\Will-Hughes;eng ENG;MF;Watford;24;1995;15.9;4;0;0;34;29;1;30;30;22;0;1;0;16;21;76.2;17;2;52;102;51.0;50;Matches
194;Pierre Højbjerg\Pierre-Hojbjerg;dk DEN;MF;Southampton;23;1995;26.2;5;0;0;41;30;1;26;46;37;0;1;0;36;46;78.3;40;0;74;132;56.1;58;Matches
195;Jordon Ibe\Jordon-Ibe;eng ENG;DF;Bournemouth;23;1995;0.5;0;0;0;0;2;0;3;3;0;0;0;0;1;3;33.3;2;1;3;3;100.0;0;Matches
196;Adam Idah\Adam-Idah;ie IRL;FW;Norwich City;18;2001;0.7;0;0;0;0;2;0;0;3;0;0;0;0;0;2;0.0;0;0;3;3;100.0;0;Matches
197;Odion Ighalo\Odion-Ighalo;ng NGA;FW;Manchester Utd;30;1989;0.3;0;0;0;1;0;0;0;0;0;0;0;0;1;1;100.0;1;0;0;0;;0;Matches
198;Kelechi Iheanacho\Kelechi-Iheanacho;ng NGA;FW;Leicester City;22;1996;5.8;1;0;0;13;6;8;1;3;1;2;0;0;8;14;57.1;9;1;4;5;80.0;1;Matches
199;Danny Ings\Danny-Ings;eng ENG;FW;Southampton;27;1992;21.3;2;0;0;23;15;8;16;21;7;1;0;0;36;58;62.1;37;4;31;70;44.3;39;Matches
200;Alex Iwobi\Alex-Iwobi;ng NGA;MFFW;Everton;23;1996;13.0;0;0;0;6;4;0;32;13;7;0;0;0;17;29;58.6;17;2;23;42;54.8;19;Matches
201;Phil Jagielka\Phil-Jagielka;eng ENG;DF;Sheffield Utd;36;1982;1.4;0;0;0;1;1;0;1;2;1;0;0;0;0;0;;0;0;4;5;80.0;1;Matches
202;Alireza Jahanbakhsh\Alireza-Jahanbakhsh;ir IRN;FWMF;Brighton;25;1993;3.1;0;0;0;2;5;1;21;2;1;0;0;0;7;11;63.6;7;0;6;9;66.7;3;Matches
203;Daniel James\Daniel-James;wal WAL;FW;Manchester Utd;21;1997;23.2;3;0;0;9;49;2;86;15;7;1;0;0;25;57;43.9;27;4;24;58;41.4;34;Matches
204;Matty James\Matty-James;eng ENG;MF;Leicester City;28;1991;0.1;0;0;0;0;0;0;0;0;0;0;0;0;0;0;;0;0;0;0;;0;Matches
205;Reece James\Reece-James;eng ENG;DF;Chelsea;19;1999;11.5;1;0;0;16;18;1;77;15;17;0;0;0;24;31;77.4;25;0;28;38;73.7;10;Matches
206;Daryl Janmaat\Daryl-Janmaat;nl NED;DF;Watford;30;1989;6.8;1;0;0;5;1;0;23;6;6;0;0;1;9;12;75.0;9;0;16;27;59.3;11;Matches
207;Gabriel Jesus\Gabriel-Jesus;br BRA;FW;Manchester City;22;1997;14.5;1;0;0;19;18;13;5;15;10;0;0;0;35;49;71.4;36;0;20;35;57.1;15;Matches
208;Raúl Jiménez\Raul-Jimenez;mx MEX;FW;Wolves;28;1991;26.4;3;0;0;33;23;17;15;19;13;2;0;0;59;83;71.1;60;4;25;42;59.5;17;Matches
209;Joelinton\Joelinton;br BRA;FW;Newcastle Utd;22;1996;24.5;5;0;0;24;32;16;4;14;10;0;0;0;38;59;64.4;41;2;24;41;58.5;17;Matches
210;Curtis Jones\Curtis-Jones;eng ENG;MF;Liverpool;18;2001;0.2;0;0;0;0;0;0;0;0;1;0;0;0;0;0;;0;0;1;1;100.0;0;Matches
211;Phil Jones\Phil-Jones;eng ENG;DF;Manchester Utd;27;1992;1.5;0;0;0;3;1;0;1;2;4;0;0;0;0;0;;0;0;4;4;100.0;0;Matches
212;Jorginho\Jorginho;it ITA;MF;Chelsea;27;1991;22.4;10;0;0;25;28;0;7;38;56;0;1;0;17;23;73.9;19;0;59;106;55.7;47;Matches
213;Jota\Jota;es ESP;FWMF;Aston Villa;28;1991;3.5;0;0;0;5;2;0;0;1;2;0;0;0;7;15;46.7;10;1;2;6;33.3;4;Matches
214;Diogo Jota\Diogo-Jota;pt POR;FWMF;Wolves;22;1996;18.9;3;0;0;35;48;3;27;19;7;0;0;0;62;107;57.9;70;10;30;53;56.6;23;Matches
215;James Justin\James-Justin;eng ENG;DF;Leicester City;21;1998;1.2;0;0;0;0;1;0;3;1;1;0;0;0;2;3;66.7;2;0;1;3;33.3;2;Matches
216;Christian Kabasele\Christian-Kabasele;be BEL;DF;Watford;28;1991;16.5;3;2;1;13;7;0;0;20;30;0;0;0;6;7;85.7;7;0;33;47;70.2;14;Matches
217;Harry Kane\Harry-Kane;eng ENG;FW;Tottenham;26;1993;19.8;2;0;0;26;32;13;19;8;4;1;0;0;21;45;46.7;25;2;13;24;54.2;11;Matches
218;N'Golo Kanté\NGolo-Kante;fr FRA;MF;Chelsea;28;1991;15.4;3;0;0;37;8;0;23;41;40;0;0;0;26;44;59.1;28;1;53;72;73.6;19;Matches
219;Moise Kean\Moise-Kean;it ITA;FW;Everton;19;2000;7.1;0;0;0;20;10;4;9;5;5;0;0;0;20;30;66.7;21;1;6;8;75.0;2;Matches
220;Michael Keane\Michael-Keane;eng ENG;DF;Everton;26;1993;18.4;0;0;0;12;6;0;0;18;28;0;1;0;0;0;;0;0;30;39;76.9;9;Matches
221;Naby Keïta\Naby-Keita;gn GUI;MF;Liverpool;24;1995;4.1;1;0;0;3;8;0;1;12;6;0;0;0;10;15;66.7;11;1;15;21;71.4;6;Matches
222;Martin Kelly\Martin-Kelly;eng ENG;DF;Crystal Palace;29;1990;17.2;0;0;0;9;0;0;20;18;15;0;0;0;3;5;60.0;3;1;24;41;58.5;17;Matches
223;Max Kilman\Max-Kilman;eng ENG;DF;Wolves;22;1997;2.0;0;0;0;2;0;0;0;3;4;0;0;0;1;1;100.0;1;0;4;6;66.7;2;Matches
224;Joshua King\Joshua-King;no NOR;FWMF;Bournemouth;27;1992;16.3;0;0;0;25;22;3;19;11;5;0;0;0;45;89;50.6;49;2;15;23;65.2;8;Matches
225;Jonathan Kodjia\Jonathan-Kodjia;ci CIV;FWMF;Aston Villa;29;1989;1.2;1;0;0;1;2;0;0;0;0;0;0;0;2;2;100.0;2;0;0;1;0.0;1;Matches
226;Sead Kolašinac\Sead-Kolasinac;ba BIH;DF;Arsenal;26;1993;12.3;3;0;0;13;11;5;27;15;10;0;0;0;11;15;73.3;11;0;29;38;76.3;9;Matches
227;Ezri Konsa\Ezri-Konsa;eng ENG;DF;Aston Villa;21;1998;13.3;1;0;0;9;18;0;2;15;13;0;0;0;3;5;60.0;3;0;22;27;81.5;5;Matches
228;Cheikhou Kouyaté\Cheikhou-Kouyate;sn SEN;MFDF;Crystal Palace;29;1989;21.1;1;0;0;23;21;1;12;38;25;0;0;0;14;30;46.7;16;1;56;74;75.7;18;Matches
229;Mateo Kovačić\Mateo-Kovacic;hr CRO;MF;Chelsea;25;1994;18.7;7;0;0;14;33;0;7;46;18;0;0;0;51;69;73.9;52;1;61;100;61.0;39;Matches
230;Emil Krafth\Emil-Krafth;se SWE;DF;Newcastle Utd;24;1994;6.3;0;0;0;3;4;0;13;8;5;0;0;0;1;1;100.0;1;0;12;23;52.2;11;Matches
231;Tim Krul\Tim-Krul;nl NED;GK;Norwich City;31;1988;26.0;4;0;0;1;4;0;0;0;0;0;1;1;0;0;;0;0;0;1;0.0;1;Matches
232;Alexandre Lacazette\Alexandre-Lacazette;fr FRA;FW;Arsenal;28;1991;14.3;5;0;0;29;25;10;14;15;5;0;0;0;19;34;55.9;21;1;18;24;75.0;6;Matches
233;Adam Lallana\Adam-Lallana;eng ENG;MFFW;Liverpool;31;1988;4.1;1;0;0;7;8;1;3;11;4;0;0;0;2;6;33.3;4;1;19;37;51.4;18;Matches
234;Érik Lamela\Erik-Lamela;ar ARG;MFFW;Tottenham;27;1992;9.5;2;0;0;17;15;1;44;18;4;0;0;0;16;27;59.3;17;0;21;34;61.8;13;Matches
235;Tariq Lamptey\Tariq-Lamptey;eng ENG;DF;Chelsea;18;2000;0.3;0;0;0;0;1;0;2;0;0;0;0;0;0;0;;0;0;2;2;100.0;0;Matches
236;Henri Lansbury\Henri-Lansbury;eng ENG;MF;Aston Villa;28;1990;2.1;0;0;0;4;1;0;1;2;0;0;0;0;1;1;100.0;1;0;5;9;55.6;4;Matches
237;Manuel Lanzini\Manuel-Lanzini;ar ARG;MFFW;West Ham;26;1993;13.2;0;0;0;4;23;4;39;8;8;1;0;0;26;39;66.7;26;0;10;34;29.4;24;Matches
238;Aymeric Laporte\Aymeric-Laporte;fr FRA;DF;Manchester City;25;1994;5.6;1;0;0;5;7;0;0;3;12;0;0;0;2;2;100.0;2;0;5;9;55.6;4;Matches
239;Jamaal Lascelles\Jamaal-Lascelles;eng ENG;DF;Newcastle Utd;25;1993;17.1;2;0;0;14;11;0;0;8;22;0;0;0;8;12;66.7;8;0;15;23;65.2;8;Matches
240;Valentino Lazaro\Valentino-Lazaro;at AUT;DF;Newcastle Utd;23;1996;2.2;0;1;0;2;0;0;12;0;0;0;0;0;4;7;57.1;5;0;3;8;37.5;5;Matches
241;Moritz Leitner\Moritz-Leitner;de GER;MF;Norwich City;26;1992;7.6;1;0;0;9;11;0;5;9;8;0;0;0;7;13;53.8;9;0;18;33;54.5;15;Matches
242;Florian Lejeune\Florian-Lejeune;fr FRA;DF;Newcastle Utd;28;1991;4.9;0;0;0;6;4;0;2;6;11;0;0;0;2;3;66.7;2;0;8;12;66.7;4;Matches
243;Aaron Lennon\Aaron-Lennon;eng ENG;MF;Burnley;32;1987;5.4;4;0;0;11;7;0;8;9;6;0;0;0;6;8;75.0;6;0;15;20;75.0;5;Matches
244;Bernd Leno\Bernd-Leno;de GER;GK;Arsenal;27;1992;27.0;2;0;0;0;3;0;0;0;0;0;0;0;1;2;50.0;1;0;0;3;0.0;3;Matches
245;Jefferson Lerma\Jefferson-Lerma;co COL;MF;Bournemouth;24;1994;20.7;11;1;1;28;27;0;5;35;40;0;0;0;19;26;73.1;21;1;58;81;71.6;23;Matches
246;Jamal Lewis\Jamal-Lewis;nir NIR;DF;Norwich City;21;1998;15.6;2;0;0;10;15;0;20;19;18;0;0;0;26;44;59.1;27;0;38;57;66.7;19;Matches
247;Victor Lindelöf\Victor-Lindelof;se SWE;DF;Manchester Utd;25;1994;25.0;5;0;0;15;4;0;2;13;16;0;0;1;3;6;50.0;3;0;22;23;95.7;1;Matches
248;Jesse Lingard\Jesse-Lingard;eng ENG;MFFW;Manchester Utd;26;1992;9.9;3;0;0;27;11;0;6;8;2;0;0;0;9;18;50.0;10;1;12;23;52.2;11;Matches
249;Hugo Lloris\Hugo-Lloris;fr FRA;GK;Tottenham;32;1986;10.1;0;0;0;0;1;0;0;0;0;0;0;0;0;1;0.0;0;0;0;0;;0;Matches
250;Giovani Lo Celso\Giovani-Lo-Celso;ar ARG;MFFW;Tottenham;23;1996;9.2;4;0;0;15;25;0;21;21;5;0;0;0;24;47;51.1;26;1;26;55;47.3;29;Matches
251;Jürgen Locadia\Jurgen-Locadia;nl NED;MFFW;Brighton;25;1993;1.0;0;0;0;0;2;0;1;1;0;0;0;0;1;1;100.0;1;0;1;1;100.0;0;Matches
252;Kevin Long\Kevin-Long;ie IRL;MF;Burnley;28;1990;0.0;0;0;0;1;0;0;0;0;0;0;0;0;0;0;;0;0;0;0;;0;Matches
253;Shane Long\Shane-Long;ie IRL;FW;Southampton;32;1987;11.8;0;0;0;26;18;11;15;11;1;0;0;0;7;16;43.8;8;0;13;26;50.0;13;Matches
254;Matthew Longstaff\Matthew-Longstaff;eng ENG;MF;Newcastle Utd;19;2000;6.1;1;0;0;6;6;0;2;3;5;0;0;0;5;7;71.4;5;0;6;16;37.5;10;Matches
255;Sean Longstaff\Sean-Longstaff;eng ENG;MF;Newcastle Utd;21;1997;14.3;2;1;0;13;25;0;30;20;21;0;0;0;9;14;64.3;10;1;36;67;53.7;31;Matches
256;Dejan Lovren\Dejan-Lovren;hr CRO;DF;Liverpool;30;1989;8.4;1;0;0;4;7;0;1;9;10;0;0;0;1;1;100.0;1;0;16;21;76.2;5;Matches
257;Matthew Lowton\Matthew-Lowton;eng ENG;DF;Burnley;30;1989;15.0;2;0;0;13;11;0;42;22;25;0;1;0;9;16;56.3;9;0;40;59;67.8;19;Matches
258;David Luiz\David-Luiz;br BRA;DF;Arsenal;32;1987;23.3;4;1;0;22;11;1;4;18;24;0;3;0;3;8;37.5;3;0;28;41;68.3;13;Matches
259;Douglas Luiz\Douglas-Luiz;br BRA;MF;Aston Villa;21;1998;18.0;4;0;0;30;23;0;17;20;17;0;1;0;19;27;70.4;21;1;30;66;45.5;36;Matches
260;John Lundstram\John-Lundstram;eng ENG;MF;Sheffield Utd;25;1994;22.0;4;0;0;22;9;7;45;27;25;0;0;0;13;25;52.0;14;3;40;79;50.6;39;Matches
261;James Maddison\James-Maddison;eng ENG;MF;Leicester City;22;1996;25.7;4;0;0;32;80;4;191;36;10;0;0;0;50;76;65.8;52;6;50;92;54.3;42;Matches
262;Harry Maguire\Harry-Maguire;eng ENG;DF;Manchester Utd;26;1993;28.0;3;0;0;22;16;6;2;24;54;0;0;0;9;10;90.0;9;0;35;50;70.0;15;Matches
263;Riyad Mahrez\Riyad-Mahrez;dz ALG;FWMF;Manchester City;28;1991;15.0;0;0;0;9;21;8;64;14;17;4;0;0;43;67;64.2;44;1;23;53;43.4;30;Matches
264;Ainsley Maitland-Niles\Ainsley-Maitland-Niles;eng ENG;DF;Arsenal;21;1997;13.4;5;1;1;12;13;0;17;21;26;0;0;0;20;40;50.0;21;2;33;55;60.0;22;Matches
265;Sadio Mané\Sadio-Mane;sn SEN;FW;Liverpool;27;1992;22.2;2;0;0;34;30;10;30;26;10;2;0;0;54;81;66.7;61;4;37;61;60.7;24;Matches
266;Javier Manquillo\Javier-Manquillo;es ESP;DF;Newcastle Utd;25;1994;9.9;3;0;0;13;9;1;27;21;11;0;0;0;8;12;66.7;9;0;30;37;81.1;7;Matches
267;Solly March\Solly-March;eng ENG;DFFW;Brighton;25;1994;8.9;2;0;0;9;11;1;44;11;16;0;0;0;13;21;61.9;13;1;17;25;68.0;8;Matches
268;Adrian Mariappa\Adrian-Mariappa;jm JAM;DF;Watford;32;1986;13.6;4;1;1;15;6;1;17;10;10;0;0;1;1;2;50.0;1;0;21;39;53.8;18;Matches
269;Anthony Martial\Anthony-Martial;fr FRA;FW;Manchester Utd;23;1995;20.1;1;0;0;22;24;10;8;8;1;0;0;0;43;70;61.4;45;2;9;12;75.0;3;Matches
270;David Martin\David-Martin;eng ENG;GK;West Ham;33;1986;4.8;1;0;0;0;0;0;0;0;0;0;0;0;0;0;;0;0;0;0;;0;Matches
271;Martinelli\Martinelli;br BRA;FW;Arsenal;18;2001;7.3;1;0;0;9;10;2;22;13;3;0;0;0;12;30;40.0;13;0;23;34;67.6;11;Matches
272;Adam Masina\Adam-Masina;it ITA;DF;Watford;25;1994;12.6;3;0;0;14;8;1;38;19;19;0;1;0;10;13;76.9;10;0;28;51;54.9;23;Matches
273;Arthur Masuaku\Arthur-Masuaku;cd COD;DF;West Ham;25;1993;10.1;5;1;1;10;9;0;25;27;13;0;0;0;28;36;77.8;28;1;41;59;69.5;18;Matches
274;Juan Mata\Juan-Mata;es ESP;MFFW;Manchester Utd;31;1988;8.1;1;0;0;7;10;2;22;7;0;0;0;0;4;10;40.0;6;0;8;19;42.1;11;Matches
275;Nemanja Matić\Nemanja-Matic;rs SRB;MF;Manchester Utd;30;1988;9.7;1;0;0;13;9;0;3;14;11;0;0;0;17;19;89.5;17;0;21;33;63.6;12;Matches
276;Joël Matip\Joel-Matip;cm CMR;DF;Liverpool;27;1991;7.0;0;0;0;7;5;0;1;9;12;0;0;0;2;2;100.0;2;0;12;19;63.2;7;Matches
277;Neal Maupay\Neal-Maupay;fr FRA;FW;Brighton;22;1996;22.5;3;0;0;26;34;12;7;13;4;0;0;0;26;53;49.1;28;1;19;40;47.5;21;Matches
278;James McArthur\James-McArthur;sco SCO;MF;Crystal Palace;31;1987;26.3;5;0;0;39;27;2;27;51;50;1;0;0;25;39;64.1;26;1;79;130;60.8;51;Matches
279;Oliver McBurnie\Oliver-McBurnie;sco SCO;FW;Sheffield Utd;23;1996;14.9;3;0;0;14;14;3;5;15;13;0;0;0;12;24;50.0;12;0;25;45;55.6;20;Matches
280;Alex McCarthy\Alex-McCarthy;eng ENG;GK;Southampton;29;1989;18.0;0;0;0;1;2;0;0;0;0;0;0;0;1;1;100.0;1;0;0;0;;0;Matches
281;James McCarthy\James-McCarthy;ie IRL;MF;Crystal Palace;28;1990;12.0;6;0;0;21;13;0;16;31;20;0;0;0;5;9;55.6;7;2;52;76;68.4;24;Matches
282;John McGinn\John-McGinn;sco SCO;MF;Aston Villa;24;1994;17.1;2;0;0;24;40;0;47;31;16;0;0;0;43;58;74.1;45;0;46;77;59.7;31;Matches
283;David McGoldrick\David-McGoldrick;ie IRL;FW;Sheffield Utd;31;1987;14.9;2;0;0;22;16;9;7;21;3;0;0;0;26;36;72.2;27;0;32;40;80.0;8;Matches
284;Michael McGovern\Michael-McGovern;nir NIR;GK;Norwich City;35;1984;1.8;0;0;0;0;0;0;0;0;0;0;0;0;0;0;;0;0;0;0;;0;Matches
285;Kenny McLean\Kenny-McLean;sco SCO;MF;Norwich City;27;1992;24.4;4;0;0;21;46;0;43;23;30;0;1;0;28;38;73.7;30;4;37;64;57.8;27;Matches
286;Dwight McNeil\Dwight-McNeil;eng ENG;MF;Burnley;19;1999;27.2;4;0;0;21;26;0;181;22;20;0;0;0;59;104;56.7;62;5;43;72;59.7;29;Matches
287;Scott McTominay\Scott-McTominay;sco SCO;MF;Manchester Utd;22;1996;17.1;2;0;0;30;44;0;12;25;26;1;0;0;28;43;65.1;32;5;43;61;70.5;18;Matches
288;Ben Mee\Ben-Mee;eng ENG;DF;Burnley;29;1989;28.0;7;0;0;20;20;3;2;14;43;0;1;0;6;7;85.7;6;1;31;48;64.6;17;Matches
289;Benjamin Mendy\Benjamin-Mendy;fr FRA;DF;Manchester City;25;1994;12.3;2;0;0;12;1;0;67;13;13;0;0;0;15;20;75.0;16;3;17;32;53.1;15;Matches
290;Nampalys Mendy\Nampalys-Mendy;fr FRA;MF;Leicester City;27;1992;2.2;0;0;0;2;4;0;2;4;5;0;0;0;1;2;50.0;1;0;5;6;83.3;1;Matches
291;Chris Mepham\Chris-Mepham;wal WAL;DF;Bournemouth;21;1997;10.0;1;0;0;11;5;1;2;12;17;0;0;0;2;4;50.0;3;0;21;28;75.0;7;Matches
292;Max Meyer\Max-Meyer;de GER;MFFW;Crystal Palace;23;1995;6.1;1;0;0;6;15;2;7;7;6;0;0;0;3;11;27.3;3;0;14;25;56.0;11;Matches
293;Luka Milivojević\Luka-Milivojevic;rs SRB;MF;Crystal Palace;28;1991;21.8;9;0;0;39;19;1;128;31;34;0;1;0;11;14;78.6;12;0;49;85;57.6;36;Matches
294;James Milner\James-Milner;eng ENG;MFDF;Liverpool;33;1986;7.4;3;0;0;6;6;1;11;7;5;0;0;0;6;7;85.7;7;0;11;26;42.3;15;Matches
295;Yerry Mina\Yerry-Mina;co COL;DF;Everton;24;1994;23.2;3;0;0;19;12;1;4;18;27;0;0;1;2;4;50.0;3;0;40;52;76.9;12;Matches
296;Takumi Minamino\Takumi-Minamino;jp JPN;FWMF;Liverpool;24;1995;0.9;0;0;0;3;0;0;2;0;0;0;0;0;2;2;100.0;2;0;1;2;50.0;1;Matches
297;Tyrone Mings\Tyrone-Mings;eng ENG;DF;Aston Villa;26;1993;21.3;5;0;0;13;4;2;7;11;19;0;0;0;9;11;81.8;10;0;17;21;81.0;4;Matches
298;Henrikh Mkhitaryan\Henrikh-Mkhitaryan;am ARM;FW;Arsenal;30;1989;1.2;1;0;0;2;2;1;4;0;0;0;0;0;2;5;40.0;2;0;0;3;0.0;3;Matches
299;Nacho Monreal\Nacho-Monreal;es ESP;DF;Arsenal;33;1986;3.0;0;0;0;1;1;2;4;4;3;0;0;0;1;3;33.3;1;0;4;6;66.7;2;Matches
300;Martín Montoya\Martin-Montoya;es ESP;DF;Brighton;28;1991;18.0;4;0;0;21;15;4;38;23;26;0;0;0;16;28;57.1;16;3;44;71;62.0;27;Matches
301;Simon Moore\Simon-Moore;eng ENG;GK;Sheffield Utd;29;1990;1.0;0;0;0;0;0;0;0;0;0;0;0;0;0;0;;0;0;0;0;;0;Matches
302;Aaron Mooy\Aaron-Mooy;au AUS;MFFW;Brighton;28;1990;17.4;2;1;1;6;6;0;89;25;14;0;0;0;31;42;73.8;33;0;34;61;55.7;27;Matches
303;Wesley Moraes\Wesley-Moraes;br BRA;FW;Aston Villa;22;1996;19.9;3;0;0;43;14;14;7;10;4;0;0;0;14;22;63.6;14;1;14;19;73.7;5;Matches
304;Wes Morgan\Wes-Morgan;jm JAM;DF;Leicester City;35;1984;1.8;0;0;0;1;0;0;0;1;2;0;0;0;2;2;100.0;2;0;1;2;50.0;1;Matches
305;Ravel Morrison\Ravel-Morrison;eng ENG;MF;Sheffield Utd;26;1993;0.1;0;0;0;1;0;0;0;0;0;0;0;0;0;0;;0;0;0;0;;0;Matches
306;Mason Mount\Mason-Mount;eng ENG;MFFW;Chelsea;20;1999;24.9;3;0;0;28;33;2;112;29;11;1;0;0;33;56;58.9;35;1;42;65;64.6;23;Matches
307;Lucas Moura\Lucas-Moura;br BRA;FWMF;Tottenham;26;1992;18.2;2;0;0;17;45;4;12;20;13;0;0;0;50;86;58.1;54;2;30;65;46.2;35;Matches
308;Lys Mousset\Lys-Mousset;fr FRA;FW;Sheffield Utd;23;1996;11.3;1;0;0;19;8;15;4;4;1;0;0;0;30;44;68.2;31;4;11;14;78.6;3;Matches
309;João Moutinho\Joao-Moutinho;pt POR;MF;Wolves;32;1986;26.1;5;0;0;33;17;3;174;46;36;0;0;0;19;27;70.4;21;0;75;162;46.3;87;Matches
310;Glenn Murray\Glenn-Murray;eng ENG;FW;Brighton;35;1983;7.8;0;0;0;15;14;10;3;2;1;0;0;0;1;5;20.0;1;0;3;7;42.9;4;Matches
311;Shkodran Mustafi\Shkodran-Mustafi;de GER;DF;Arsenal;27;1992;6.9;0;0;0;6;1;0;0;4;12;0;0;0;0;0;;0;0;6;11;54.5;5;Matches
312;Yoshinori Mutō\Yoshinori-Muto;jp JPN;FWMF;Newcastle Utd;27;1992;2.2;0;0;0;2;3;3;1;2;0;0;0;0;6;7;85.7;6;0;3;6;50.0;3;Matches
313;Georges-Kévin N'Koudou\Georges-Kevin-NKoudou;fr FRA;FW;Tottenham;24;1995;0.0;0;0;0;0;0;0;0;0;0;0;0;0;0;0;;0;0;0;1;0.0;1;Matches
314;Marvelous Nakamba\Marvelous-Nakamba;zw ZIM;MF;Aston Villa;25;1994;17.2;4;0;0;21;20;0;3;44;33;0;0;0;11;17;64.7;13;1;60;104;57.7;44;Matches
315;Wilfred Ndidi\Wilfred-Ndidi;ng NGA;MF;Leicester City;22;1996;20.1;3;0;0;29;14;1;1;55;61;0;1;0;14;19;73.7;15;2;81;134;60.4;53;Matches
316;Tanguy Ndombele\Tanguy-Ndombele;fr FRA;MF;Tottenham;22;1996;10.0;2;0;0;12;26;0;10;16;12;0;0;0;34;46;73.9;36;2;24;40;60.0;16;Matches
317;Reiss Nelson\Reiss-Nelson;eng ENG;FW;Arsenal;19;1999;4.9;1;0;0;6;5;2;17;5;2;0;0;0;11;21;52.4;12;0;8;13;61.5;5;Matches
318;Pedro Neto\Pedro-Neto;pt POR;FWMF;Wolves;19;2000;8.1;2;0;0;12;13;2;33;3;6;0;0;0;27;48;56.3;31;1;6;17;35.3;11;Matches
319;Rúben Neves\Ruben-Neves;pt POR;MF;Wolves;22;1997;24.6;7;0;0;23;10;0;28;30;42;0;0;0;23;28;82.1;24;0;45;102;44.1;57;Matches
320;Jeremy Ngakia\Jeremy-Ngakia;eng ENG;DF;West Ham;18;2000;3.0;0;0;0;2;0;1;6;9;3;0;0;0;4;7;57.1;4;0;14;24;58.3;10;Matches
321;Oumar Niasse\Oumar-Niasse;sn SEN;FW;Everton;29;1990;0.2;0;0;0;2;0;0;1;1;1;0;0;0;1;1;100.0;1;0;4;4;100.0;0;Matches
322;Eddie Nketiah\Eddie-Nketiah;eng ENG;FW;Arsenal;20;1999;2.1;0;0;0;4;2;0;0;1;0;0;0;0;0;1;0.0;0;0;3;7;42.9;4;Matches
323;Mark Noble\Mark-Noble;eng ENG;MF;West Ham;32;1987;23.0;4;0;0;25;23;0;17;28;21;1;0;0;26;37;70.3;29;0;41;87;47.1;46;Matches
324;Oliver Norwood\Oliver-Norwood;nir NIR;MF;Sheffield Utd;28;1991;25.5;6;0;0;23;13;0;137;33;39;0;0;0;13;15;86.7;13;0;59;113;52.2;54;Matches
325;Ørjan Nyland\Orjan-Nyland;no NOR;GK;Aston Villa;28;1990;2.0;0;0;0;0;0;0;0;0;0;0;0;0;0;0;;0;0;0;0;;0;Matches
326;Jack O'Connell\Jack-OConnell;eng ENG;DF;Sheffield Utd;25;1994;27.0;3;0;0;17;12;2;45;18;33;0;0;0;6;11;54.5;6;0;32;44;72.7;12;Matches
327;Michael Obafemi\Michael-Obafemi;ie IRL;FW;Southampton;19;2000;5.3;1;0;0;6;7;2;1;2;3;0;0;0;13;25;52.0;15;0;4;11;36.4;7;Matches
328;Angelo Ogbonna\Angelo-Ogbonna;it ITA;DF;West Ham;31;1988;23.0;4;0;0;14;11;0;1;25;25;0;1;1;1;2;50.0;1;0;34;51;66.7;17;Matches
329;Divock Origi\Divock-Origi;be BEL;FW;Liverpool;24;1995;5.7;0;0;0;4;11;0;15;10;3;1;0;0;9;19;47.4;10;0;14;16;87.5;2;Matches
330;Ben Osborn\Ben-Osborn;eng ENG;DFMF;Sheffield Utd;24;1994;1.1;0;0;0;0;2;1;1;3;0;0;0;0;1;1;100.0;1;0;4;7;57.1;3;Matches
331;Nicolás Otamendi\Nicolas-Otamendi;ar ARG;DF;Manchester City;31;1988;14.7;3;0;0;16;1;0;0;9;16;0;0;0;2;2;100.0;2;0;17;30;56.7;13;Matches
332;Alex Oxlade-Chamberlain\Alex-Oxlade-Chamberlain;eng ENG;MFFW;Liverpool;25;1993;11.4;1;0;0;9;11;2;29;8;15;0;0;0;24;37;64.9;25;0;16;31;51.6;15;Matches
333;Mesut Özil\Mesut-Ozil;de GER;MF;Arsenal;30;1988;15.1;1;0;0;13;17;6;68;10;5;0;0;0;20;30;66.7;22;3;13;30;43.3;17;Matches
334;Emerson Palmieri\Emerson-Palmieri;it ITA;DF;Chelsea;24;1994;11.4;3;0;0;4;16;1;54;7;17;0;0;0;14;22;63.6;16;0;22;29;75.9;7;Matches
335;Sokratis Papastathopoulos\Sokratis-Papastathopoulos;gr GRE;DF;Arsenal;31;1988;17.9;5;0;0;16;11;1;0;12;14;0;0;0;4;5;80.0;4;0;22;36;61.1;14;Matches
336;Troy Parrott\Troy-Parrott;ie IRL;MF;Tottenham;17;2002;0.1;0;0;0;0;0;0;0;0;0;0;0;0;0;0;;0;0;0;0;;0;Matches
337;Rui Patrício\Rui-Patricio;pt POR;GK;Wolves;31;1988;28.0;0;0;0;0;4;0;0;0;1;0;0;0;0;0;;0;0;0;1;0.0;1;Matches
338;Pedro\Pedro;es ESP;FW;Chelsea;32;1987;6.3;1;0;0;6;8;0;16;8;9;0;0;0;13;24;54.2;14;1;15;29;51.7;14;Matches
339;Nicolas Pépé\Nicolas-Pepe;ci CIV;FW;Arsenal;24;1995;16.9;3;0;0;10;21;2;88;16;7;0;0;0;60;107;56.1;64;6;25;36;69.4;11;Matches
340;Andreas Pereira\Andreas-Pereira;br BRA;MFFW;Manchester Utd;23;1996;16.1;3;0;0;26;16;3;59;12;6;0;0;0;20;38;52.6;23;0;21;52;40.4;31;Matches
341;Ricardo Pereira\Ricardo-Pereira;pt POR;DF;Leicester City;25;1993;27.0;1;0;0;40;35;0;55;67;42;0;1;0;58;86;67.4;62;1;121;184;65.8;63;Matches
342;Roberto Pereyra\Roberto-Pereyra;ar ARG;FWMF;Watford;28;1991;13.9;3;0;0;16;27;5;17;9;7;1;0;0;21;51;41.2;24;0;14;31;45.2;17;Matches
343;Ayoze Pérez\Ayoze-Perez;es ESP;MFFW;Leicester City;26;1993;17.7;0;0;0;20;26;7;24;26;11;0;0;0;37;57;64.9;40;1;42;77;54.5;35;Matches
344;Jordan Pickford\Jordan-Pickford;eng ENG;GK;Everton;25;1994;28.0;1;0;0;1;4;0;0;0;1;0;0;0;0;1;0.0;0;0;0;3;0.0;3;Matches
345;Brandon Pierrick\Brandon-Pierrick;eng ENG;DF;Crystal Palace;17;2001;0.1;0;0;0;0;0;0;2;0;1;0;0;0;2;3;66.7;2;0;0;0;;0;Matches
346;Erik Pieters\Erik-Pieters;nl NED;DF;Burnley;30;1988;13.7;1;0;0;12;12;0;27;28;21;0;1;0;4;11;36.4;6;2;39;62;62.9;23;Matches
347;Daniel Podence\Daniel-Podence;pt POR;FWMF;Wolves;23;1995;0.3;0;0;0;1;1;1;1;0;1;0;0;0;0;1;0.0;0;0;0;1;0.0;1;Matches
348;Paul Pogba\Paul-Pogba;fr FRA;MF;Manchester Utd;26;1993;5.8;0;0;0;9;7;0;2;9;2;1;0;0;7;13;53.8;7;0;14;21;66.7;7;Matches
349;Nick Pope\Nick-Pope;eng ENG;GK;Burnley;27;1992;28.0;0;0;0;0;4;0;0;0;1;0;0;0;0;0;;0;0;0;1;0.0;1;Matches
350;Dennis Praet\Dennis-Praet;be BEL;MF;Leicester City;25;1994;9.9;1;0;0;13;13;1;13;16;10;0;1;0;10;22;45.5;12;0;23;41;56.1;18;Matches
351;Sebastian Prödl\Sebastian-Prodl;at AUT;DF;Watford;32;1987;0.6;0;0;0;1;0;0;0;0;0;0;0;0;0;0;;0;0;0;0;;0;Matches
352;Davy Pröpper\Davy-Propper;nl NED;MF;Brighton;27;1991;25.0;4;0;0;28;16;0;32;34;22;0;0;0;32;53;60.4;33;2;50;90;55.6;40;Matches
353;Teemu Pukki\Teemu-Pukki;fi FIN;FW;Norwich City;29;1990;26.6;3;0;0;21;10;15;6;11;6;0;0;0;23;39;59.0;24;6;16;47;34.0;31;Matches
354;Christian Pulisic\Christian-Pulisic;us USA;FW;Chelsea;20;1998;12.0;0;0;0;5;15;2;25;13;4;0;0;0;35;61;57.4;38;0;22;39;56.4;17;Matches
355;Ignacio Pussetto\Ignacio-Pussetto;ar ARG;FWMF;Watford;23;1995;0.4;0;0;0;2;1;0;2;3;3;0;0;0;1;3;33.3;2;0;5;9;55.6;4;Matches
356;Domingos Quina\Domingos-Quina;pt POR;MF;Watford;19;1999;0.2;0;0;0;1;1;0;0;0;0;0;0;0;1;2;50.0;1;0;1;3;33.3;2;Matches
357;Aaron Ramsdale\Aaron-Ramsdale;eng ENG;GK;Bournemouth;21;1998;27.0;0;0;0;0;3;0;0;0;0;0;0;0;0;0;;0;0;0;2;0.0;2;Matches
358;Darren Randolph\Darren-Randolph;ie IRL;GK;West Ham;32;1987;2.0;0;0;0;0;0;0;0;0;0;0;0;0;0;0;;0;0;0;0;;0;Matches
359;Marcus Rashford\Marcus-Rashford;eng ENG;FW;Manchester Utd;21;1997;20.9;2;0;0;14;29;8;24;4;6;4;0;0;56;106;52.8;61;9;10;23;43.5;13;Matches
360;Nathan Redmond\Nathan-Redmond;eng ENG;MFFW;Southampton;25;1994;21.8;2;0;0;20;16;4;26;34;8;0;0;0;60;98;61.2;66;3;43;78;55.1;35;Matches
361;Pepe Reina\Pepe-Reina;es ESP;GK;Aston Villa;36;1982;5.0;1;0;0;1;3;0;0;0;0;0;0;0;0;0;;0;0;0;0;;0;Matches
362;Declan Rice\Declan-Rice;eng ENG;MF;West Ham;20;1999;28.0;5;0;0;28;3;2;18;70;59;0;1;0;33;42;78.6;35;0;92;147;62.6;55;Matches
363;Richarlison\Richarlison;br BRA;FWMF;Everton;22;1997;25.2;5;0;0;27;51;15;48;36;10;0;0;0;52;83;62.7;56;2;54;86;62.8;32;Matches
364;Diego Rico\Diego-Rico;es ESP;DF;Bournemouth;26;1993;19.9;6;0;0;12;18;1;123;26;63;0;0;0;18;37;48.6;21;5;46;70;65.7;24;Matches
365;Jaïro Riedewald\Jairo-Riedewald;nl NED;DF;Crystal Palace;22;1996;6.8;0;0;0;2;2;0;4;8;12;0;0;0;8;12;66.7;8;0;11;16;68.8;5;Matches
366;Matt Ritchie\Matt-Ritchie;sco SCO;DFMF;Newcastle Utd;29;1989;7.2;2;0;0;15;5;0;54;9;10;0;0;0;7;8;87.5;7;0;14;22;63.6;8;Matches
367;Roberto\Roberto;es ESP;GK;West Ham;33;1986;7.6;0;0;0;0;1;0;0;0;0;0;0;1;0;0;;0;0;0;0;;0;Matches
368;Patrick Roberts\Patrick-Roberts;eng ENG;MFFW;Norwich City;22;1997;0.3;0;0;0;1;2;0;0;0;0;0;0;0;3;3;100.0;3;0;0;0;;0;Matches
369;Andrew Robertson\Andrew-Robertson;sco SCO;DF;Liverpool;25;1994;27.2;1;0;0;15;9;2;142;29;31;0;0;0;17;35;48.6;22;0;54;82;65.9;28;Matches
370;Callum Robinson\Callum-Robinson;ie IRL;FW;Sheffield Utd;24;1995;7.5;1;0;0;11;4;1;15;4;5;0;0;0;7;15;46.7;9;0;4;7;57.1;3;Matches
371;Rodri\Rodri;es ESP;MFDF;Manchester City;23;1996;20.7;6;0;0;34;22;0;6;37;23;0;0;0;21;24;87.5;21;0;52;83;62.7;31;Matches
372;Jay Rodriguez\Jay-Rodriguez;eng ENG;FW;Burnley;30;1989;14.6;1;0;0;14;9;11;7;12;5;0;0;0;13;31;41.9;16;1;24;51;47.1;27;Matches
373;Marcos Rojo\Marcos-Rojo;ar ARG;DF;Manchester Utd;29;1990;1.3;1;0;0;2;1;0;3;1;0;0;0;0;0;1;0.0;0;0;2;5;40.0;3;Matches
374;Oriol Romeu\Oriol-Romeu;es ESP;MF;Southampton;27;1991;14.5;3;0;0;25;12;1;3;31;21;0;0;0;10;13;76.9;10;0;46;91;50.5;45;Matches
375;Danny Rose\Danny-Rose;eng ENG;DF;Tottenham;29;1990;9.9;5;0;0;14;17;0;39;13;7;0;0;0;11;22;50.0;14;1;16;26;61.5;10;Matches
376;Danny Rose\Danny-Rose;eng ENG;DF;Newcastle Utd;29;1990;2.9;1;0;0;3;4;0;4;3;3;0;0;0;2;3;66.7;2;0;7;9;77.8;2;Matches
377;Antonio Rüdiger\Antonio-Rudiger;de GER;DF;Chelsea;26;1993;11.5;3;0;0;12;3;0;5;14;4;0;0;1;0;0;;0;0;24;29;82.8;5;Matches
378;Lukas Rupp\Lukas-Rupp;de GER;FW;Norwich City;28;1991;3.8;0;0;0;5;2;0;2;1;8;0;0;0;7;11;63.6;7;0;3;12;25.0;9;Matches
379;Mathew Ryan\Mathew-Ryan;au AUS;GK;Brighton;27;1992;28.0;0;0;0;0;2;0;0;0;1;0;0;0;0;0;;0;0;0;4;0.0;4;Matches
380;Allan Saint-Maximin\Allan-Saint-Maximin;fr FRA;MFFW;Newcastle Utd;22;1997;13.2;0;0;0;11;25;2;32;4;7;0;0;0;59;95;62.1;62;2;8;18;44.4;10;Matches
381;Romain Saïss\Romain-Saiss;ma MAR;DF;Wolves;29;1990;21.1;9;1;1;33;19;2;7;20;34;0;0;0;5;7;71.4;6;1;47;63;74.6;16;Matches
382;Bukayo Saka\Bukayo-Saka;eng ENG;DFFW;Arsenal;17;2001;12.0;4;0;0;15;16;3;42;17;7;0;0;0;20;30;66.7;20;2;29;45;64.4;16;Matches
383;Mamadou Sakho\Mamadou-Sakho;fr FRA;DF;Crystal Palace;29;1990;5.2;0;1;0;1;1;0;0;3;12;0;0;0;2;3;66.7;2;0;5;7;71.4;2;Matches
384;Mohamed Salah\Mohamed-Salah;eg EGY;FW;Liverpool;27;1992;24.0;1;0;0;12;14;16;36;10;7;1;0;0;55;78;70.5;57;3;17;38;44.7;21;Matches
385;Mbwana Samatta\Mbwana-Samatta;tz TAN;FW;Aston Villa;26;1992;2.9;0;0;0;1;1;4;0;0;0;0;0;0;3;3;100.0;3;0;1;3;33.3;2;Matches
386;Carlos Sánchez\Carlos-Sanchez;co COL;MFDF;West Ham;33;1986;1.3;0;0;0;2;0;0;0;1;2;0;0;0;1;1;100.0;1;0;2;2;100.0;0;Matches
387;Davinson Sánchez\Davinson-Sanchez;co COL;DF;Tottenham;23;1996;20.0;4;0;0;17;9;1;1;32;26;0;0;0;7;9;77.8;7;0;44;72;61.1;28;Matches
388;Ismaila Sarr\Ismaila-Sarr;sn SEN;FWMF;Watford;21;1998;12.6;1;0;0;11;25;7;48;14;9;1;0;0;37;69;53.6;39;1;16;28;57.1;12;Matches
389;Fabian Schär\Fabian-Schar;ch SUI;DF;Newcastle Utd;27;1991;15.5;4;0;0;23;19;1;10;27;42;0;0;0;13;16;81.3;13;1;46;65;70.8;19;Matches
390;Ezequiel Schelotto\Ezequiel-Schelotto;it ITA;DF;Brighton;30;1989;3.2;2;0;0;6;3;1;13;4;6;0;0;0;6;9;66.7;6;1;5;8;62.5;3;Matches
391;Jeffrey Schlupp\Jeffrey-Schlupp;gh GHA;MFDF;Crystal Palace;26;1992;9.5;2;0;0;14;11;1;7;6;10;0;0;0;9;16;56.3;10;1;19;29;65.5;10;Matches
392;Kasper Schmeichel\Kasper-Schmeichel;dk DEN;GK;Leicester City;32;1986;28.0;2;0;0;0;6;0;0;0;0;0;0;0;0;0;;0;0;0;1;0.0;1;Matches
393;Morgan Schneiderlin\Morgan-Schneiderlin;fr FRA;MF;Everton;29;1989;11.1;6;1;1;18;2;0;8;19;21;0;0;0;3;3;100.0;3;0;32;57;56.1;25;Matches
394;Ryan Sessegnon\Ryan-Sessegnon;eng ENG;DF;Tottenham;19;2000;3.8;0;0;0;4;2;2;13;0;1;0;1;0;2;3;66.7;2;0;5;8;62.5;3;Matches
395;Xherdan Shaqiri\Xherdan-Shaqiri;ch SUI;FW;Liverpool;27;1991;1.9;0;0;0;1;3;1;5;0;0;0;0;0;2;4;50.0;2;0;1;1;100.0;0;Matches
396;Billy Sharp\Billy-Sharp;eng ENG;FW;Sheffield Utd;33;1986;6.6;1;1;0;14;16;5;4;4;1;0;0;0;8;11;72.7;8;0;8;11;72.7;3;Matches
397;Luke Shaw\Luke-Shaw;eng ENG;DF;Manchester Utd;24;1995;12.7;5;0;0;15;6;2;25;19;16;0;0;0;13;19;68.4;14;1;24;39;61.5;15;Matches
398;Jonjo Shelvey\Jonjo-Shelvey;eng ENG;MF;Newcastle Utd;27;1992;13.9;2;0;0;8;5;1;47;10;18;0;0;0;12;18;66.7;13;0;19;36;52.8;17;Matches
399;Djibril Sidibé\Djibril-Sidibe;fr FRA;DF;Everton;27;1992;17.2;3;0;0;22;18;2;62;35;37;0;0;0;12;23;52.2;13;3;78;113;69.0;35;Matches
400;Gylfi Sigurðsson\Gylfi-Sigurdsson;is ISL;MF;Everton;29;1989;21.2;3;0;0;27;16;2;116;39;24;0;0;0;18;30;60.0;21;2;50;98;51.0;48;Matches
401;Bernardo Silva\Bernardo-Silva;pt POR;FWMF;Manchester City;24;1994;16.0;5;0;0;18;16;2;57;19;18;0;1;0;38;51;74.5;38;0;28;56;50.0;28;Matches
402;David Silva\David-Silva;es ESP;MF;Manchester City;33;1986;14.0;0;0;0;15;12;3;28;10;7;0;0;0;21;30;70.0;22;0;19;33;57.6;14;Matches
403;Jack Simpson\Jack-Simpson;eng ENG;DF;Bournemouth;22;1997;1.9;0;0;0;1;1;0;0;1;2;0;0;0;2;2;100.0;2;0;3;7;42.9;4;Matches
404;Moussa Sissoko\Moussa-Sissoko;fr FRA;MF;Tottenham;29;1989;18.8;6;0;0;32;10;2;21;23;14;0;1;0;32;49;65.3;34;4;36;60;60.0;24;Matches
405;Oliver Skipp\Oliver-Skipp;eng ENG;DF;Tottenham;18;2000;0.1;0;0;0;1;0;0;0;1;0;0;0;0;0;0;;0;0;1;2;50.0;1;Matches
406;William Smallbone\William-Smallbone;ie IRL;MF;Southampton;19;2000;1.8;0;0;0;0;2;0;1;2;1;0;0;0;2;3;66.7;2;0;4;9;44.4;5;Matches
407;Adam Smith\Adam-Smith;eng ENG;DF;Bournemouth;28;1991;16.3;6;0;0;20;28;2;20;22;17;0;1;0;18;34;52.9;22;4;39;60;65.0;21;Matches
408;Emile Smith-Rowe\Emile-Smith-Rowe;eng ENG;MF;Arsenal;19;2000;1.1;0;0;0;0;1;0;1;1;1;0;0;0;1;1;100.0;1;0;1;3;33.3;2;Matches
409;Robert Snodgrass\Robert-Snodgrass;sco SCO;MFFW;West Ham;31;1987;16.8;4;0;0;20;32;4;134;10;5;0;0;0;15;27;55.6;16;1;27;57;47.4;30;Matches
410;Cédric Soares\Cedric-Soares;pt POR;DF;Southampton;27;1991;14.5;1;0;0;10;3;0;52;24;18;0;0;0;3;7;42.9;3;0;46;66;69.7;20;Matches
411;Dominic Solanke\Dominic-Solanke;eng ENG;FWMF;Bournemouth;21;1997;12.9;1;0;0;9;17;3;4;10;5;0;0;0;21;43;48.8;22;0;10;31;32.3;21;Matches
412;Tomáš Souček\Tomas-Soucek;cz CZE;MF;West Ham;24;1995;2.5;0;0;0;3;2;0;0;5;8;0;0;0;0;2;0.0;0;0;10;12;83.3;2;Matches
413;Çağlar Söyüncü\Caglar-Soyuncu;tr TUR;DF;Leicester City;23;1996;27.0;4;0;0;24;17;1;3;37;35;0;2;0;14;18;77.8;15;0;58;78;74.4;20;Matches
414;Dennis Srbeny\Dennis-Srbeny;de GER;MFFW;Norwich City;25;1994;0.4;0;0;0;1;0;0;0;4;0;0;0;0;1;4;25.0;1;1;5;7;71.4;2;Matches
415;Jack Stacey\Jack-Stacey;eng ENG;DF;Bournemouth;23;1996;10.9;2;0;0;4;6;0;21;9;14;0;0;0;10;15;66.7;12;0;16;25;64.0;9;Matches
416;Junior Stanislas\Junior-Stanislas;eng ENG;MFFW;Bournemouth;29;1989;1.7;0;0;0;2;0;0;2;2;1;0;0;0;3;7;42.9;4;0;2;3;66.7;1;Matches
417;Jed Steer\Jed-Steer;eng ENG;GK;Aston Villa;26;1992;0.1;0;0;0;0;0;0;0;0;0;0;0;0;0;0;;0;0;0;0;;0;Matches
418;Dale Stephens\Dale-Stephens;eng ENG;MF;Brighton;30;1989;21.6;6;0;0;33;6;0;4;30;45;0;0;0;7;8;87.5;7;0;61;100;61.0;39;Matches
419;Jack Stephens\Jack-Stephens;eng ENG;DF;Southampton;25;1994;19.3;2;0;0;9;8;0;3;25;21;0;1;0;8;10;80.0;8;1;42;64;65.6;22;Matches
420;Raheem Sterling\Raheem-Sterling;eng ENG;FW;Manchester City;24;1994;21.5;5;0;0;25;30;10;49;21;10;1;0;0;48;102;47.1;54;2;31;50;62.0;19;Matches
421;Enda Stevens\Enda-Stevens;ie IRL;DF;Sheffield Utd;29;1990;26.5;5;0;0;31;12;2;88;35;31;0;0;0;51;69;73.9;52;5;59;96;61.5;37;Matches
422;Marco Stiepermann\Marco-Stiepermann;de GER;MF;Norwich City;28;1991;10.4;4;0;0;19;13;0;4;6;5;0;0;0;19;31;61.3;21;3;15;28;53.6;13;Matches
423;John Stones\John-Stones;eng ENG;DF;Manchester City;25;1994;10.1;0;0;0;4;1;1;0;12;8;0;0;0;3;4;75.0;4;0;17;21;81.0;4;Matches
424;Isaac Success\Isaac-Success;ng NGA;FWMF;Watford;23;1996;0.7;1;0;0;2;2;0;2;0;1;0;0;0;1;4;25.0;2;0;0;0;;0;Matches
425;Ki Sung-yueng\Ki-Sung-yueng;kr KOR;MF;Newcastle Utd;30;1989;1.5;0;0;0;1;3;0;4;1;2;0;0;0;3;3;100.0;3;0;1;3;33.3;2;Matches
426;Andrew Surman\Andrew-Surman;eng ENG;MF;Bournemouth;32;1986;2.6;1;0;0;1;1;0;3;2;1;0;0;0;1;1;100.0;1;0;5;6;83.3;1;Matches
427;Sam Surridge\Sam-Surridge;eng ENG;FW;Bournemouth;21;1998;0.2;0;0;0;0;0;0;0;0;0;0;0;0;0;0;;0;0;0;0;;0;Matches
428;Japhet Tanganga\Japhet-Tanganga;eng ENG;DF;Tottenham;20;1999;4.8;1;0;0;7;4;0;0;13;10;0;0;0;4;7;57.1;4;0;17;27;63.0;10;Matches
429;Matt Targett\Matt-Targett;eng ENG;DF;Aston Villa;23;1995;17.8;3;0;0;19;13;0;67;23;44;0;0;0;9;20;45.0;13;0;37;66;56.1;29;Matches
430;James Tarkowski\James-Tarkowski;eng ENG;DF;Burnley;26;1992;28.0;7;0;0;35;27;2;4;38;46;0;0;0;12;13;92.3;13;0;55;72;76.4;17;Matches
431;Charlie Taylor\Charlie-Taylor;eng ENG;DF;Burnley;25;1993;14.3;2;0;0;14;20;1;59;12;23;0;0;0;17;30;56.7;19;3;31;43;72.1;12;Matches
432;Neil Taylor\Neil-Taylor;wal WAL;DF;Aston Villa;30;1989;8.8;2;0;0;6;5;0;8;6;9;0;0;0;1;2;50.0;1;0;12;22;54.5;10;Matches
433;Alexander Tettey\Alexander-Tettey;no NOR;MFDF;Norwich City;33;1986;19.2;4;0;0;18;5;0;4;13;35;0;0;0;14;21;66.7;16;0;22;46;47.8;24;Matches
434;Youri Tielemans\Youri-Tielemans;be BEL;MF;Leicester City;22;1997;23.8;1;0;0;28;31;1;47;19;24;0;0;0;24;33;72.7;25;1;33;76;43.4;43;Matches
435;Kieran Tierney\Kieran-Tierney;sco SCO;DF;Arsenal;22;1997;3.3;1;0;0;4;2;0;21;4;3;0;1;0;5;7;71.4;5;0;7;9;77.8;2;Matches
436;James Tomkins\James-Tomkins;eng ENG;DF;Crystal Palace;30;1989;17.6;5;0;0;13;11;1;1;14;23;0;0;0;1;1;100.0;1;0;30;35;85.7;5;Matches
437;Fikayo Tomori\Fikayo-Tomori;eng ENG;DF;Chelsea;21;1997;14.4;3;0;0;7;6;1;4;15;20;0;0;0;7;11;63.6;9;0;30;36;83.3;6;Matches
438;Lucas Torreira\Lucas-Torreira;uy URU;MF;Arsenal;23;1996;15.2;4;0;0;18;42;1;12;24;28;0;0;0;13;14;92.9;13;1;36;58;62.1;22;Matches
439;Cenk Tosun\Cenk-Tosun;tr TUR;FW;Crystal Palace;28;1991;2.0;0;0;0;4;4;1;2;2;0;0;0;0;7;8;87.5;7;0;2;2;100.0;0;Matches
440;Cenk Tosun\Cenk-Tosun;tr TUR;FW;Everton;28;1991;3.2;0;0;0;4;4;1;2;0;0;0;0;0;1;5;20.0;1;0;2;4;50.0;2;Matches
441;Andros Townsend\Andros-Townsend;eng ENG;MF;Crystal Palace;28;1991;8.8;0;0;0;5;12;0;36;9;10;0;0;0;21;31;67.7;21;0;18;30;60.0;12;Matches
442;Adama Traoré\Adama-Traore;es ESP;FWDF;Wolves;23;1996;22.7;0;0;0;31;62;3;141;22;17;0;0;0;119;162;73.5;123;3;38;51;74.5;13;Matches
443;Mark Travers\Mark-Travers;ie IRL;GK;Bournemouth;20;1999;1.0;0;0;0;0;0;0;0;0;0;0;0;0;0;0;;0;0;0;0;;0;Matches
444;Trézéguet\Trezeguet;eg EGY;FWMF;Aston Villa;24;1994;14.7;4;1;1;23;24;3;53;18;17;1;0;0;35;64;54.7;38;6;29;49;59.2;20;Matches
445;Leandro Trossard\Leandro-Trossard;be BEL;FWMF;Brighton;24;1994;15.1;0;0;0;9;7;2;59;11;6;0;0;0;24;41;58.5;24;1;21;42;50.0;21;Matches
446;Tom Trybull\Tom-Trybull;de GER;MF;Norwich City;26;1993;11.4;2;0;0;25;9;2;0;29;13;0;0;0;7;9;77.8;7;0;46;88;52.3;42;Matches
447;Axel Tuanzebe\Axel-Tuanzebe;eng ENG;DF;Manchester Utd;21;1997;2.1;0;0;0;3;3;0;1;3;5;0;0;0;0;3;0.0;0;0;3;4;75.0;1;Matches
448;Yan Valery\Yan-Valery;fr FRA;DF;Southampton;20;1999;6.2;1;0;0;3;6;3;10;10;6;0;0;0;9;19;47.4;9;0;16;25;64.0;9;Matches
449;Jesús Vallejo\Jesus-Vallejo;es ESP;DF;Wolves;22;1997;1.8;1;0;0;2;1;0;0;3;1;0;0;0;1;1;100.0;1;0;4;6;66.7;2;Matches
450;Jamie Vardy\Jamie-Vardy;eng ENG;FW;Leicester City;32;1987;24.4;2;0;0;15;8;18;24;8;2;1;0;0;18;35;51.4;21;0;11;14;78.6;3;Matches
451;Indiana Vassilev\Indiana-Vassilev;us USA;FW;Aston Villa;18;2001;0.4;0;0;0;0;0;2;0;1;0;0;0;0;1;2;50.0;2;0;1;1;100.0;0;Matches
452;Jan Vertonghen\Jan-Vertonghen;be BEL;DF;Tottenham;32;1987;16.2;2;0;0;6;15;0;10;19;27;0;1;0;2;5;40.0;2;0;28;38;73.7;10;Matches
453;Jannik Vestergaard\Jannik-Vestergaard;dk DEN;DF;Southampton;26;1992;12.6;2;0;0;6;6;0;1;10;15;0;0;0;3;5;60.0;3;0;22;38;57.9;16;Matches
454;Rúben Vinagre\Ruben-Vinagre;pt POR;DF;Wolves;20;1999;4.9;1;0;0;6;7;0;22;12;5;0;0;0;11;23;47.8;14;1;21;25;84.0;4;Matches
455;Mario Vrančić\Mario-Vrancic;ba BIH;MF;Norwich City;30;1989;3.9;2;0;0;6;7;0;2;8;6;0;0;0;1;2;50.0;1;0;16;25;64.0;9;Matches
456;Matěj Vydra\Matej-Vydra;cz CZE;FW;Burnley;27;1992;3.4;0;0;0;0;3;1;1;0;0;0;0;0;5;10;50.0;6;1;0;2;0.0;2;Matches
457;Theo Walcott\Theo-Walcott;eng ENG;MFFW;Everton;30;1989;11.4;1;0;0;9;16;9;33;7;6;0;0;0;18;30;60.0;20;2;12;19;63.2;7;Matches
458;Kyle Walker\Kyle-Walker;eng ENG;DF;Manchester City;29;1990;20.1;4;0;0;22;12;3;43;16;21;0;0;0;17;23;73.9;19;2;25;36;69.4;11;Matches
459;Kyle Walker-Peters\Kyle-Walker-Peters;eng ENG;DF;Tottenham;22;1997;2.7;0;0;0;1;5;1;8;3;2;0;0;0;3;4;75.0;3;0;5;9;55.6;4;Matches
460;Kyle Walker-Peters\Kyle-Walker-Peters;eng ENG;DF;Southampton;22;1997;0.8;0;0;0;0;1;0;2;0;1;0;0;0;4;4;100.0;4;0;1;5;20.0;4;Matches
461;Aaron Wan-Bissaka\Aaron-Wan-Bissaka;eng ENG;DF;Manchester Utd;21;1997;24.9;5;0;0;14;15;1;72;48;48;0;1;0;47;72;65.3;48;1;102;129;79.1;27;Matches
462;Victor Wanyama\Victor-Wanyama;ke KEN;MF;Tottenham;28;1991;0.3;1;0;0;1;1;0;0;0;0;0;0;0;1;1;100.0;1;0;1;1;100.0;0;Matches
463;Joel Ward\Joel-Ward;eng ENG;DF;Crystal Palace;29;1989;16.5;3;0;0;13;22;0;19;20;35;0;0;0;8;13;61.5;9;1;40;54;74.1;14;Matches
464;James Ward-Prowse\James-Ward-Prowse;eng ENG;MFDF;Southampton;24;1994;28.0;7;0;0;43;29;0;190;43;33;0;0;0;13;17;76.5;14;1;78;135;57.8;57;Matches
465;Adam Webster\Adam-Webster;eng ENG;DF;Brighton;24;1995;21.4;3;0;0;8;11;0;6;19;35;0;2;1;9;11;81.8;9;0;27;40;67.5;13;Matches
466;Danny Welbeck\Danny-Welbeck;eng ENG;FWMF;Watford;28;1990;2.9;0;0;0;3;3;0;0;5;0;0;0;0;5;11;45.5;5;0;6;8;75.0;2;Matches
467;Ashley Westwood\Ashley-Westwood;eng ENG;MF;Burnley;29;1990;25.0;8;0;0;29;23;1;105;24;22;0;0;0;6;14;42.9;6;0;37;71;52.1;34;Matches
468;Connor Wickham\Connor-Wickham;eng ENG;FWMF;Crystal Palace;26;1993;1.0;0;0;0;4;0;1;0;2;0;0;0;0;2;3;66.7;2;0;2;2;100.0;0;Matches
469;Georginio Wijnaldum\Georginio-Wijnaldum;nl NED;MF;Liverpool;28;1990;24.9;0;0;0;11;22;1;3;23;15;0;0;0;42;66;63.6;43;4;28;47;59.6;19;Matches
470;Jetro Willems\Jetro-Willems;nl NED;DF;Newcastle Utd;25;1994;16.6;0;0;0;10;17;1;32;19;16;0;0;0;30;39;76.9;30;0;32;54;59.3;22;Matches
471;Brandon Williams\Brandon-Williams;eng ENG;DF;Manchester Utd;18;2000;7.6;5;0;0;11;10;1;8;2;7;1;0;0;11;16;68.8;12;0;11;21;52.4;10;Matches
472;Willian\Willian;br BRA;FW;Chelsea;30;1988;20.6;3;0;0;11;39;4;110;24;18;1;0;0;49;68;72.1;52;3;36;65;55.4;29;Matches
473;Joe Willock\Joe-Willock;eng ENG;MF;Arsenal;19;1999;6.4;1;0;0;7;10;0;4;10;1;0;0;0;16;22;72.7;17;2;16;27;59.3;11;Matches
474;Jack Wilshere\Jack-Wilshere;eng ENG;MF;West Ham;27;1992;1.9;0;0;0;0;5;0;0;0;0;0;0;0;5;7;71.4;6;0;1;6;16.7;5;Matches
475;Callum Wilson\Callum-Wilson;eng ENG;FW;Bournemouth;27;1992;25.1;8;0;0;41;26;25;14;10;3;1;0;0;17;39;43.6;17;0;12;25;48.0;13;Matches
476;Harry Wilson\Harry-Wilson;wal WAL;MFFW;Bournemouth;22;1997;16.1;1;0;0;7;32;1;23;10;9;0;1;0;16;32;50.0;18;0;22;44;50.0;22;Matches
477;Harry Winks\Harry-Winks;eng ENG;MF;Tottenham;23;1996;17.7;8;0;0;15;20;0;24;20;23;0;0;0;12;20;60.0;13;0;35;64;54.7;29;Matches
478;Chris Wood\Chris-Wood;nz NZL;FW;Burnley;27;1991;22.0;1;0;0;25;22;29;7;4;3;0;0;1;9;20;45.0;10;1;7;20;35.0;13;Matches
479;Granit Xhaka\Granit-Xhaka;ch SUI;MF;Arsenal;26;1992;20.2;7;0;0;45;27;0;12;20;14;0;1;0;19;23;82.6;19;1;36;60;60.0;24;Matches
480;Andriy Yarmolenko\Andriy-Yarmolenko;ua UKR;MF;West Ham;29;1989;9.2;2;0;0;14;8;8;13;8;4;0;0;0;7;12;58.3;7;0;12;27;44.4;15;Matches
481;DeAndre Yedlin\DeAndre-Yedlin;us USA;DF;Newcastle Utd;26;1993;8.6;3;0;0;8;9;2;26;12;5;0;0;0;5;10;50.0;5;0;16;24;66.7;8;Matches
482;Maya Yoshida\Maya-Yoshida;jp JPN;DF;Southampton;30;1988;6.2;1;0;0;3;5;0;0;5;3;0;0;0;1;1;100.0;1;0;7;11;63.6;4;Matches
483;Ashley Young\Ashley-Young;eng ENG;DF;Manchester Utd;34;1985;10.6;5;0;0;14;16;0;62;4;10;0;0;0;8;17;47.1;9;2;10;29;34.5;19;Matches
484;Pablo Zabaleta\Pablo-Zabaleta;ar ARG;DF;West Ham;34;1985;6.5;2;0;0;7;9;0;15;10;13;0;0;0;0;2;0.0;0;0;15;26;57.7;11;Matches
485;Wilfried Zaha\Wilfried-Zaha;ci CIV;MFFW;Crystal Palace;26;1992;27.3;3;0;0;39;90;15;50;23;14;1;0;0;136;220;61.8;143;6;35;63;55.6;28;Matches
486;Christoph Zimmermann\Christoph-Zimmermann;de GER;DF;Norwich City;26;1993;14.4;2;0;0;8;8;0;0;19;16;0;2;0;4;5;80.0;4;0;29;33;87.9;4;Matches
487;Oleksandr Zinchenko\Oleksandr-Zinchenko;ua UKR;DF;Manchester City;22;1996;9.2;2;1;1;11;1;0;27;12;10;0;0;0;4;8;50.0;4;0;20;35;57.1;15;Matches
488;Kurt Zouma\Kurt-Zouma;fr FRA;DF;Chelsea;24;1994;19.0;4;0;0;23;12;1;0;14;38;0;1;1;7;10;70.0;8;0;27;31;87.1;4;Matches