"id";"name";"nation";"position";"Squad";"age";"born";"90s";"Gls";"PK";"PKatt";"Sh";"SoT";"FK";"SoT%";"Sh/90";"SoT/90";"G/Sh";"G/SoT";"xG";"npxG";"npxG/Sh";"G-xG";"np:G-xG";"Matches"
1;Antonio Adán\Antonio-Adan;es ESP;GK;Atlético Madrid;32;1987;0.3;0;0;0;0;0;0;;0.00;0.00;;;0.0;0.0;;0.0;0.0;Matches
2;Aritz Aduriz\Aritz-Aduriz;es ESP;FW;Athletic Bilbao;38;1981;2.1;1;0;1;6;3;0;50.0;2.80;1.40;0.17;0.33;1.3;0.6;0.09;-0.3;+0.4;Matches
3;Lumor Agbenyenu\Lumor-Agbenyenu;gh GHA;DF;Mallorca;22;1996;16.9;0;0;0;11;1;0;9.1;0.65;0.06;0.00;0.00;0.2;0.2;0.02;-0.2;-0.2;Matches
4;Martin Agirregabiria\Martin-Agirregabiria;es ESP;DF;Alavés;23;1996;17.0;0;0;0;2;0;0;0.0;0.12;0.00;0.00;;0.0;0.0;0.01;0.0;0.0;Matches
5;Joseph Aidoo\Joseph-Aidoo;gh GHA;DF;Celta Vigo;23;1995;19.9;0;0;0;10;1;0;10.0;0.50;0.05;0.00;0.00;0.9;0.9;0.09;-0.9;-0.9;Matches
6;Jordi Alba\Jordi-Alba;es ESP;DF;Barcelona;30;1989;14.3;1;0;0;4;1;0;25.0;0.28;0.07;0.25;1.00;0.5;0.5;0.13;+0.5;+0.5;Matches
7;Raúl Albiol\Raul-Albiol;es ESP;DF;Villarreal;33;1985;25.0;1;0;0;11;3;0;27.3;0.44;0.12;0.09;0.33;1.2;1.2;0.11;-0.2;-0.2;Matches
8;Paco Alcácer\Paco-Alcacer;es ESP;FW;Villarreal;25;1993;4.5;2;0;0;10;3;0;30.0;2.22;0.67;0.20;0.67;1.6;1.6;0.16;+0.4;+0.4;Matches
9;Rubén Alcaraz\Ruben-Alcaraz;es ESP;MF;Valladolid;28;1991;13.0;1;0;0;20;5;6;25.0;1.54;0.38;0.05;0.20;0.8;0.8;0.04;+0.2;+0.2;Matches
10;Álex Alegría\Alex-Alegria;es ESP;FW;Mallorca;26;1992;1.1;0;0;0;0;0;0;;0.00;0.00;;;0.0;0.0;;0.0;0.0;Matches
11;Carles Aleñá\Carles-Alena;es ESP;MFFW;Betis;21;1998;4.9;0;0;0;7;2;0;28.6;1.44;0.41;0.00;0.00;0.7;0.7;0.10;-0.7;-0.7;Matches
12;Carles Aleñá\Carles-Alena;es ESP;MF;Barcelona;21;1998;1.9;0;0;0;1;1;0;100.0;0.53;0.53;0.00;0.00;0.0;0.0;0.04;0.0;0.0;Matches
13;Sergio Álvarez\Sergio-Alvarez;es ESP;GK;Celta Vigo;32;1986;2.0;0;0;0;0;0;0;;0.00;0.00;;;0.0;0.0;;0.0;0.0;Matches
14;Sergio Álvarez\Sergio-Alvarez;es ESP;MFDF;Eibar;27;1992;7.1;0;0;0;2;0;0;0.0;0.28;0.00;0.00;;0.2;0.2;0.09;-0.2;-0.2;Matches
15;Yeray Álvarez\Yeray-Alvarez;es ESP;DF;Athletic Bilbao;24;1995;24.0;0;0;0;10;1;0;10.0;0.42;0.04;0.00;0.00;1.1;1.1;0.11;-1.1;-1.1;Matches
16;Amath\Amath;sn SEN;MF;Getafe;23;1996;0.5;0;0;0;0;0;0;;0.00;0.00;;;0.0;0.0;;0.0;0.0;Matches
17;Miguel Ángel Guerrero\Miguel-Angel-Guerrero;es ESP;FW;Leganés;29;1990;1.5;0;0;0;2;1;0;50.0;1.34;0.67;0.00;0.00;0.1;0.1;0.06;-0.1;-0.1;Matches
18;Miguel Ángel Moyá\Miguel-Angel-Moya;es ESP;GK;Real Sociedad;35;1984;7.0;0;0;0;0;0;0;;0.00;0.00;;;0.0;0.0;;0.0;0.0;Matches
19;José Ángel\Jose-Angel;es ESP;DF;Eibar;29;1989;18.4;1;0;0;15;4;4;26.7;0.82;0.22;0.07;0.25;0.4;0.4;0.02;+0.6;+0.6;Matches
20;Antoñito\Antonito;es ESP;DFMF;Valladolid;31;1987;5.8;0;0;0;1;0;0;0.0;0.17;0.00;0.00;;0.1;0.1;0.09;-0.1;-0.1;Matches
21;Vitorino Antunes\Vitorino-Antunes;pt POR;MF;Getafe;32;1987;0.1;0;0;0;0;0;0;;0.00;0.00;;;0.0;0.0;;0.0;0.0;Matches
22;Anuar\Anuar;ma MAR;MFFW;Valladolid;24;1995;2.0;0;0;0;1;0;0;0.0;0.50;0.00;0.00;;0.0;0.0;0.03;0.0;0.0;Matches
23;Mauro Arambarri\Mauro-Arambarri;uy URU;MF;Getafe;23;1995;23.4;1;0;0;27;4;3;14.8;1.16;0.17;0.04;0.25;1.3;1.3;0.05;-0.3;-0.3;Matches
24;Néstor Araujo\Nestor-Araujo;mx MEX;DF;Celta Vigo;27;1991;23.2;1;0;0;9;3;0;33.3;0.39;0.13;0.11;0.33;0.6;0.6;0.07;+0.4;+0.4;Matches
25;Ronald Araújo\Ronald-Araujo;uy URU;DF;Barcelona;20;1999;0.1;0;0;0;0;0;0;;0.00;0.00;;;0.0;0.0;;0.0;0.0;Matches
26;Anaitz Arbilla\Anaitz-Arbilla;es ESP;DF;Eibar;32;1987;17.2;1;0;0;12;2;3;16.7;0.70;0.12;0.08;0.50;0.6;0.6;0.05;+0.4;+0.4;Matches
27;Alphonse Areola\Alphonse-Areola;fr FRA;GK;Real Madrid;26;1993;3.0;0;0;0;0;0;0;;0.00;0.00;;;0.0;0.0;;0.0;0.0;Matches
28;Santiago Arias\Santiago-Arias;co COL;DF;Atlético Madrid;27;1992;6.1;0;0;0;3;1;0;33.3;0.49;0.16;0.00;0.00;0.1;0.1;0.04;-0.1;-0.1;Matches
29;José Arnaiz\Jose-Arnaiz;es ESP;MFFW;Leganés;24;1995;3.6;0;0;0;11;5;0;45.5;3.02;1.37;0.00;0.00;0.6;0.6;0.05;-0.6;-0.6;Matches
30;José Arnaiz\Jose-Arnaiz;es ESP;FWMF;Osasuna;24;1995;1.9;0;0;0;6;1;0;16.7;3.18;0.53;0.00;0.00;0.4;0.4;0.07;-0.4;-0.4;Matches
31;Sergio Asenjo\Sergio-Asenjo;es ESP;GK;Villarreal;30;1989;23.0;0;0;0;0;0;0;;0.00;0.00;;;0.0;0.0;;0.0;0.0;Matches
32;Iago Aspas\Iago-Aspas;es ESP;FW;Celta Vigo;31;1987;25.9;9;2;3;63;25;8;39.7;2.43;0.97;0.11;0.28;9.2;6.9;0.11;-0.2;+0.1;Matches
33;Roger Assalé\Roger-Assale;ci CIV;FWDF;Leganés;25;1993;0.8;0;0;0;3;1;0;33.3;3.65;1.22;0.00;0.00;0.4;0.4;0.13;-0.4;-0.4;Matches
34;Miguel Atienza\Miguel-Atienza;es ESP;MF;Eibar;;;0.3;0;0;0;0;0;0;;0.00;0.00;;;0.0;0.0;;0.0;0.0;Matches
35;Ezequiel Ávila\Ezequiel-Avila;ar ARG;FW;Osasuna;25;1994;17.7;9;0;0;68;27;0;39.7;3.84;1.53;0.13;0.33;7.0;7.0;0.10;+2.0;+2.0;Matches
36;Javier Avilés\Javier-Aviles;es ESP;MF;Leganés;21;1997;0.1;0;0;0;0;0;0;;0.00;0.00;;;0.0;0.0;;0.0;0.0;Matches
37;Chidozie Awaziem\Chidozie-Awaziem;ng NGA;DF;Leganés;22;1997;15.7;0;0;0;6;0;0;0.0;0.38;0.00;0.00;;0.4;0.4;0.07;-0.4;-0.4;Matches
38;Ramon Azeez\Ramon-Azeez;ng NGA;MF;Granada;26;1992;9.8;2;0;0;16;2;0;12.5;1.63;0.20;0.13;1.00;1.7;1.7;0.10;+0.3;+0.3;Matches
39;Iddrisu Baba\Iddrisu-Baba;gh GHA;MF;Mallorca;23;1996;22.2;0;0;0;7;1;0;14.3;0.32;0.05;0.00;0.00;0.4;0.4;0.06;-0.4;-0.4;Matches
40;Carlos Bacca\Carlos-Bacca;co COL;FWMF;Villarreal;32;1986;4.7;1;0;0;11;4;0;36.4;2.36;0.86;0.09;0.25;1.5;1.5;0.14;-0.5;-0.5;Matches
41;Gareth Bale\Gareth-Bale;wal WAL;FWMF;Real Madrid;30;1989;11.0;2;0;0;31;12;3;38.7;2.82;1.09;0.06;0.17;3.5;3.5;0.11;-1.5;-1.5;Matches
42;Mikel Balenziaga\Mikel-Balenziaga;es ESP;DF;Athletic Bilbao;31;1988;3.0;0;0;0;0;0;0;;0.00;0.00;;;0.0;0.0;;0.0;0.0;Matches
43;Éver Banega\Ever-Banega;ar ARG;MF;Sevilla;31;1988;19.6;2;2;2;26;5;2;19.2;1.32;0.25;0.00;0.00;2.6;1.0;0.04;-0.6;-1.0;Matches
44;Federico Barba\Federico-Barba;it ITA;DF;Valladolid;25;1993;5.0;0;0;0;1;1;0;100.0;0.20;0.20;0.00;0.00;0.0;0.0;0.04;0.0;0.0;Matches
45;Enis Bardhi\Enis-Bardhi;mk MKD;MF;Levante;24;1995;15.1;2;0;0;32;10;9;31.3;2.13;0.66;0.06;0.20;1.9;1.9;0.06;+0.1;+0.1;Matches
46;Antonio Barragán\Antonio-Barragan;es ESP;DF;Betis;32;1987;4.6;0;0;0;1;0;0;0.0;0.22;0.00;0.00;;0.0;0.0;0.05;0.0;0.0;Matches
47;Ander Barrenetxea\Ander-Barrenetxea;es ESP;MFFW;Real Sociedad;17;2001;1.7;0;0;0;5;3;0;60.0;2.88;1.73;0.00;0.00;0.3;0.3;0.06;-0.3;-0.3;Matches
48;Marc Bartra\Marc-Bartra;es ESP;DFMF;Betis;28;1991;20.9;2;0;0;16;4;0;25.0;0.76;0.19;0.13;0.50;1.2;1.2;0.08;+0.8;+0.8;Matches
49;Gil Bastião Dias\Gil-Bastiao-Dias;pt POR;FWDF;Granada;22;1996;0.9;0;0;0;2;1;0;50.0;2.14;1.07;0.00;0.00;0.1;0.1;0.05;-0.1;-0.1;Matches
50;Fran Beltrán\Fran-Beltran;es ESP;MF;Celta Vigo;20;1999;14.1;0;0;0;9;2;0;22.2;0.64;0.14;0.00;0.00;1.0;1.0;0.11;-1.0;-1.0;Matches
51;Hatem Ben Arfa\Hatem-Ben-Arfa;fr FRA;MF;Valladolid;32;1987;0.1;0;0;0;0;0;0;;0.00;0.00;;;0.0;0.0;;0.0;0.0;Matches
52;Karim Benzema\Karim-Benzema;fr FRA;FW;Real Madrid;31;1987;23.7;13;2;2;91;38;1;41.8;3.84;1.60;0.12;0.29;12.4;10.9;0.12;+0.6;+0.1;Matches
53;Yuri Berchiche\Yuri-Berchiche;es ESP;DF;Athletic Bilbao;29;1990;23.0;2;0;0;27;8;0;29.6;1.17;0.35;0.07;0.25;1.1;1.1;0.04;+0.9;+0.9;Matches
54;Markel Bergara\Markel-Bergara;es ESP;MF;Getafe;33;1986;0.8;0;0;0;1;0;0;0.0;1.29;0.00;0.00;;0.2;0.2;0.23;-0.2;-0.2;Matches
55;Sergio Bermejo\Sergio-Bermejo;es ESP;FW;Celta Vigo;21;1997;0.0;0;0;0;0;0;0;;0.00;0.00;;;0.0;0.0;;0.0;0.0;Matches
56;Pedro Bigas\Pedro-Bigas;es ESP;DF;Eibar;28;1990;9.6;0;0;0;3;1;0;33.3;0.31;0.10;0.00;0.00;0.7;0.7;0.23;-0.7;-0.7;Matches
57;Rubén Blanco\Ruben-Blanco;es ESP;GK;Celta Vigo;24;1995;24.0;0;0;0;0;0;0;;0.00;0.00;;;0.0;0.0;;0.0;0.0;Matches
58;Pablo de Blasis\Pablo-de-Blasis;ar ARG;DFMF;Eibar;31;1988;11.1;0;0;0;4;1;1;25.0;0.36;0.09;0.00;0.00;0.3;0.3;0.07;-0.3;-0.3;Matches
59;Yassine Bounou\Yassine-Bounou;ma MAR;GK;Sevilla;28;1991;1.5;0;0;0;0;0;0;;0.00;0.00;;;0.0;0.0;;0.0;0.0;Matches
60;Filip Bradarić\Filip-Bradaric;hr CRO;MF;Celta Vigo;27;1992;1.4;0;0;0;0;0;0;;0.00;0.00;;;0.0;0.0;;0.0;0.0;Matches
61;Martin Braithwaite\Martin-Braithwaite;dk DEN;FW;Barcelona;28;1991;0.4;0;0;0;2;2;0;100.0;4.62;4.62;0.00;0.00;0.4;0.4;0.22;-0.4;-0.4;Matches
62;Martin Braithwaite\Martin-Braithwaite;dk DEN;FWMF;Leganés;28;1991;21.5;6;0;1;40;16;1;40.0;1.86;0.74;0.15;0.38;6.5;5.8;0.14;-0.5;+0.2;Matches
63;Brandon\Brandon;es ESP;FW;Osasuna;24;1995;4.5;0;0;0;9;2;0;22.2;1.99;0.44;0.00;0.00;0.9;0.9;0.10;-0.9;-0.9;Matches
64;Darko Brašanac\Darko-Brasanac;rs SRB;MF;Osasuna;27;1992;17.7;0;0;0;18;6;0;33.3;1.02;0.34;0.00;0.00;1.7;1.7;0.10;-1.7;-1.7;Matches
65;Yan Brice Eteki\Yan-Brice-Eteki;cm CMR;MF;Granada;21;1997;9.1;0;0;0;5;0;0;0.0;0.55;0.00;0.00;;0.3;0.3;0.05;-0.3;-0.3;Matches
66;Bryan\Bryan;es ESP;MFFW;Leganés;18;2001;1.0;0;0;0;1;0;0;0.0;1.00;0.00;0.00;;0.0;0.0;0.04;0.0;0.0;Matches
67;Bryan\Bryan;es ESP;FW;Sevilla;18;2001;0.7;0;0;0;0;0;0;;0.00;0.00;;;0.0;0.0;;0.0;0.0;Matches
68;Ante Budimir\Ante-Budimir;hr CRO;FW;Mallorca;28;1991;22.1;9;0;0;40;13;0;32.5;1.81;0.59;0.23;0.69;6.7;6.7;0.17;+2.3;+2.3;Matches
69;Esteban Burgos\Esteban-Burgos;ar ARG;DF;Eibar;27;1992;5.8;1;0;0;2;1;0;50.0;0.35;0.17;0.50;1.00;0.8;0.8;0.39;+0.2;+0.2;Matches
70;Burgui\Burgui;es ESP;MF;Alavés;25;1993;0.2;0;0;0;0;0;0;;0.00;0.00;;;0.0;0.0;;0.0;0.0;Matches
71;Oliver Burke\Oliver-Burke;sco SCO;MFFW;Alavés;22;1997;8.8;1;0;0;13;3;0;23.1;1.48;0.34;0.08;0.33;2.6;2.6;0.20;-1.6;-1.6;Matches
72;Sergio Busquets\Sergio-Busquets;es ESP;MF;Barcelona;31;1988;19.0;2;0;0;8;4;0;50.0;0.42;0.21;0.25;0.50;1.1;1.1;0.13;+0.9;+0.9;Matches
73;Unai Bustinza\Unai-Bustinza;es ESP;DF;Leganés;27;1992;21.2;0;0;0;7;3;0;42.9;0.33;0.14;0.00;0.00;0.4;0.4;0.06;-0.4;-0.4;Matches
74;Erick Cabaco\Erick-Cabaco;uy URU;DF;Levante;24;1995;9.0;0;0;0;4;0;0;0.0;0.45;0.00;0.00;;0.3;0.3;0.06;-0.3;-0.3;Matches
75;Ariday Cabrera\Ariday-Cabrera;es ESP;MFFW;Mallorca;30;1988;0.4;0;0;0;1;1;0;100.0;2.57;2.57;0.00;0.00;0.0;0.0;0.04;0.0;0.0;Matches
76;Leandro Cabrera\Leandro-Cabrera;uy URU;DF;Getafe;28;1991;17.0;2;0;0;9;3;0;33.3;0.53;0.18;0.22;0.67;0.9;0.9;0.10;+1.1;+1.1;Matches
77;Leandro Cabrera\Leandro-Cabrera;uy URU;DF;Espanyol;28;1991;6.0;0;0;0;0;0;0;;0.00;0.00;;;0.0;0.0;;0.0;0.0;Matches
78;Fernando Calero\Fernando-Calero;es ESP;DF;Espanyol;23;1995;10.8;0;0;0;0;0;0;;0.00;0.00;;;0.0;0.0;;0.0;0.0;Matches
79;Jonathan Calleri\Jonathan-Calleri;ar ARG;FW;Espanyol;25;1993;14.6;1;0;0;36;10;0;27.8;2.46;0.68;0.03;0.10;2.9;2.9;0.08;-1.9;-1.9;Matches
80;Víctor Camarasa\Victor-Camarasa;es ESP;MF;Alavés;25;1994;6.7;0;0;0;6;2;0;33.3;0.89;0.30;0.00;0.00;0.2;0.2;0.03;-0.2;-0.2;Matches
81;Sergio Camello\Sergio-Camello;es ESP;FW;Atlético Madrid;18;2001;0.3;0;0;0;0;0;0;;0.00;0.00;;;0.0;0.0;;0.0;0.0;Matches
82;José Campaña\Jose-Campana;es ESP;MF;Levante;26;1993;24.6;2;0;0;28;7;3;25.0;1.14;0.28;0.07;0.29;2.2;2.2;0.08;-0.2;-0.2;Matches
83;Xisco Campos\Xisco-Campos;es ESP;DF;Mallorca;37;1982;3.8;0;0;0;2;0;0;0.0;0.53;0.00;0.00;;0.1;0.1;0.03;-0.1;-0.1;Matches
84;Víctor Campuzano\Victor-Campuzano;es ESP;FW;Espanyol;22;1997;7.7;0;0;0;16;7;0;43.8;2.07;0.90;0.00;0.00;1.4;1.4;0.09;-1.4;-1.4;Matches
85;Sergio Canales\Sergio-Canales;es ESP;MF;Betis;28;1991;24.5;4;2;2;32;10;3;31.3;1.31;0.41;0.06;0.20;4.2;2.6;0.08;-0.2;-0.6;Matches
86;Ander Capa\Ander-Capa;es ESP;DF;Athletic Bilbao;27;1992;23.8;2;0;0;16;6;0;37.5;0.67;0.25;0.13;0.33;1.1;1.1;0.07;+0.9;+0.9;Matches
87;Marc Cardona\Marc-Cardona;es ESP;FW;Osasuna;24;1995;5.7;1;0;0;9;2;0;22.2;1.57;0.35;0.11;0.50;1.0;1.0;0.11;0.0;0.0;Matches
88;Diego Carlos\Diego-Carlos;br BRA;DF;Sevilla;26;1993;23.8;2;0;0;16;2;0;12.5;0.67;0.08;0.13;1.00;1.8;1.8;0.11;+0.2;+0.2;Matches
89;Yannick Carrasco\Yannick-Carrasco;be BEL;MFFW;Atlético Madrid;25;1993;1.3;0;0;0;2;1;0;50.0;1.51;0.76;0.00;0.00;0.1;0.1;0.03;-0.1;-0.1;Matches
90;Daniel Carriço\Daniel-Carrico;pt POR;DF;Sevilla;30;1988;9.4;0;0;0;4;0;0;0.0;0.42;0.00;0.00;;0.3;0.3;0.06;-0.3;-0.3;Matches
91;Guido Carrillo\Guido-Carrillo;ar ARG;FW;Leganés;28;1991;10.1;1;0;0;24;9;0;37.5;2.38;0.89;0.04;0.11;3.0;3.0;0.13;-2.0;-2.0;Matches
92;Dani Carvajal\Dani-Carvajal;es ESP;DF;Real Madrid;27;1992;22.0;1;0;0;13;6;0;46.2;0.59;0.27;0.08;0.17;2.1;2.1;0.16;-1.1;-1.1;Matches
93;William Carvalho\William-Carvalho;pt POR;MF;Betis;27;1992;7.9;0;0;0;5;2;0;40.0;0.64;0.25;0.00;0.00;0.4;0.4;0.07;-0.4;-0.4;Matches
94;Casemiro\Casemiro;br BRA;MF;Real Madrid;27;1992;23.7;3;0;0;33;6;3;18.2;1.39;0.25;0.09;0.50;2.4;2.4;0.07;+0.6;+0.6;Matches
95;Santi Cazorla\Santi-Cazorla;es ESP;MF;Villarreal;34;1984;19.3;8;6;6;31;11;0;35.5;1.60;0.57;0.06;0.18;6.0;1.5;0.05;+2.0;+0.5;Matches
96;Charles\Charles;br BRA;FW;Eibar;35;1984;9.1;4;0;1;15;7;0;46.7;1.64;0.77;0.27;0.57;2.8;2.0;0.14;+1.2;+2.0;Matches
97;Pablo Chavarría\Pablo-Chavarria;ar ARG;FWMF;Mallorca;31;1988;1.1;0;0;0;2;0;0;0.0;1.80;0.00;0.00;;0.3;0.3;0.15;-0.3;-0.3;Matches
98;Pape Cheikh Diop\Pape-Cheikh-Diop;es ESP;MF;Celta Vigo;21;1997;6.0;0;0;0;2;0;0;0.0;0.33;0.00;0.00;;0.1;0.1;0.06;-0.1;-0.1;Matches
99;Chema\Chema;es ESP;DF;Getafe;27;1992;1.0;0;0;0;2;0;0;0.0;2.00;0.00;0.00;;0.1;0.1;0.05;-0.1;-0.1;Matches
100;Denis Cheryshev\Denis-Cheryshev;ru RUS;MFFW;Valencia;28;1990;7.8;1;0;0;15;5;0;33.3;1.93;0.64;0.07;0.20;2.2;2.2;0.14;-1.2;-1.2;Matches
101;Samuel Chukwueze\Samuel-Chukwueze;ng NGA;MFFW;Villarreal;20;1999;15.3;3;0;0;38;9;0;23.7;2.48;0.59;0.08;0.33;3.0;3.0;0.08;0.0;0.0;Matches
102;Jasper Cillessen\Jasper-Cillessen;nl NED;GK;Valencia;30;1989;15.3;0;0;0;0;0;0;;0.00;0.00;;;0.0;0.0;;0.0;0.0;Matches
103;Óscar Clemente\Oscar-Clemente;es ESP;MF;Atlético Madrid;20;1999;0.0;0;0;0;0;0;0;;0.00;0.00;;;0.0;0.0;;0.0;0.0;Matches
104;Carlos Clerc\Carlos-Clerc;es ESP;DF;Levante;27;1992;13.0;0;0;0;2;0;0;0.0;0.15;0.00;0.00;;0.1;0.1;0.03;-0.1;-0.1;Matches
105;Coke\Coke;es ESP;DF;Levante;32;1987;6.1;0;0;0;3;0;0;0.0;0.49;0.00;0.00;;0.1;0.1;0.03;-0.1;-0.1;Matches
106;Álex Collado\Alex-Collado;es ESP;DF;Barcelona;20;1999;0.1;0;0;0;0;0;0;;0.00;0.00;;;0.0;0.0;;0.0;0.0;Matches
107;Francis Coquelin\Francis-Coquelin;fr FRA;MF;Valencia;28;1991;16.5;0;0;0;9;1;0;11.1;0.55;0.06;0.00;0.00;0.4;0.4;0.04;-0.4;-0.4;Matches
108;Sébastien Corchia\Sebastien-Corchia;fr FRA;DF;Espanyol;28;1990;3.0;0;0;0;3;1;0;33.3;1.00;0.33;0.00;0.00;0.1;0.1;0.05;-0.1;-0.1;Matches
109;Iñigo Córdoba\Inigo-Cordoba;es ESP;FW;Athletic Bilbao;22;1997;8.6;0;0;0;12;3;0;25.0;1.39;0.35;0.00;0.00;0.8;0.8;0.06;-0.8;-0.8;Matches
110;Ángel Correa\Angel-Correa;ar ARG;MFFW;Atlético Madrid;24;1995;15.6;5;0;0;36;15;1;41.7;2.31;0.96;0.14;0.33;5.5;5.5;0.15;-0.5;-0.5;Matches
111;Rober Correa\Rober-Correa;es ESP;DF;Eibar;26;1992;2.9;0;0;0;1;0;0;0.0;0.35;0.00;0.00;;0.0;0.0;0.02;0.0;0.0;Matches
112;Thierry Correia\Thierry-Correia;pt POR;DF;Valencia;20;1999;2.0;0;0;0;0;0;0;;0.00;0.00;;;0.0;0.0;;0.0;0.0;Matches
113;Diego Costa\Diego-Costa;es ESP;FW;Atlético Madrid;30;1988;8.7;2;1;2;13;2;0;15.4;1.49;0.23;0.08;0.50;3.0;1.5;0.11;-1.0;-0.5;Matches
114;Jaume Costa\Jaume-Costa;es ESP;DF;Valencia;31;1988;10.7;0;0;0;1;0;0;0.0;0.09;0.00;0.00;;0.0;0.0;0.02;0.0;0.0;Matches
115;David Costas\David-Costas;es ESP;DF;Celta Vigo;24;1995;3.7;0;0;0;1;0;0;0.0;0.27;0.00;0.00;;0.1;0.1;0.11;-0.1;-0.1;Matches
116;Thibaut Courtois\Thibaut-Courtois;be BEL;GK;Real Madrid;27;1992;23.0;0;0;0;1;1;0;100.0;0.04;0.04;0.00;0.00;0.1;0.1;0.09;-0.1;-0.1;Matches
117;Sebastián Cristóforo\Sebastian-Cristoforo;uy URU;MF;Eibar;25;1993;2.7;0;0;0;2;1;0;50.0;0.75;0.37;0.00;0.00;0.1;0.1;0.03;-0.1;-0.1;Matches
118;Cucho\Cucho;co COL;FWMF;Mallorca;20;1999;7.9;2;0;0;23;8;0;34.8;2.90;1.01;0.09;0.25;2.0;2.0;0.09;0.0;0.0;Matches
119;Marc Cucurella\Marc-Cucurella;es ESP;MFDF;Getafe;21;1998;24.8;1;0;0;20;5;1;25.0;0.81;0.20;0.05;0.20;1.3;1.3;0.06;-0.3;-0.3;Matches
120;Iván Cuéllar\Ivan-Cuellar;es ESP;GK;Leganés;35;1984;15.0;0;0;0;0;0;0;;0.00;0.00;;;0.0;0.0;;0.0;0.0;Matches
121;Moanes Dabour\Moanes-Dabour;il ISR;FW;Sevilla;27;1992;0.3;0;0;0;2;0;0;0.0;7.50;0.00;0.00;;0.2;0.2;0.08;-0.2;-0.2;Matches
122;Sergi Darder\Sergi-Darder;es ESP;MFFW;Espanyol;25;1993;22.5;2;0;0;40;7;0;17.5;1.78;0.31;0.05;0.29;2.1;2.1;0.05;-0.1;-0.1;Matches
123;Ousmane Dembélé\Ousmane-Dembele;fr FRA;FW;Barcelona;22;1997;4.0;1;0;0;5;2;0;40.0;1.26;0.50;0.20;0.50;1.1;1.1;0.22;-0.1;-0.1;Matches
124;Deyverson\Deyverson;br BRA;FW;Getafe;28;1991;1.6;0;0;0;2;0;1;0.0;1.25;0.00;0.00;;0.1;0.1;0.04;-0.1;-0.1;Matches
125;Mouctar Diakhaby\Mouctar-Diakhaby;fr FRA;DF;Valencia;22;1996;11.1;0;0;0;0;0;0;;0.00;0.00;;;0.0;0.0;;0.0;0.0;Matches
126;Brahim Díaz\Brahim-Diaz;es ESP;FWMF;Real Madrid;19;1999;0.3;0;0;0;0;0;0;;0.00;0.00;;;0.0;0.0;;0.0;0.0;Matches
127;Víctor Díaz\Victor-Diaz;es ESP;DF;Granada;31;1988;23.7;0;0;0;12;0;0;0.0;0.51;0.00;0.00;;0.4;0.4;0.03;-0.4;-0.4;Matches
128;Papakouli Diop\Papakouli-Diop;sn SEN;MF;Eibar;33;1986;17.7;1;0;0;17;7;0;41.2;0.96;0.40;0.06;0.14;0.8;0.8;0.04;+0.2;+0.2;Matches
129;Djené\Djene;tg TOG;DF;Getafe;27;1991;24.0;0;0;0;3;1;0;33.3;0.12;0.04;0.00;0.00;0.2;0.2;0.06;-0.2;-0.2;Matches
130;Marko Dmitrović\Marko-Dmitrovic;rs SRB;GK;Eibar;27;1992;24.0;0;0;0;0;0;0;;0.00;0.00;;;0.0;0.0;;0.0;0.0;Matches
131;Jaume Doménech\Jaume-Domenech;es ESP;GK;Valencia;28;1990;11.7;0;0;0;0;0;0;;0.00;0.00;;;0.0;0.0;;0.0;0.0;Matches
132;Domingos Duarte\Domingos-Duarte;pt POR;DF;Granada;24;1995;24.5;2;0;0;6;2;0;33.3;0.25;0.08;0.33;1.00;1.0;1.0;0.16;+1.0;+1.0;Matches
133;Óscar Duarte\Oscar-Duarte;cr CRC;DF;Levante;30;1989;3.4;0;0;0;2;1;0;50.0;0.59;0.30;0.00;0.00;0.1;0.1;0.05;-0.1;-0.1;Matches
134;Rubén Duarte\Ruben-Duarte;es ESP;DF;Alavés;23;1995;25.0;0;0;0;16;7;0;43.8;0.64;0.28;0.00;0.00;1.0;1.0;0.06;-1.0;-1.0;Matches
135;Hugo Duro\Hugo-Duro;es ESP;FW;Getafe;19;1999;0.9;0;0;0;2;1;0;50.0;2.34;1.17;0.00;0.00;0.4;0.4;0.18;-0.4;-0.4;Matches
136;Aritz Elustondo\Aritz-Elustondo;es ESP;DF;Real Sociedad;25;1994;9.3;0;0;0;3;0;0;0.0;0.32;0.00;0.00;;0.3;0.3;0.09;-0.3;-0.3;Matches
137;Rodrigo Ely\Rodrigo-Ely;br BRA;DF;Alavés;25;1993;17.6;1;0;0;4;2;0;50.0;0.23;0.11;0.25;0.50;0.4;0.4;0.09;+0.6;+0.6;Matches
138;Adri Embarba\Adri-Embarba;es ESP;MFFW;Espanyol;27;1992;5.1;2;1;1;10;5;3;50.0;1.97;0.98;0.10;0.20;1.1;0.4;0.04;+0.9;+0.6;Matches
139;Emerson\Emerson;br BRA;DF;Betis;20;1999;21.5;3;0;0;20;4;0;20.0;0.93;0.19;0.15;0.75;1.2;1.2;0.06;+1.8;+1.8;Matches
140;Youssef En-Nesyri\Youssef-En-Nesyri;ma MAR;FW;Sevilla;22;1997;3.3;3;0;0;13;4;0;30.8;3.99;1.23;0.23;0.75;2.9;2.9;0.22;+0.1;+0.1;Matches
141;Youssef En-Nesyri\Youssef-En-Nesyri;ma MAR;FW;Leganés;22;1997;15.4;4;0;0;39;18;0;46.2;2.54;1.17;0.10;0.22;3.9;3.9;0.10;+0.1;+0.1;Matches
142;Sergi Enrich\Sergi-Enrich;es ESP;FW;Eibar;29;1990;15.1;1;0;0;22;3;0;13.6;1.46;0.20;0.05;0.33;2.4;2.4;0.11;-1.4;-1.4;Matches
143;Javier Eraso\Javier-Eraso;es ESP;MFFW;Leganés;29;1990;6.7;0;0;0;6;4;0;66.7;0.89;0.59;0.00;0.00;0.4;0.4;0.06;-0.4;-0.4;Matches
144;Gonzalo Escalante\Gonzalo-Escalante;ar ARG;MF;Eibar;26;1993;14.5;0;0;0;19;4;0;21.1;1.31;0.28;0.00;0.00;1.4;1.4;0.07;-1.4;-1.4;Matches
145;Aarón Escandell\Aaron-Escandell;es ESP;GK;Granada;23;1995;1.0;0;0;0;0;0;0;;0.00;0.00;;;0.0;0.0;;0.0;0.0;Matches
146;Sergio Escudero\Sergio-Escudero;es ESP;DF;Sevilla;29;1989;4.6;0;0;0;3;3;0;100.0;0.65;0.65;0.00;0.00;0.1;0.1;0.05;-0.1;-0.1;Matches
147;Bernardo Espinosa\Bernardo-Espinosa;co COL;DF;Espanyol;30;1989;17.0;2;0;0;15;5;0;33.3;0.88;0.29;0.13;0.40;1.4;1.4;0.09;+0.6;+0.6;Matches
148;Esquerdo\Esquerdo;es ESP;MF;Valencia;20;1999;0.1;0;0;0;0;0;0;;0.00;0.00;;;0.0;0.0;;0.0;0.0;Matches
149;Pervis Estupiñán\Pervis-Estupinan;ec ECU;DF;Osasuna;21;1998;25.0;1;0;0;13;2;1;15.4;0.52;0.08;0.08;0.50;1.0;1.0;0.08;0.0;0.0;Matches
150;Oghenekaro Etebo\Oghenekaro-Etebo;ng NGA;MF;Getafe;23;1995;3.1;0;0;0;4;2;0;50.0;1.29;0.65;0.00;0.00;0.2;0.2;0.06;-0.2;-0.2;Matches
151;Beñat Etxebarria\Benat-Etxebarria;es ESP;MF;Athletic Bilbao;32;1987;4.3;0;0;0;5;2;0;40.0;1.16;0.46;0.00;0.00;0.1;0.1;0.02;-0.1;-0.1;Matches
152;Xabier Etxeita\Xabier-Etxeita;es ESP;DF;Getafe;31;1987;8.5;0;0;0;1;0;0;0.0;0.12;0.00;0.00;;0.0;0.0;0.02;0.0;0.0;Matches
153;Edu Expósito\Edu-Exposito;es ESP;MF;Eibar;22;1996;16.2;2;0;0;13;7;0;53.8;0.80;0.43;0.15;0.29;0.6;0.6;0.04;+1.4;+1.4;Matches
154;Fabricio\Fabricio;es ESP;GK;Mallorca;31;1987;1.0;0;0;0;0;0;0;;0.00;0.00;;;0.0;0.0;;0.0;0.0;Matches
155;Fayçal Fajr\Faycal-Fajr;ma MAR;MF;Getafe;30;1988;4.3;0;0;0;8;2;2;25.0;1.85;0.46;0.00;0.00;0.4;0.4;0.06;-0.4;-0.4;Matches
156;Eliseo Falcon\Eliseo-Falcon;es ESP;DF;Levante;22;1997;0.8;0;0;0;0;0;0;;0.00;0.00;;;0.0;0.0;;0.0;0.0;Matches
157;Ansu Fati\Ansu-Fati;es ESP;FWDF;Barcelona;16;2002;7.5;4;0;0;23;9;0;39.1;3.05;1.19;0.17;0.44;2.4;2.4;0.10;+1.6;+1.6;Matches
158;Aleix Febas\Aleix-Febas;es ESP;MF;Mallorca;23;1996;15.6;0;0;0;8;3;0;37.5;0.51;0.19;0.00;0.00;0.6;0.6;0.08;-0.6;-0.6;Matches
159;Zouhair Feddal\Zouhair-Feddal;ma MAR;DF;Betis;30;1989;9.4;0;0;0;3;1;0;33.3;0.32;0.11;0.00;0.00;0.3;0.3;0.11;-0.3;-0.3;Matches
160;Ljubomir Fejsa\Ljubomir-Fejsa;rs SRB;MF;Alavés;30;1988;4.1;0;0;0;0;0;0;;0.00;0.00;;;0.0;0.0;;0.0;0.0;Matches
161;Nabil Fekir\Nabil-Fekir;fr FRA;MFFW;Betis;26;1993;19.2;7;1;1;67;23;4;34.3;3.48;1.20;0.09;0.26;5.0;4.3;0.06;+2.0;+1.7;Matches
162;Felipe\Felipe;br BRA;DF;Atlético Madrid;30;1989;19.0;1;0;0;16;5;0;31.3;0.84;0.26;0.06;0.20;1.1;1.1;0.07;-0.1;-0.1;Matches
163;João Félix\Joao-Felix;pt POR;FWMF;Atlético Madrid;19;1999;14.9;3;0;0;47;13;2;27.7;3.16;0.87;0.06;0.23;5.2;5.2;0.11;-2.2;-2.2;Matches
164;Aitor Fernández\Aitor-Fernandez;es ESP;GK;Levante;28;1991;26.0;0;0;0;0;0;0;;0.00;0.00;;;0.0;0.0;;0.0;0.0;Matches
165;Andrés Fernández\Andres-Fernandez;es ESP;GK;Villarreal;32;1986;3.3;0;0;0;0;0;0;;0.00;0.00;;;0.0;0.0;;0.0;0.0;Matches
166;Carlos Fernández\Carlos-Fernandez;es ESP;FWMF;Granada;23;1996;14.6;5;0;0;22;7;1;31.8;1.51;0.48;0.23;0.71;4.1;4.1;0.19;+0.9;+0.9;Matches
167;Gabriel Fernández\Gabriel-Fernandez;uy URU;FWMF;Celta Vigo;25;1994;5.5;1;0;0;6;3;0;50.0;1.10;0.55;0.17;0.33;0.7;0.7;0.11;+0.3;+0.3;Matches
168;Joaquín Fernández\Joaquin-Fernandez;es ESP;MFDF;Valladolid;23;1996;11.9;1;0;0;5;2;0;40.0;0.42;0.17;0.20;0.50;0.1;0.1;0.03;+0.9;+0.9;Matches
169;Fernando\Fernando;br BRA;MF;Sevilla;32;1987;23.2;1;0;0;9;2;0;22.2;0.39;0.09;0.11;0.50;1.5;1.5;0.17;-0.5;-0.5;Matches
170;Facundo Ferreyra\Facundo-Ferreyra;ar ARG;FW;Espanyol;28;1991;6.0;1;0;0;7;6;0;85.7;1.17;1.00;0.14;0.17;1.2;1.2;0.17;-0.2;-0.2;Matches
171;Junior Firpo\Junior-Firpo;es ESP;DF;Barcelona;22;1996;9.0;1;0;0;4;1;0;25.0;0.44;0.11;0.25;1.00;0.6;0.6;0.15;+0.4;+0.4;Matches
172;Alessandro Florenzi\Alessandro-Florenzi;it ITA;DFMF;Valencia;28;1991;2.2;0;0;0;2;1;0;50.0;0.92;0.46;0.00;0.00;0.1;0.1;0.06;-0.1;-0.1;Matches
173;Hernâni Fortes\Hernani-Fortes;pt POR;MFFW;Levante;27;1991;4.7;2;0;0;17;8;0;47.1;3.65;1.72;0.12;0.25;0.9;0.9;0.05;+1.1;+1.1;Matches
174;Dimitri Foulquier\Dimitri-Foulquier;fr FRA;DF;Granada;26;1993;6.1;1;0;0;4;2;0;50.0;0.66;0.33;0.25;0.50;0.2;0.2;0.04;+0.8;+0.8;Matches
175;Jorge de Frutos\Jorge-de-Frutos;es ESP;MFFW;Valladolid;22;1997;0.6;0;0;0;1;0;0;0.0;1.61;0.00;0.00;;0.1;0.1;0.13;-0.1;-0.1;Matches
176;Ramiro Funes Mori\Ramiro-Funes-Mori;ar ARG;DF;Villarreal;28;1991;5.0;0;0;0;3;0;0;0.0;0.60;0.00;0.00;;0.1;0.1;0.02;-0.1;-0.1;Matches
177;Enric Gallego\Enric-Gallego;es ESP;FW;Osasuna;32;1986;3.6;0;0;0;8;2;0;25.0;2.23;0.56;0.00;0.00;0.6;0.6;0.08;-0.6;-0.6;Matches
178;Enric Gallego\Enric-Gallego;es ESP;FW;Getafe;32;1986;1.8;0;0;0;3;1;0;33.3;1.67;0.56;0.00;0.00;0.2;0.2;0.08;-0.2;-0.2;Matches
179;Kévin Gameiro\Kevin-Gameiro;fr FRA;FW;Valencia;32;1987;11.6;5;0;1;15;8;0;53.3;1.29;0.69;0.33;0.63;4.3;3.6;0.24;+0.7;+1.4;Matches
180;Fran Gámez\Fran-Gamez;es ESP;DF;Mallorca;28;1991;13.7;0;0;0;11;1;0;9.1;0.81;0.07;0.00;0.00;0.9;0.9;0.08;-0.9;-0.9;Matches
181;Ezequiel Garay\Ezequiel-Garay;ar ARG;DF;Valencia;32;1986;16.0;0;0;0;7;3;0;42.9;0.44;0.19;0.00;0.00;0.6;0.6;0.09;-0.6;-0.6;Matches
182;Dani García\Dani-Garcia;es ESP;MF;Athletic Bilbao;29;1990;24.3;0;0;0;12;0;0;0.0;0.49;0.00;0.00;;0.5;0.5;0.04;-0.5;-0.5;Matches
183;David García\David-Garcia;es ESP;DF;Osasuna;25;1994;21.0;0;0;0;12;4;0;33.3;0.57;0.19;0.00;0.00;0.9;0.9;0.07;-0.9;-0.9;Matches
184;Javi García\Javi-Garcia;es ESP;MF;Betis;32;1987;4.0;0;0;0;4;1;0;25.0;1.00;0.25;0.00;0.00;0.2;0.2;0.06;-0.2;-0.2;Matches
185;Manu García\Manu-Garcia;es ESP;MF;Alavés;33;1986;19.6;0;0;0;19;7;0;36.8;0.97;0.36;0.00;0.00;2.1;2.1;0.11;-2.1;-2.1;Matches
186;Raúl García\Raul-Garcia;es ESP;MFFW;Athletic Bilbao;33;1986;22.2;8;5;5;51;18;0;35.3;2.29;0.81;0.06;0.17;7.6;3.8;0.07;+0.4;-0.8;Matches
187;Raúl García\Raul-Garcia;es ESP;DF;Getafe;30;1989;2.7;0;0;0;0;0;0;;0.00;0.00;;;0.0;0.0;;0.0;0.0;Matches
188;Raúl García\Raul-Garcia;es ESP;DF;Valladolid;30;1989;7.0;0;0;0;7;3;0;42.9;1.00;0.43;0.00;0.00;0.2;0.2;0.02;-0.2;-0.2;Matches
189;Rubén García\Ruben-Garcia;es ESP;MFFW;Osasuna;26;1993;19.7;6;1;1;40;13;8;32.5;2.03;0.66;0.13;0.38;5.6;4.8;0.12;+0.4;+0.2;Matches
190;Unai García\Unai-Garcia;es ESP;DF;Osasuna;27;1992;2.2;1;0;0;2;1;0;50.0;0.91;0.45;0.50;1.00;0.2;0.2;0.11;+0.8;+0.8;Matches
191;Mario Gaspar\Mario-Gaspar;es ESP;DF;Villarreal;28;1990;15.7;0;0;0;12;1;0;8.3;0.77;0.06;0.00;0.00;0.9;0.9;0.08;-0.9;-0.9;Matches
192;José Antonio Martínez Gil\Jose-Antonio-Martinez-Gil;es ESP;DF;Granada;26;1993;11.5;0;0;0;2;0;0;0.0;0.17;0.00;0.00;;0.1;0.1;0.04;-0.1;-0.1;Matches
193;Ibai Gómez\Ibai-Gomez;es ESP;FW;Athletic Bilbao;29;1989;7.2;0;0;0;14;5;2;35.7;1.94;0.69;0.00;0.00;1.1;1.1;0.08;-1.1;-1.1;Matches
194;Maxi Gómez\Maxi-Gomez;uy URU;FW;Valencia;22;1996;16.8;8;0;1;29;16;0;55.2;1.73;0.95;0.28;0.50;4.1;3.4;0.12;+3.9;+4.6;Matches
195;Moi Gómez\Moi-Gomez;es ESP;FWMF;Villarreal;25;1994;19.0;4;0;0;31;12;1;38.7;1.63;0.63;0.13;0.33;2.3;2.3;0.07;+1.7;+1.7;Matches
196;Sergi Gómez\Sergi-Gomez;es ESP;DF;Sevilla;27;1992;5.3;0;0;0;1;0;0;0.0;0.19;0.00;0.00;;0.0;0.0;0.02;0.0;0.0;Matches
197;Maxime Gonalons\Maxime-Gonalons;fr FRA;MF;Granada;30;1989;15.1;0;0;0;3;1;0;33.3;0.20;0.07;0.00;0.00;0.1;0.1;0.04;-0.1;-0.1;Matches
198;Bruno González\Bruno-Gonzalez;es ESP;DF;Getafe;29;1990;2.0;0;0;0;0;0;0;;0.00;0.00;;;0.0;0.0;;0.0;0.0;Matches
199;Bruno González\Bruno-Gonzalez;es ESP;DF;Levante;29;1990;2.0;0;0;0;0;0;0;;0.00;0.00;;;0.0;0.0;;0.0;0.0;Matches
200;Édgar González\Edgar-Gonzalez;es ESP;MF;Betis;22;1997;5.4;0;0;0;3;0;0;0.0;0.56;0.00;0.00;;0.7;0.7;0.25;-0.7;-0.7;Matches
201;Andoni Gorosabel\Andoni-Gorosabel;es ESP;DF;Real Sociedad;22;1996;3.3;0;0;0;1;1;0;100.0;0.31;0.31;0.00;0.00;0.0;0.0;0.01;0.0;0.0;Matches
202;Esteban Granero\Esteban-Granero;es ESP;MF;Espanyol;32;1987;5.2;1;0;0;7;7;0;100.0;1.34;1.34;0.14;0.14;1.2;1.2;0.18;-0.2;-0.2;Matches
203;Antoine Griezmann\Antoine-Griezmann;fr FRA;FW;Barcelona;28;1991;22.8;8;0;0;47;21;0;44.7;2.06;0.92;0.17;0.38;7.3;7.3;0.15;+0.7;+0.7;Matches
204;Andrés Guardado\Andres-Guardado;mx MEX;MF;Betis;32;1986;16.0;0;0;0;9;4;0;44.4;0.56;0.25;0.00;0.00;0.8;0.8;0.09;-0.8;-0.8;Matches
205;Sergi Guardiola\Sergi-Guardiola;es ESP;FW;Valladolid;28;1991;22.9;6;0;0;44;15;2;34.1;1.92;0.66;0.14;0.40;4.6;4.6;0.10;+1.4;+1.4;Matches
206;Nemanja Gudelj\Nemanja-Gudelj;rs SRB;MFDF;Sevilla;27;1991;6.8;0;0;0;5;1;1;20.0;0.74;0.15;0.00;0.00;0.2;0.2;0.04;-0.2;-0.2;Matches
207;Gonçalo Guedes\Goncalo-Guedes;pt POR;MFFW;Valencia;22;1996;6.6;0;0;0;11;5;0;45.5;1.66;0.75;0.00;0.00;0.6;0.6;0.06;-0.6;-0.6;Matches
208;Ander Guevara\Ander-Guevara;es ESP;MF;Real Sociedad;22;1997;9.1;0;0;0;3;0;0;0.0;0.33;0.00;0.00;;0.1;0.1;0.02;-0.1;-0.1;Matches
209;John Guidetti\John-Guidetti;se SWE;FW;Alavés;27;1992;1.0;0;0;0;2;0;1;0.0;1.94;0.00;0.00;;0.2;0.2;0.10;-0.2;-0.2;Matches
210;Hugo Guillamón\Hugo-Guillamon;es ESP;DF;Valencia;19;2000;0.5;0;0;0;0;0;0;;0.00;0.00;;;0.0;0.0;;0.0;0.0;Matches
211;Ismael Gutiérrez\Ismael-Gutierrez;es ESP;MF;Betis;18;2000;0.9;0;0;0;0;0;0;;0.00;0.00;;;0.0;0.0;;0.0;0.0;Matches
212;Munir El Haddadi\Munir-El-Haddadi;es ESP;FW;Sevilla;23;1995;7.1;2;0;0;25;7;0;28.0;3.50;0.98;0.08;0.29;2.1;2.1;0.08;-0.1;-0.1;Matches
213;Eden Hazard\Eden-Hazard;be BEL;FWMF;Real Madrid;28;1991;8.3;1;0;0;12;9;0;75.0;1.44;1.08;0.08;0.11;1.4;1.4;0.12;-0.4;-0.4;Matches
214;Mario Hermoso\Mario-Hermoso;es ESP;DF;Atlético Madrid;24;1995;10.7;0;0;0;2;2;0;100.0;0.19;0.19;0.00;0.00;0.4;0.4;0.18;-0.4;-0.4;Matches
215;Aridane Hernández\Aridane-Hernandez;gq EQG;DF;Osasuna;30;1989;20.0;3;0;0;11;4;0;36.4;0.55;0.20;0.27;0.75;1.1;1.1;0.10;+1.9;+1.9;Matches
216;Javier Hernández\Javier-Hernandez;mx MEX;FW;Sevilla;31;1988;5.0;1;0;0;13;6;0;46.2;2.62;1.21;0.08;0.17;2.6;2.6;0.20;-1.6;-1.6;Matches
217;Juan Hernández\Juan-Hernandez;es ESP;MF;Celta Vigo;24;1994;0.2;0;0;0;0;0;0;;0.00;0.00;;;0.0;0.0;;0.0;0.0;Matches
218;Héctor Herrera\Hector-Herrera;mx MEX;MF;Atlético Madrid;29;1990;9.3;0;0;0;12;1;0;8.3;1.30;0.11;0.00;0.00;0.7;0.7;0.06;-0.7;-0.7;Matches
219;Sergio Herrera\Sergio-Herrera;es ESP;GK;Osasuna;26;1993;11.4;0;0;0;0;0;0;;0.00;0.00;;;0.0;0.0;;0.0;0.0;Matches
220;Yangel Herrera\Yangel-Herrera;ve VEN;MF;Granada;21;1998;17.5;2;0;0;25;4;0;16.0;1.43;0.23;0.08;0.50;1.7;1.7;0.07;+0.3;+0.3;Matches
221;Iago Herrerín\Iago-Herrerin;es ESP;GK;Athletic Bilbao;31;1988;3.0;0;0;0;0;0;0;;0.00;0.00;;;0.0;0.0;;0.0;0.0;Matches
222;Pablo Hervías\Pablo-Hervias;es ESP;MF;Valladolid;26;1993;4.9;1;0;0;11;5;6;45.5;2.26;1.03;0.09;0.20;0.5;0.5;0.04;+0.5;+0.5;Matches
223;Robert Ibáñez\Robert-Ibanez;es ESP;MFFW;Osasuna;26;1993;5.9;1;0;0;8;1;0;12.5;1.35;0.17;0.13;1.00;1.1;1.1;0.14;-0.1;-0.1;Matches
224;Vicente Iborra\Vicente-Iborra;es ESP;MF;Villarreal;31;1988;22.6;0;0;0;12;1;0;8.3;0.53;0.04;0.00;0.00;1.0;1.0;0.08;-1.0;-1.0;Matches
225;Borja Iglesias\Borja-Iglesias;es ESP;FW;Betis;26;1993;15.3;3;0;0;20;7;0;35.0;1.30;0.46;0.15;0.43;1.7;1.7;0.09;+1.3;+1.3;Matches
226;Asier Illarramendi\Asier-Illarramendi;es ESP;MF;Real Sociedad;29;1990;2.4;0;0;0;1;0;0;0.0;0.41;0.00;0.00;;0.0;0.0;0.02;0.0;0.0;Matches
227;Takashi Inui\Takashi-Inui;jp JPN;MFFW;Eibar;31;1988;15.5;1;0;0;30;7;0;23.3;1.93;0.45;0.03;0.14;2.4;2.4;0.08;-1.4;-1.4;Matches
228;Alexander Isak\Alexander-Isak;se SWE;FW;Real Sociedad;19;1999;10.8;7;0;0;30;16;0;53.3;2.79;1.49;0.23;0.44;5.1;5.1;0.17;+1.9;+1.9;Matches
229;Isco\Isco;es ESP;FWMF;Real Madrid;27;1992;9.7;1;0;0;17;9;2;52.9;1.75;0.93;0.06;0.11;1.3;1.3;0.08;-0.3;-0.3;Matches
230;Ander Iturraspe\Ander-Iturraspe;es ESP;MF;Espanyol;30;1989;2.0;0;0;0;0;0;0;;0.00;0.00;;;0.0;0.0;;0.0;0.0;Matches
231;Adnan Januzaj\Adnan-Januzaj;be BEL;FWMF;Real Sociedad;24;1995;8.2;2;0;0;18;5;2;27.8;2.20;0.61;0.11;0.40;0.8;0.8;0.04;+1.2;+1.2;Matches
232;Jason\Jason;es ESP;MF;Getafe;25;1994;9.7;1;0;0;16;5;2;31.3;1.64;0.51;0.06;0.20;1.1;1.1;0.07;-0.1;-0.1;Matches
233;Joaquín\Joaquin;es ESP;MFFW;Betis;38;1981;18.3;8;2;3;23;11;4;47.8;1.25;0.60;0.26;0.55;5.7;3.4;0.15;+2.3;+2.6;Matches
234;Frenkie de Jong\Frenkie-de-Jong;nl NED;MF;Barcelona;22;1997;21.1;2;0;0;4;4;0;100.0;0.19;0.19;0.50;0.50;1.1;1.1;0.27;+0.9;+0.9;Matches
235;Luuk de Jong\Luuk-de-Jong;nl NED;FW;Sevilla;28;1990;17.0;4;0;0;43;16;0;37.2;2.53;0.94;0.09;0.25;6.4;6.4;0.15;-2.4;-2.4;Matches
236;Joan Jordán\Joan-Jordan;es ESP;MF;Sevilla;25;1994;16.3;2;0;0;21;5;6;23.8;1.29;0.31;0.10;0.40;1.4;1.4;0.07;+0.6;+0.6;Matches
237;Willian José\Willian-Jose;br BRA;FW;Real Sociedad;27;1991;15.1;8;0;0;40;14;1;35.0;2.65;0.93;0.20;0.57;8.0;8.0;0.20;0.0;0.0;Matches
238;Joselu\Joselu;es ESP;FW;Alavés;29;1990;22.9;9;0;0;57;20;1;35.1;2.49;0.87;0.16;0.45;7.9;7.9;0.14;+1.1;+1.1;Matches
239;Luka Jović\Luka-Jovic;rs SRB;FW;Real Madrid;21;1997;4.3;2;0;0;12;3;0;25.0;2.76;0.69;0.17;0.67;2.3;2.3;0.19;-0.3;-0.3;Matches
240;Juanmi\Juanmi;es ESP;FWMF;Betis;26;1993;0.8;0;0;0;3;1;0;33.3;3.60;1.20;0.00;0.00;0.2;0.2;0.07;-0.2;-0.2;Matches
241;David Juncà\David-Junca;es ESP;DF;Celta Vigo;25;1993;2.9;0;0;0;0;0;0;;0.00;0.00;;;0.0;0.0;;0.0;0.0;Matches
242;Lago Junior\Lago-Junior;ci CIV;MFFW;Mallorca;28;1990;19.4;4;3;3;27;8;0;29.6;1.39;0.41;0.04;0.13;4.8;2.5;0.09;-0.8;-1.5;Matches
243;Vinicius Júnior\Vinicius-Junior;br BRA;FWMF;Real Madrid;19;2000;9.0;2;0;0;29;13;0;44.8;3.22;1.44;0.07;0.15;2.8;2.8;0.10;-0.8;-0.8;Matches
244;Lee Kangin\Lee-Kangin;kr KOR;MFFW;Valencia;18;2001;3.3;1;0;0;6;2;0;33.3;1.82;0.61;0.17;0.50;0.5;0.5;0.08;+0.5;+0.5;Matches
245;Wilfrid Kaptoum\Wilfrid-Kaptoum;cm CMR;MF;Betis;23;1996;2.1;0;0;0;3;0;0;0.0;1.41;0.00;0.00;;0.1;0.1;0.02;-0.1;-0.1;Matches
246;Kenedy\Kenedy;br BRA;MFDF;Getafe;23;1996;5.6;1;0;0;12;3;0;25.0;2.13;0.53;0.08;0.33;0.7;0.7;0.06;+0.3;+0.3;Matches
247;Kike\Kike;es ESP;FW;Eibar;29;1989;11.1;3;0;0;31;9;0;29.0;2.79;0.81;0.10;0.33;3.3;3.3;0.11;-0.3;-0.3;Matches
248;Kenan Kodro\Kenan-Kodro;ba BIH;FWMF;Athletic Bilbao;25;1993;3.7;1;0;0;3;2;1;66.7;0.82;0.55;0.33;0.50;0.2;0.2;0.06;+0.8;+0.8;Matches
249;Koke\Koke;es ESP;MF;Atlético Madrid;27;1992;19.8;2;0;0;15;5;0;33.3;0.76;0.25;0.13;0.40;1.5;1.5;0.10;+0.5;+0.5;Matches
250;Geoffrey Kondogbia\Geoffrey-Kondogbia;cf CTA;MF;Valencia;26;1993;13.5;1;0;0;10;1;0;10.0;0.74;0.07;0.10;1.00;0.6;0.6;0.06;+0.4;+0.4;Matches
251;Jules Koundé\Jules-Kounde;fr FRA;DF;Sevilla;20;1998;14.6;1;0;0;12;5;0;41.7;0.82;0.34;0.08;0.20;1.2;1.2;0.10;-0.2;-0.2;Matches
252;Leonardo Koutris\Leonardo-Koutris;gr GRE;DF;Mallorca;24;1995;1.0;0;0;0;0;0;0;;0.00;0.00;;;0.0;0.0;;0.0;0.0;Matches
253;İsmail Köybaşı\Ismail-Koybasi;tr TUR;DFFW;Granada;30;1989;2.5;0;0;0;1;0;1;0.0;0.40;0.00;0.00;;0.0;0.0;0.03;0.0;0.0;Matches
254;Toni Kroos\Toni-Kroos;de GER;MF;Real Madrid;29;1990;20.1;3;0;0;44;13;1;29.5;2.19;0.65;0.07;0.23;2.4;2.4;0.05;+0.6;+0.6;Matches
255;Takefusa Kubo\Takefusa-Kubo;jp JPN;MFFW;Mallorca;18;2001;15.0;2;0;0;26;11;1;42.3;1.73;0.73;0.08;0.18;1.4;1.4;0.05;+0.6;+0.6;Matches
256;Víctor Laguardia\Victor-Laguardia;es ESP;DF;Alavés;29;1989;20.5;1;0;0;6;1;0;16.7;0.29;0.05;0.17;1.00;0.7;0.7;0.12;+0.3;+0.3;Matches
257;Diego Lainez\Diego-Lainez;mx MEX;MF;Betis;19;2000;2.3;0;0;0;4;1;0;25.0;1.74;0.43;0.00;0.00;0.1;0.1;0.04;-0.1;-0.1;Matches
258;Larra\Larra;es ESP;FWMF;Athletic Bilbao;21;1997;2.0;0;0;0;3;1;0;33.3;1.52;0.51;0.00;0.00;0.1;0.1;0.02;-0.1;-0.1;Matches
259;Toni Lato\Toni-Lato;es ESP;MF;Osasuna;21;1997;0.9;0;0;0;1;1;0;100.0;1.14;1.14;0.00;0.00;0.1;0.1;0.12;-0.1;-0.1;Matches
260;Robin Le Normand\Robin-Le-Normand;fr FRA;DF;Real Sociedad;22;1996;15.2;1;0;0;4;1;0;25.0;0.26;0.07;0.25;1.00;0.5;0.5;0.13;+0.5;+0.5;Matches
261;Wu Lei\Wu-Lei;cn CHN;FWMF;Espanyol;27;1991;12.3;3;0;0;26;8;0;30.8;2.12;0.65;0.12;0.38;3.1;3.1;0.12;-0.1;-0.1;Matches
262;Iñigo Lekue\Inigo-Lekue;es ESP;DFFW;Athletic Bilbao;26;1993;3.6;0;0;0;2;0;0;0.0;0.56;0.00;0.00;;0.1;0.1;0.05;-0.1;-0.1;Matches
263;Thomas Lemar\Thomas-Lemar;fr FRA;MF;Atlético Madrid;23;1995;9.0;0;0;0;7;2;1;28.6;0.78;0.22;0.00;0.00;0.4;0.4;0.06;-0.4;-0.4;Matches
264;Clément Lenglet\Clement-Lenglet;fr FRA;DF;Barcelona;24;1995;17.8;2;0;0;8;3;0;37.5;0.45;0.17;0.25;0.67;0.8;0.8;0.10;+1.2;+1.2;Matches
265;Pedro León\Pedro-Leon;es ESP;MFFW;Eibar;32;1986;15.6;1;0;0;26;12;3;46.2;1.67;0.77;0.04;0.08;1.6;1.6;0.06;-0.6;-0.6;Matches
266;Sergio León\Sergio-Leon;es ESP;FW;Levante;30;1989;5.1;1;0;0;17;3;0;17.6;3.36;0.59;0.06;0.33;1.9;1.9;0.11;-0.9;-0.9;Matches
267;Lillo\Lillo;es ESP;DF;Osasuna;30;1989;2.1;0;0;0;1;0;0;0.0;0.47;0.00;0.00;;0.0;0.0;0.03;0.0;0.0;Matches
268;Diego Llorente\Diego-Llorente;es ESP;DF;Real Sociedad;25;1993;17.1;0;0;0;5;1;0;20.0;0.29;0.06;0.00;0.00;0.6;0.6;0.12;-0.6;-0.6;Matches
269;Marcos Llorente\Marcos-Llorente;es ESP;MF;Atlético Madrid;24;1995;7.0;1;0;0;3;1;0;33.3;0.43;0.14;0.33;1.00;0.7;0.7;0.23;+0.3;+0.3;Matches
270;Stanislav Lobotka\Stanislav-Lobotka;sk SVK;MF;Celta Vigo;24;1994;15.5;0;0;0;7;2;0;28.6;0.45;0.13;0.00;0.00;0.2;0.2;0.03;-0.2;-0.2;Matches
271;Renan Lodi\Renan-Lodi;br BRA;DF;Atlético Madrid;21;1998;18.6;1;0;0;11;2;0;18.2;0.59;0.11;0.09;0.50;0.6;0.6;0.06;+0.4;+0.4;Matches
272;Rony Lopes\Rony-Lopes;pt POR;FWMF;Sevilla;23;1995;1.0;0;0;0;2;2;1;100.0;2.07;2.07;0.00;0.00;0.1;0.1;0.07;-0.1;-0.1;Matches
273;Adrián López\Adrian-Lopez;es ESP;FWMF;Osasuna;31;1988;9.8;0;0;0;11;4;0;36.4;1.12;0.41;0.00;0.00;1.1;1.1;0.10;-1.1;-1.1;Matches
274;David López\David-Lopez;es ESP;DFMF;Espanyol;29;1989;15.6;2;0;0;9;5;0;55.6;0.58;0.32;0.22;0.40;1.1;1.1;0.12;+0.9;+0.9;Matches
275;Diego López\Diego-Lopez;es ESP;GK;Espanyol;37;1981;26.0;0;0;0;0;0;0;;0.00;0.00;;;0.0;0.0;;0.0;0.0;Matches
276;Javi López\Javi-Lopez;es ESP;DF;Espanyol;33;1986;11.6;0;0;0;3;0;0;0.0;0.26;0.00;0.00;;0.1;0.1;0.03;-0.1;-0.1;Matches
277;Lluis López\Lluis-Lopez;es ESP;DF;Espanyol;22;1997;3.3;0;0;0;2;0;0;0.0;0.60;0.00;0.00;;0.1;0.1;0.06;-0.1;-0.1;Matches
278;Unai López\Unai-Lopez;es ESP;MF;Athletic Bilbao;23;1995;12.2;0;0;0;17;3;2;17.6;1.39;0.25;0.00;0.00;0.4;0.4;0.03;-0.4;-0.4;Matches
279;Iker Losada\Iker-Losada;es ESP;MFFW;Celta Vigo;17;2001;0.1;1;0;0;1;1;0;100.0;8.18;8.18;1.00;1.00;0.0;0.0;0.03;+1.0;+1.0;Matches
280;Pol Lozano\Pol-Lozano;es ESP;MF;Espanyol;19;1999;0.2;0;0;0;0;0;0;;0.00;0.00;;;0.0;0.0;;0.0;0.0;Matches
281;José Luis Gayà\Jose-Luis-Gaya;es ESP;DF;Valencia;24;1995;18.6;0;0;0;7;2;0;28.6;0.38;0.11;0.00;0.00;0.3;0.3;0.04;-0.3;-0.3;Matches
282;José Luis Morales\Jose-Luis-Morales;es ESP;FWMF;Levante;32;1987;20.8;2;0;0;30;12;0;40.0;1.44;0.58;0.07;0.17;3.5;3.5;0.12;-1.5;-1.5;Matches
283;Darwin Machís\Darwin-Machis;ve VEN;FWMF;Granada;26;1993;15.3;5;1;1;50;18;1;36.0;3.26;1.17;0.08;0.22;3.6;2.8;0.06;+1.4;+1.2;Matches
284;Lisandro Magallán\Lisandro-Magallan;ar ARG;DF;Alavés;25;1993;8.3;1;0;0;4;1;0;25.0;0.48;0.12;0.25;1.00;0.2;0.2;0.05;+0.8;+0.8;Matches
285;Nemanja Maksimović\Nemanja-Maksimovic;rs SRB;MF;Getafe;24;1995;22.5;2;0;0;17;7;0;41.2;0.76;0.31;0.12;0.29;1.9;1.9;0.11;+0.1;+0.1;Matches
286;Hugo Mallo\Hugo-Mallo;es ESP;DF;Celta Vigo;28;1991;16.4;0;0;0;5;2;0;40.0;0.30;0.12;0.00;0.00;0.1;0.1;0.03;-0.1;-0.1;Matches
287;Aïssa Mandi\Aissa-Mandi;dz ALG;DF;Betis;27;1991;21.6;0;0;0;6;1;0;16.7;0.28;0.05;0.00;0.00;0.7;0.7;0.11;-0.7;-0.7;Matches
288;Eliaquim Mangala\Eliaquim-Mangala;fr FRA;DF;Valencia;28;1991;3.5;0;0;0;1;0;0;0.0;0.29;0.00;0.00;;0.2;0.2;0.15;-0.2;-0.2;Matches
289;Marcelo\Marcelo;br BRA;DF;Real Madrid;31;1988;9.8;0;0;0;12;4;0;33.3;1.23;0.41;0.00;0.00;0.3;0.3;0.03;-0.3;-0.3;Matches
290;Óscar de Marcos\Oscar-de-Marcos;es ESP;FW;Athletic Bilbao;30;1989;2.1;0;0;0;0;0;0;;0.00;0.00;;;0.0;0.0;;0.0;0.0;Matches
291;José María Giménez\Jose-Maria-Gimenez;uy URU;DF;Atlético Madrid;24;1995;11.0;0;0;0;7;2;0;28.6;0.64;0.18;0.00;0.00;0.3;0.3;0.05;-0.3;-0.3;Matches
292;Mariano\Mariano;do DOM;FW;Real Madrid;25;1993;0.0;1;0;0;1;1;0;100.0;;;1.00;1.00;0.1;0.1;0.12;+0.9;+0.9;Matches
293;Adrián Marín\Adrian-Marin;es ESP;DF;Alavés;22;1997;3.8;0;0;0;1;0;0;0.0;0.27;0.00;0.00;;0.2;0.2;0.16;-0.2;-0.2;Matches
294;Guillermo Maripán\Guillermo-Maripan;cl CHI;DF;Alavés;25;1994;1.0;0;0;0;0;0;0;;0.00;0.00;;;0.0;0.0;;0.0;0.0;Matches
295;Roger Martí\Roger-Marti;es ESP;FW;Levante;28;1991;17.5;10;4;4;38;16;0;42.1;2.17;0.91;0.16;0.38;8.3;5.3;0.14;+1.7;+0.7;Matches
296;Daniel Martín\Daniel-Martin;es ESP;GK;Betis;21;1998;1.9;0;0;0;0;0;0;;0.00;0.00;;;0.0;0.0;;0.0;0.0;Matches
297;Álex Martínez\Alex-Martinez;es ESP;DF;Granada;28;1990;0.2;0;0;0;1;0;1;0.0;6.43;0.00;0.00;;0.1;0.1;0.05;-0.1;-0.1;Matches
298;Iñigo Martínez\Inigo-Martinez;es ESP;DF;Athletic Bilbao;28;1991;23.0;0;0;0;25;3;4;12.0;1.09;0.13;0.00;0.00;1.7;1.7;0.07;-1.7;-1.7;Matches
299;Pablo Martínez\Pablo-Martinez;es ESP;MF;Levante;21;1998;0.2;0;0;0;0;0;0;;0.00;0.00;;;0.0;0.0;;0.0;0.0;Matches
300;Jordi Masip\Jordi-Masip;es ESP;GK;Valladolid;30;1989;26.0;0;0;0;0;0;0;;0.00;0.00;;;0.0;0.0;;0.0;0.0;Matches
301;Jaime Mata\Jaime-Mata;es ESP;FW;Getafe;30;1988;20.7;8;2;2;34;16;0;47.1;1.64;0.77;0.18;0.38;6.5;5.0;0.15;+1.5;+1.0;Matches
302;Borja Mayoral\Borja-Mayoral;es ESP;FW;Levante;22;1997;16.5;5;0;0;29;12;0;41.4;1.76;0.73;0.17;0.42;5.2;5.2;0.18;-0.2;-0.2;Matches
303;Óscar Melendo\Oscar-Melendo;es ESP;MFFW;Espanyol;21;1997;6.9;0;0;0;3;0;0;0.0;0.43;0.00;0.00;;0.1;0.1;0.04;-0.1;-0.1;Matches
304;Gonzalo Melero\Gonzalo-Melero;es ESP;MF;Levante;25;1994;8.9;1;0;0;14;5;0;35.7;1.57;0.56;0.07;0.20;1.1;1.1;0.08;-0.1;-0.1;Matches
305;Arthur Melo\Arthur-Melo;br BRA;MF;Barcelona;22;1996;11.2;3;0;0;8;5;0;62.5;0.72;0.45;0.38;0.60;1.3;1.3;0.16;+1.7;+1.7;Matches
306;Brais Méndez\Brais-Mendez;es ESP;MFFW;Celta Vigo;22;1997;11.3;0;0;0;17;5;0;29.4;1.51;0.44;0.00;0.00;1.3;1.3;0.07;-1.3;-1.3;Matches
307;Édgar Méndez\Edgar-Mendez;es ESP;MF;Alavés;28;1991;2.8;1;0;0;2;1;0;50.0;0.72;0.36;0.50;1.00;0.2;0.2;0.10;+0.8;+0.8;Matches
308;Ferland Mendy\Ferland-Mendy;fr FRA;DF;Real Madrid;24;1995;12.2;0;0;0;5;1;0;20.0;0.41;0.08;0.00;0.00;0.5;0.5;0.10;-0.5;-0.5;Matches
309;Fran Mérida\Fran-Merida;es ESP;MF;Osasuna;29;1990;10.3;0;0;0;12;2;0;16.7;1.17;0.19;0.00;0.00;0.3;0.3;0.02;-0.3;-0.3;Matches
310;Mikel Merino\Mikel-Merino;es ESP;MF;Real Sociedad;23;1996;23.0;3;0;0;29;6;0;20.7;1.26;0.26;0.10;0.50;2.3;2.3;0.08;+0.7;+0.7;Matches
311;Sabin Merino\Sabin-Merino;es ESP;FW;Leganés;27;1992;0.9;0;0;0;0;0;0;;0.00;0.00;;;0.0;0.0;;0.0;0.0;Matches
312;Roque Mesa\Roque-Mesa;es ESP;MF;Leganés;30;1989;16.7;1;0;0;18;7;1;38.9;1.07;0.42;0.06;0.14;0.9;0.9;0.05;+0.1;+0.1;Matches
313;Lionel Messi\Lionel-Messi;ar ARG;FW;Barcelona;32;1987;20.0;18;2;2;97;48;22;49.5;4.85;2.40;0.16;0.33;11.8;10.3;0.11;+6.2;+5.7;Matches
314;Míchel\Michel;es ESP;MF;Valladolid;31;1988;19.4;1;1;1;7;1;2;14.3;0.36;0.05;0.00;0.00;1.1;0.3;0.05;-0.1;-0.3;Matches
315;Miguel\Miguel;es ESP;FW;Valladolid;19;1999;0.3;0;0;0;0;0;0;;0.00;0.00;;;0.0;0.0;;0.0;0.0;Matches
316;Éder Militão\Eder-Militao;br BRA;DF;Real Madrid;21;1998;6.0;0;0;0;2;1;0;50.0;0.33;0.17;0.00;0.00;0.0;0.0;0.02;0.0;0.0;Matches
317;Santi Mina\Santi-Mina;es ESP;FW;Celta Vigo;23;1995;14.4;3;0;0;36;8;1;22.2;2.51;0.56;0.08;0.38;4.6;4.6;0.13;-1.6;-1.6;Matches
318;Jorge Miramón\Jorge-Miramon;es ESP;DF;Levante;30;1989;20.9;0;0;0;9;2;0;22.2;0.43;0.10;0.00;0.00;0.3;0.3;0.03;-0.3;-0.3;Matches
319;Luka Modrić\Luka-Modric;hr CRO;MF;Real Madrid;33;1985;14.2;3;0;0;20;8;0;40.0;1.41;0.56;0.15;0.38;1.8;1.8;0.09;+1.2;+1.2;Matches
320;Jorge Molina\Jorge-Molina;es ESP;FW;Getafe;37;1982;15.2;5;2;2;23;7;0;30.4;1.51;0.46;0.13;0.43;5.2;3.7;0.16;-0.2;-0.7;Matches
321;Jon Moncayola\Jon-Moncayola;es ESP;MFDF;Osasuna;21;1998;10.8;1;0;0;8;1;0;12.5;0.74;0.09;0.13;1.00;0.5;0.5;0.06;+0.5;+0.5;Matches
322;Nacho Monreal\Nacho-Monreal;es ESP;DF;Real Sociedad;33;1986;18.5;2;0;0;9;2;0;22.2;0.49;0.11;0.22;1.00;1.8;1.8;0.20;+0.2;+0.2;Matches
323;Ángel Montoro\Angel-Montoro;es ESP;MF;Granada;31;1988;9.8;1;0;0;11;4;1;36.4;1.12;0.41;0.09;0.25;1.1;1.1;0.10;-0.1;-0.1;Matches
324;Álvaro Morata\Alvaro-Morata;es ESP;FW;Atlético Madrid;26;1992;17.3;7;0;1;52;24;0;46.2;3.01;1.39;0.13;0.29;9.6;8.8;0.17;-2.6;-1.8;Matches
325;Alberto Moreno\Alberto-Moreno;es ESP;DF;Villarreal;27;1992;6.6;0;0;0;7;2;0;28.6;1.06;0.30;0.00;0.00;0.7;0.7;0.10;-0.7;-0.7;Matches
326;Álex Moreno\Alex-Moreno;es ESP;DF;Betis;26;1993;19.1;0;0;0;21;8;0;38.1;1.10;0.42;0.00;0.00;1.8;1.8;0.08;-1.8;-1.8;Matches
327;Gerard Moreno\Gerard-Moreno;es ESP;FWMF;Villarreal;27;1992;21.9;10;0;1;61;21;0;34.4;2.78;0.96;0.16;0.48;9.7;8.9;0.15;+0.3;+1.1;Matches
328;Manu Morlanes\Manu-Morlanes;es ESP;MF;Villarreal;20;1999;1.0;0;0;0;0;0;0;;0.00;0.00;;;0.0;0.0;;0.0;0.0;Matches
329;Loren Morón\Loren-Moron;es ESP;FW;Betis;25;1993;16.2;9;0;0;37;13;0;35.1;2.28;0.80;0.24;0.69;6.8;6.8;0.19;+2.2;+2.2;Matches
330;Toni Moya\Toni-Moya;es ESP;MF;Atlético Madrid;21;1998;0.0;0;0;0;0;0;0;;0.00;0.00;;;0.0;0.0;;0.0;0.0;Matches
331;Javi Moyano\Javi-Moyano;es ESP;DF;Valladolid;33;1986;17.8;0;0;0;4;0;0;0.0;0.22;0.00;0.00;;0.3;0.3;0.06;-0.3;-0.3;Matches
332;Iker Muniain\Iker-Muniain;es ESP;FWMF;Athletic Bilbao;26;1992;17.4;4;0;0;21;10;1;47.6;1.21;0.58;0.19;0.40;3.7;3.7;0.18;+0.3;+0.3;Matches
333;Aihen Muñoz\Aihen-Munoz;es ESP;DF;Real Sociedad;21;1997;6.0;0;0;0;0;0;0;;0.00;0.00;;;0.0;0.0;;0.0;0.0;Matches
334;Javier Muñoz\Javier-Munoz;es ESP;MF;Alavés;24;1995;0.6;0;0;0;0;0;0;;0.00;0.00;;;0.0;0.0;;0.0;0.0;Matches
335;Jeison Murillo\Jeison-Murillo;co COL;DF;Celta Vigo;27;1992;7.0;0;0;0;0;0;0;;0.00;0.00;;;0.0;0.0;;0.0;0.0;Matches
336;Nacho\Nacho;es ESP;DF;Real Madrid;29;1990;4.4;1;0;0;6;1;0;16.7;1.37;0.23;0.17;1.00;0.3;0.3;0.05;+0.7;+0.7;Matches
337;Nacho\Nacho;es ESP;DF;Valladolid;30;1989;12.1;0;0;0;5;0;0;0.0;0.41;0.00;0.00;;0.1;0.1;0.02;-0.1;-0.1;Matches
338;Naldo\Naldo;br BRA;DF;Espanyol;30;1988;13.7;0;0;0;7;0;0;0.0;0.51;0.00;0.00;;0.3;0.3;0.04;-0.3;-0.3;Matches
339;Marc Navarro\Marc-Navarro;es ESP;DF;Leganés;24;1995;2.4;0;0;0;5;0;0;0.0;2.05;0.00;0.00;;0.2;0.2;0.04;-0.2;-0.2;Matches
340;Ximo Navarro\Ximo-Navarro;es ESP;DF;Alavés;29;1990;16.6;0;0;0;4;1;0;25.0;0.24;0.06;0.00;0.00;0.3;0.3;0.08;-0.3;-0.3;Matches
341;Jesús Navas\Jesus-Navas;es ESP;DF;Sevilla;33;1985;26.0;0;0;0;8;2;0;25.0;0.31;0.08;0.00;0.00;0.1;0.1;0.02;-0.1;-0.1;Matches
342;Raúl Navas\Raul-Navas;es ESP;DF;Osasuna;31;1988;4.4;0;0;0;0;0;0;;0.00;0.00;;;0.0;0.0;;0.0;0.0;Matches
343;Neto\Neto;br BRA;GK;Barcelona;30;1989;1.0;0;0;0;0;0;0;;0.00;0.00;;;0.0;0.0;;0.0;0.0;Matches
344;Carlos Neva\Carlos-Neva;es ESP;DF;Granada;23;1996;15.1;0;0;0;3;1;0;33.3;0.20;0.07;0.00;0.00;0.1;0.1;0.03;-0.1;-0.1;Matches
345;Saúl Ñíguez\Saul-Niguez;es ESP;MFDF;Atlético Madrid;24;1994;25.0;3;0;0;33;7;1;21.2;1.32;0.28;0.09;0.43;2.3;2.3;0.07;+0.7;+0.7;Matches
346;Fernando Niño\Fernando-Nino;es ESP;FW;Villarreal;18;2000;0.2;1;0;0;1;1;0;100.0;6.43;6.43;1.00;1.00;0.3;0.3;0.26;+0.7;+0.7;Matches
347;Nolito\Nolito;es ESP;FW;Sevilla;32;1986;10.0;3;0;0;28;12;0;42.9;2.79;1.19;0.11;0.25;2.2;2.2;0.08;+0.8;+0.8;Matches
348;Unai Núñez\Unai-Nunez;es ESP;DF;Athletic Bilbao;22;1997;10.6;0;0;0;3;2;0;66.7;0.28;0.19;0.00;0.00;0.1;0.1;0.05;-0.1;-0.1;Matches
349;Allan Nyom\Allan-Nyom;cm CMR;DFMF;Getafe;31;1988;19.0;2;0;0;8;3;0;37.5;0.42;0.16;0.25;0.67;0.5;0.5;0.06;+1.5;+1.5;Matches
350;Jan Oblak\Jan-Oblak;si SVN;GK;Atlético Madrid;26;1993;25.7;0;0;0;0;0;0;;0.00;0.00;;;0.0;0.0;;0.0;0.0;Matches
351;Lucas Ocampos\Lucas-Ocampos;ar ARG;FW;Sevilla;25;1994;20.4;9;1;1;51;21;0;41.2;2.50;1.03;0.16;0.38;5.7;4.9;0.10;+3.3;+3.1;Matches
352;Álvaro Odriozola\Alvaro-Odriozola;es ESP;DF;Real Madrid;23;1995;3.8;0;0;0;2;0;0;0.0;0.52;0.00;0.00;;0.2;0.2;0.08;-0.2;-0.2;Matches
353;Lucas Olaza\Lucas-Olaza;uy URU;DF;Celta Vigo;25;1994;24.0;1;0;0;14;5;5;35.7;0.58;0.21;0.07;0.20;0.8;0.8;0.06;+0.2;+0.2;Matches
354;Kiko Olivas\Kiko-Olivas;es ESP;DF;Valladolid;30;1988;26.0;1;0;0;4;3;0;75.0;0.15;0.12;0.25;0.33;0.7;0.7;0.18;+0.3;+0.3;Matches
355;Paulo Oliveira\Paulo-Oliveira;pt POR;DF;Eibar;27;1992;16.7;1;0;0;9;3;0;33.3;0.54;0.18;0.11;0.33;0.9;0.9;0.10;+0.1;+0.1;Matches
356;Mathías Olivera\Mathias-Olivera;uy URU;DF;Getafe;21;1997;10.4;0;0;0;3;0;0;0.0;0.29;0.00;0.00;;0.4;0.4;0.13;-0.4;-0.4;Matches
357;Kenneth Omeruo\Kenneth-Omeruo;ng NGA;DF;Leganés;25;1993;17.5;1;0;0;3;1;0;33.3;0.17;0.06;0.33;1.00;0.6;0.6;0.19;+0.4;+0.4;Matches
358;Javier Ontiveros\Javier-Ontiveros;es ESP;FWMF;Villarreal;21;1997;4.5;2;0;0;31;11;5;35.5;6.87;2.44;0.06;0.18;1.7;1.7;0.06;+0.3;+0.3;Matches
359;Fabián Orellana\Fabian-Orellana;cl CHI;MFFW;Eibar;33;1986;21.1;7;3;3;34;14;1;41.2;1.61;0.66;0.12;0.29;5.7;3.5;0.10;+1.3;+0.5;Matches
360;Mikel Oyarzabal\Mikel-Oyarzabal;es ESP;FWMF;Real Sociedad;22;1997;22.7;7;3;3;43;15;0;34.9;1.90;0.66;0.09;0.27;6.7;4.4;0.10;+0.3;-0.4;Matches
361;Fernando Pacheco\Fernando-Pacheco;es ESP;GK;Alavés;27;1992;24.0;0;0;0;0;0;0;;0.00;0.00;;;0.0;0.0;;0.0;0.0;Matches
362;Daniel Parejo\Daniel-Parejo;es ESP;MF;Valencia;30;1989;24.6;8;5;5;23;8;14;34.8;0.94;0.33;0.13;0.38;5.3;1.5;0.06;+2.7;+1.5;Matches
363;Thomas Partey\Thomas-Partey;gh GHA;MF;Atlético Madrid;26;1993;20.4;2;0;0;19;3;0;15.8;0.93;0.15;0.11;0.67;0.9;0.9;0.05;+1.1;+1.1;Matches
364;Gabriel Paulista\Gabriel-Paulista;br BRA;DF;Valencia;28;1990;23.2;1;0;0;6;2;0;33.3;0.26;0.09;0.17;0.50;0.6;0.6;0.10;+0.4;+0.4;Matches
365;Alfonso Pedraza\Alfonso-Pedraza;es ESP;DF;Betis;23;1996;8.7;0;0;0;8;2;0;25.0;0.92;0.23;0.00;0.00;0.4;0.4;0.05;-0.4;-0.4;Matches
366;Marc Pedraza\Marc-Pedraza;es ESP;MF;Mallorca;32;1987;0.8;0;0;0;0;0;0;;0.00;0.00;;;0.0;0.0;;0.0;0.0;Matches
367;Pedrosa\Pedrosa;es ESP;DFMF;Espanyol;21;1998;9.5;1;0;0;12;5;0;41.7;1.26;0.53;0.08;0.20;1.5;1.5;0.13;-0.5;-0.5;Matches
368;Rubén Peña\Ruben-Pena;es ESP;DF;Villarreal;28;1991;14.8;1;0;0;4;2;0;50.0;0.27;0.14;0.25;0.50;0.6;0.6;0.15;+0.4;+0.4;Matches
369;Luis Perea\Luis-Perea;es ESP;FWMF;Osasuna;21;1997;0.2;0;0;0;0;0;0;;0.00;0.00;;;0.0;0.0;;0.0;0.0;Matches
370;Victor Perea\Victor-Perea;es ESP;DF;Espanyol;19;2000;9.8;0;0;0;4;1;0;25.0;0.41;0.10;0.00;0.00;0.1;0.1;0.02;-0.1;-0.1;Matches
371;Gonzalo Pereira Cejudo\Gonzalo-Pereira-Cejudo;es ESP;DF;Levante;22;1997;0.1;0;0;0;0;0;0;;0.00;0.00;;;0.0;0.0;;0.0;0.0;Matches
372;Carles Pérez\Carles-Perez;es ESP;FW;Barcelona;21;1998;5.3;1;0;0;14;6;0;42.9;2.66;1.14;0.07;0.17;1.0;1.0;0.07;0.0;0.0;Matches
373;Iñigo Pérez\Inigo-Perez;es ESP;MFDF;Osasuna;31;1988;5.4;1;0;0;11;3;2;27.3;2.03;0.55;0.09;0.33;0.8;0.8;0.07;+0.2;+0.2;Matches
374;Juan Pérez\Juan-Perez;es ESP;GK;Osasuna;23;1996;2.0;0;0;0;0;0;0;;0.00;0.00;;;0.0;0.0;;0.0;0.0;Matches
375;Lucas Pérez\Lucas-Perez;es ESP;FW;Alavés;30;1988;21.6;11;5;5;33;13;2;39.4;1.53;0.60;0.18;0.46;9.3;5.5;0.17;+1.7;+0.5;Matches
376;Rubén Pérez\Ruben-Perez;es ESP;MF;Leganés;30;1989;16.4;0;0;0;13;2;0;15.4;0.79;0.12;0.00;0.00;0.3;0.3;0.02;-0.3;-0.3;Matches
377;Pablo Piatti\Pablo-Piatti;ar ARG;DFMF;Espanyol;30;1989;0.6;0;0;0;3;0;0;0.0;5.09;0.00;0.00;;0.1;0.1;0.03;-0.1;-0.1;Matches
378;Cristiano Piccini\Cristiano-Piccini;it ITA;DF;Valencia;26;1992;0.8;0;0;0;1;0;0;0.0;1.20;0.00;0.00;;0.1;0.1;0.07;-0.1;-0.1;Matches
379;Tomás Pina Isla\Tomas-Pina-Isla;es ESP;MF;Alavés;31;1987;10.0;1;0;0;1;1;0;100.0;0.10;0.10;1.00;1.00;0.8;0.8;0.79;+0.2;+0.2;Matches
380;Pipa\Pipa;es ESP;DFMF;Espanyol;21;1998;1.3;0;0;0;1;1;0;100.0;0.78;0.78;0.00;0.00;0.4;0.4;0.37;-0.4;-0.4;Matches
381;Gerard Piqué\Gerard-Pique;es ESP;DF;Barcelona;32;1987;23.7;1;0;0;9;3;1;33.3;0.38;0.13;0.11;0.33;1.4;1.4;0.15;-0.4;-0.4;Matches
382;Óscar Plano\Oscar-Plano;es ESP;MF;Valladolid;28;1991;21.0;3;0;0;34;12;0;35.3;1.62;0.57;0.09;0.25;3.9;3.9;0.12;-0.9;-0.9;Matches
383;Pere Pons\Pere-Pons;es ESP;MF;Alavés;26;1993;8.1;1;0;0;4;1;0;25.0;0.49;0.12;0.25;1.00;0.2;0.2;0.05;+0.8;+0.8;Matches
384;Pedro Porro\Pedro-Porro;es ESP;DFMF;Valladolid;19;1999;7.2;0;0;0;0;0;0;;0.00;0.00;;;0.0;0.0;;0.0;0.0;Matches
385;Francisco Portillo\Francisco-Portillo;es ESP;MF;Getafe;29;1990;3.7;0;0;0;3;1;0;33.3;0.81;0.27;0.00;0.00;0.3;0.3;0.10;-0.3;-0.3;Matches
386;Portu\Portu;es ESP;FWMF;Real Sociedad;27;1992;18.5;7;0;1;28;12;0;42.9;1.51;0.65;0.25;0.58;4.9;4.2;0.15;+2.1;+2.8;Matches
387;Sergio Postigo\Sergio-Postigo;es ESP;DF;Levante;30;1988;19.5;1;0;0;4;2;0;50.0;0.21;0.10;0.25;0.50;0.6;0.6;0.16;+0.4;+0.4;Matches
388;Darío Poveda\Dario-Poveda;es ESP;FW;Atlético Madrid;22;1997;0.1;0;0;0;1;0;0;0.0;12.86;0.00;0.00;;0.1;0.1;0.15;-0.1;-0.1;Matches
389;Alejandro Pozo Pozo\Alejandro-Pozo-Pozo;es ESP;DF;Mallorca;20;1999;4.7;0;0;0;1;0;0;0.0;0.21;0.00;0.00;;0.0;0.0;0.01;0.0;0.0;Matches
390;Alejandro Pozo Pozo\Alejandro-Pozo-Pozo;es ESP;FWMF;Sevilla;20;1999;0.4;0;0;0;0;0;0;;0.00;0.00;;;0.0;0.0;;0.0;0.0;Matches
391;Abdón Prats\Abdon-Prats;es ESP;FWMF;Mallorca;26;1992;1.9;0;0;1;6;4;0;66.7;3.23;2.16;0.00;0.00;1.3;0.5;0.09;-1.3;-0.5;Matches
392;Andrés Prieto\Andres-Prieto;es ESP;GK;Espanyol;25;1993;0.0;0;0;0;0;0;0;;;;;;0.0;0.0;;0.0;0.0;Matches
393;Antonio Puertas\Antonio-Puertas;es ESP;FWMF;Granada;27;1992;19.7;5;0;0;34;10;0;29.4;1.72;0.51;0.15;0.50;5.9;5.9;0.17;-0.9;-0.9;Matches
394;Riqui Puig\Riqui-Puig;es ESP;MF;Barcelona;19;1999;0.2;0;0;0;0;0;0;;0.00;0.00;;;0.0;0.0;;0.0;0.0;Matches
395;Quini\Quini;es ESP;DF;Granada;29;1989;8.0;0;0;0;10;0;0;0.0;1.25;0.00;0.00;;0.2;0.2;0.02;-0.2;-0.2;Matches
396;Xavi Quintillà\Xavi-Quintilla;es ESP;DF;Villarreal;22;1996;15.3;0;0;0;3;1;2;33.3;0.20;0.07;0.00;0.00;0.2;0.2;0.08;-0.2;-0.2;Matches
397;Quique\Quique;es ESP;FW;Eibar;29;1990;4.1;0;0;0;6;1;0;16.7;1.48;0.25;0.00;0.00;0.4;0.4;0.07;-0.4;-0.4;Matches
398;Nemanja Radoja\Nemanja-Radoja;rs SRB;MF;Levante;26;1993;15.2;1;0;0;3;2;0;66.7;0.20;0.13;0.33;0.50;0.2;0.2;0.05;+0.8;+0.8;Matches
399;Rafinha\Rafinha;br BRA;FWMF;Barcelona;26;1993;2.1;0;0;0;6;1;0;16.7;2.89;0.48;0.00;0.00;0.5;0.5;0.08;-0.5;-0.5;Matches
400;Rafinha\Rafinha;br BRA;MF;Celta Vigo;26;1993;15.5;2;0;0;21;6;0;28.6;1.36;0.39;0.10;0.33;1.4;1.4;0.07;+0.6;+0.6;Matches
401;Baba Rahman\Baba-Rahman;gh GHA;DF;Mallorca;25;1994;1.2;0;0;0;1;0;0;0.0;0.83;0.00;0.00;;0.0;0.0;0.05;0.0;0.0;Matches
402;Antonio Raillo\Antonio-Raillo;es ESP;DF;Mallorca;27;1991;21.2;1;0;0;13;2;0;15.4;0.61;0.09;0.08;0.50;1.8;1.8;0.14;-0.8;-0.8;Matches
403;Ivan Rakitić\Ivan-Rakitic;hr CRO;MF;Barcelona;31;1988;9.9;0;0;0;16;4;0;25.0;1.62;0.40;0.00;0.00;1.4;1.4;0.08;-1.4;-1.4;Matches
404;Sandro Ramírez\Sandro-Ramirez;es ESP;FW;Valladolid;24;1995;11.1;2;0;1;33;12;3;36.4;2.98;1.08;0.06;0.17;3.9;3.2;0.10;-1.9;-1.2;Matches
405;Iván Ramis\Ivan-Ramis;es ESP;DF;Eibar;34;1984;5.1;1;0;0;4;2;0;50.0;0.79;0.39;0.25;0.50;0.2;0.2;0.06;+0.8;+0.8;Matches
406;Adrián Ramos\Adrian-Ramos;co COL;FW;Granada;33;1986;2.5;0;0;0;6;2;0;33.3;2.43;0.81;0.00;0.00;0.5;0.5;0.08;-0.5;-0.5;Matches
407;Sergio Ramos\Sergio-Ramos;es ESP;DF;Real Madrid;33;1986;23.7;5;3;3;25;8;3;32.0;1.06;0.34;0.08;0.25;5.6;3.3;0.13;-0.6;-1.3;Matches
408;Raúl\Raul;es ESP;FWMF;Betis;18;2000;0.2;0;0;0;0;0;0;;0.00;0.00;;;0.0;0.0;;0.0;0.0;Matches
409;Recio\Recio;es ESP;MF;Leganés;28;1991;14.5;0;0;0;19;6;0;31.6;1.31;0.41;0.00;0.00;1.1;1.1;0.06;-1.1;-1.1;Matches
410;Sergio Reguilón\Sergio-Reguilon;es ESP;DF;Sevilla;22;1996;19.8;1;0;0;21;4;0;19.0;1.06;0.20;0.05;0.25;1.3;1.3;0.06;-0.3;-0.3;Matches
411;Manolo Reina\Manolo-Reina;es ESP;GK;Mallorca;34;1985;25.0;0;0;0;0;0;0;;0.00;0.00;;;0.0;0.0;;0.0;0.0;Matches
412;Álex Remiro\Alex-Remiro;es ESP;GK;Real Sociedad;24;1995;18.0;0;0;0;1;0;0;0.0;0.06;0.00;0.00;;0.1;0.1;0.14;-0.1;-0.1;Matches
413;Luis Rioja\Luis-Rioja;es ESP;MF;Alavés;25;1993;13.3;0;0;0;7;1;0;14.3;0.53;0.08;0.00;0.00;0.4;0.4;0.05;-0.4;-0.4;Matches
414;Rodrigo Riquelme\Rodrigo-Riquelme;es ESP;MF;Atlético Madrid;19;2000;0.1;0;0;0;1;0;0;0.0;7.50;0.00;0.00;;0.1;0.1;0.11;-0.1;-0.1;Matches
415;Cristian Rivera\Cristian-Rivera;es ESP;MF;Leganés;22;1997;3.4;0;0;0;1;0;0;0.0;0.29;0.00;0.00;;0.0;0.0;0.04;0.0;0.0;Matches
416;Sergi Roberto\Sergi-Roberto;es ESP;DFMF;Barcelona;27;1992;19.3;1;0;0;6;2;0;33.3;0.31;0.10;0.17;0.50;0.5;0.5;0.08;+0.5;+0.5;Matches
417;Joel Robles\Joel-Robles;es ESP;GK;Betis;29;1990;24.1;0;0;0;0;0;0;;0.00;0.00;;;0.0;0.0;;0.0;0.0;Matches
418;Marc Roca\Marc-Roca;es ESP;MF;Espanyol;22;1996;23.0;2;2;2;21;2;0;9.5;0.91;0.09;0.00;0.00;2.1;0.5;0.03;-0.1;-0.5;Matches
419;Rubén Rochina\Ruben-Rochina;es ESP;MF;Levante;28;1991;14.0;4;0;0;45;10;3;22.2;3.21;0.71;0.09;0.40;2.0;2.0;0.04;+2.0;+2.0;Matches
420;Rodrigo\Rodrigo;es ESP;FW;Valencia;28;1991;15.3;2;0;0;28;10;0;35.7;1.83;0.65;0.07;0.20;4.1;4.1;0.15;-2.1;-2.1;Matches
421;Kévin Rodrigues\Kevin-Rodrigues;pt POR;DF;Real Sociedad;25;1994;0.1;0;0;0;0;0;0;;0.00;0.00;;;0.0;0.0;;0.0;0.0;Matches
422;Kévin Rodrigues\Kevin-Rodrigues;pt POR;DFFW;Leganés;25;1994;14.1;1;0;0;12;6;1;50.0;0.85;0.43;0.08;0.17;0.7;0.7;0.06;+0.3;+0.3;Matches
423;Óscar Rodríguez Arnaiz\Oscar-Rodriguez-Arnaiz;es ESP;MFFW;Leganés;21;1998;17.6;5;0;0;43;19;12;44.2;2.44;1.08;0.12;0.26;2.4;2.4;0.06;+2.6;+2.6;Matches
424;Ángel Rodríguez\Angel-Rodriguez;es ESP;FW;Getafe;32;1987;11.8;10;1;1;36;16;0;44.4;3.04;1.35;0.25;0.56;4.9;4.1;0.11;+5.1;+4.9;Matches
425;Dani Rodríguez\Dani-Rodriguez;es ESP;MFFW;Mallorca;31;1988;23.5;4;1;1;36;8;0;22.2;1.53;0.34;0.08;0.38;4.0;3.3;0.09;0.0;-0.3;Matches
426;Guido Rodríguez\Guido-Rodriguez;ar ARG;MF;Betis;25;1994;1.8;0;0;0;0;0;0;;0.00;0.00;;;0.0;0.0;;0.0;0.0;Matches
427;James Rodríguez\James-Rodriguez;co COL;MF;Real Madrid;28;1991;3.8;1;0;0;9;1;1;11.1;2.38;0.26;0.11;1.00;0.9;0.9;0.10;+0.1;+0.1;Matches
428;Rodrygo\Rodrygo;br BRA;FW;Real Madrid;18;2001;7.4;2;0;0;11;5;0;45.5;1.49;0.68;0.18;0.40;1.8;1.8;0.16;+0.2;+0.2;Matches
429;Facundo Roncaglia\Facundo-Roncaglia;ar ARG;DF;Osasuna;32;1987;10.3;1;0;0;2;1;0;50.0;0.19;0.10;0.50;1.00;0.0;0.0;0.01;+1.0;+1.0;Matches
430;Roberto Rosales\Roberto-Rosales;ve VEN;DF;Leganés;30;1988;12.5;0;0;0;2;0;1;0.0;0.16;0.00;0.00;;0.1;0.1;0.03;-0.1;-0.1;Matches
431;Rubén\Ruben;es ESP;GK;Osasuna;35;1984;12.6;0;0;0;0;0;0;;0.00;0.00;;;0.0;0.0;;0.0;0.0;Matches
432;Waldo Rubio\Waldo-Rubio;es ESP;MFFW;Valladolid;23;1995;4.9;0;0;0;9;2;0;22.2;1.83;0.41;0.00;0.00;0.3;0.3;0.03;-0.3;-0.3;Matches
433;Aitor Ruibal\Aitor-Ruibal;es ESP;DFFW;Leganés;23;1996;4.9;0;0;0;5;1;0;20.0;1.03;0.21;0.00;0.00;0.4;0.4;0.08;-0.4;-0.4;Matches
434;Jorge Sáenz\Jorge-Saenz;es ESP;DFMF;Celta Vigo;22;1996;1.4;0;0;0;0;0;0;;0.00;0.00;;;0.0;0.0;;0.0;0.0;Matches
435;Borja Sainz\Borja-Sainz;es ESP;MFFW;Alavés;18;2001;3.8;0;0;0;6;4;0;66.7;1.59;1.06;0.00;0.00;0.9;0.9;0.15;-0.9;-0.9;Matches
436;Yannis Salibur\Yannis-Salibur;fr FRA;FWMF;Mallorca;28;1991;0.6;0;0;0;0;0;0;;0.00;0.00;;;0.0;0.0;;0.0;0.0;Matches
437;Mohammed Salisu\Mohammed-Salisu;gh GHA;DF;Valladolid;20;1999;25.3;1;0;0;5;1;0;20.0;0.20;0.04;0.20;1.00;1.0;1.0;0.20;0.0;0.0;Matches
438;Fede San Emeterio\Fede-San-Emeterio;es ESP;MF;Valladolid;22;1997;11.8;0;0;0;1;0;0;0.0;0.08;0.00;0.00;;0.0;0.0;0.03;0.0;0.0;Matches
439;Mikel San José\Mikel-San-Jose;es ESP;MF;Athletic Bilbao;30;1989;3.9;0;0;0;6;1;0;16.7;1.53;0.25;0.00;0.00;0.6;0.6;0.10;-0.6;-0.6;Matches
440;Oihan Sancet\Oihan-Sancet;es ESP;MF;Athletic Bilbao;19;2000;3.6;0;0;0;6;3;0;50.0;1.66;0.83;0.00;0.00;0.4;0.4;0.07;-0.4;-0.4;Matches
441;Germán Sánchez\German-Sanchez;es ESP;DF;Granada;32;1986;16.7;2;0;0;8;3;0;37.5;0.48;0.18;0.25;0.67;1.2;1.2;0.15;+0.8;+0.8;Matches
442;Manuel Sánchez\Manuel-Sanchez;es ESP;DF;Atlético Madrid;18;2000;0.7;0;0;0;0;0;0;;0.00;0.00;;;0.0;0.0;;0.0;0.0;Matches
443;Víctor Sánchez\Victor-Sanchez;es ESP;MFDF;Espanyol;31;1987;16.6;0;0;0;8;1;1;12.5;0.48;0.06;0.00;0.00;0.2;0.2;0.03;-0.2;-0.2;Matches
444;Luca Sangalli\Luca-Sangalli;es ESP;MF;Real Sociedad;24;1995;3.4;0;0;0;7;5;0;71.4;2.05;1.46;0.00;0.00;0.5;0.5;0.07;-0.5;-0.5;Matches
445;Oier Sanjurjo\Oier-Sanjurjo;es ESP;MF;Osasuna;33;1986;17.5;2;0;0;12;4;0;33.3;0.69;0.23;0.17;0.50;1.3;1.3;0.11;+0.7;+0.7;Matches
446;Ivan Šaponjić\Ivan-Saponjic;rs SRB;DF;Atlético Madrid;21;1997;0.0;0;0;0;1;0;0;0.0;45.00;0.00;0.00;;0.2;0.2;0.19;-0.2;-0.2;Matches
447;Joan Sastre Vanrell\Joan-Sastre-Vanrell;es ESP;DF;Mallorca;22;1997;14.2;0;0;0;14;1;1;7.1;0.98;0.07;0.00;0.00;0.4;0.4;0.03;-0.4;-0.4;Matches
448;Stefan Savić\Stefan-Savic;me MNE;DF;Atlético Madrid;28;1991;13.0;0;0;0;1;1;0;100.0;0.08;0.08;0.00;0.00;0.0;0.0;0.05;0.0;0.0;Matches
449;Aleksandar Sedlar\Aleksandar-Sedlar;rs SRB;DF;Mallorca;27;1991;1.8;0;0;0;0;0;0;;0.00;0.00;;;0.0;0.0;;0.0;0.0;Matches
450;Nélson Semedo\Nelson-Semedo;pt POR;DF;Barcelona;25;1993;14.4;0;0;0;4;0;0;0.0;0.28;0.00;0.00;;0.3;0.3;0.07;-0.3;-0.3;Matches
451;Josep Señé\Josep-Sene;es ESP;MF;Mallorca;27;1991;1.5;0;0;0;0;0;0;;0.00;0.00;;;0.0;0.0;;0.0;0.0;Matches
452;Salva Sevilla\Salva-Sevilla;es ESP;MF;Mallorca;35;1984;20.6;3;2;3;19;7;8;36.8;0.92;0.34;0.05;0.14;3.0;0.7;0.04;0.0;+0.3;Matches
453;Sidnei\Sidnei;br BRA;DF;Betis;29;1989;7.6;0;0;0;2;1;0;50.0;0.26;0.13;0.00;0.00;0.1;0.1;0.06;-0.1;-0.1;Matches
454;Jonathan Silva\Jonathan-Silva;ar ARG;DF;Leganés;25;1994;22.6;0;0;0;15;2;3;13.3;0.66;0.09;0.00;0.00;1.0;1.0;0.07;-1.0;-1.0;Matches
455;Rui Silva\Rui-Silva;pt POR;GK;Granada;25;1994;25.0;0;0;0;0;0;0;;0.00;0.00;;;0.0;0.0;;0.0;0.0;Matches
456;Unai Simón\Unai-Simon;es ESP;GK;Athletic Bilbao;22;1997;23.0;0;0;0;0;0;0;;0.00;0.00;;;0.0;0.0;;0.0;0.0;Matches
457;Dimitris Siovas\Dimitris-Siovas;gr GRE;DF;Leganés;30;1988;14.6;0;0;0;10;2;0;20.0;0.68;0.14;0.00;0.00;0.9;0.9;0.09;-0.9;-0.9;Matches
458;Pione Sisto\Pione-Sisto;dk DEN;FWMF;Celta Vigo;24;1995;8.5;2;0;0;27;13;1;48.1;3.17;1.53;0.07;0.15;1.8;1.8;0.07;+0.2;+0.2;Matches
459;Antonio Sivera\Antonio-Sivera;es ESP;GK;Alavés;22;1996;3.0;0;0;0;0;0;0;;0.00;0.00;;;0.0;0.0;;0.0;0.0;Matches
460;Fyodor Smolov\Fyodor-Smolov;ru RUS;FW;Celta Vigo;29;1990;3.2;1;0;0;5;3;0;60.0;1.54;0.92;0.20;0.33;0.8;0.8;0.15;+0.2;+0.2;Matches
461;Rubén Sobrino\Ruben-Sobrino;es ESP;FWMF;Valencia;27;1992;1.4;1;0;0;5;3;0;60.0;3.52;2.11;0.20;0.33;0.3;0.3;0.07;+0.7;+0.7;Matches
462;Roberto Soldado\Roberto-Soldado;es ESP;FW;Granada;34;1985;18.6;2;1;1;18;5;2;27.8;0.97;0.27;0.06;0.20;2.6;1.9;0.10;-0.6;-0.9;Matches
463;Carlos Soler\Carlos-Soler;es ESP;MF;Valencia;22;1997;15.4;2;0;0;12;4;0;33.3;0.78;0.26;0.17;0.50;1.3;1.3;0.10;+0.7;+0.7;Matches
464;Kévin Soni\Kevin-Soni;cm CMR;FW;Espanyol;21;1998;0.0;0;0;0;0;0;0;;0.00;0.00;;;0.0;0.0;;0.0;0.0;Matches
465;David Soria\David-Soria;es ESP;GK;Getafe;26;1993;26.0;0;0;0;0;0;0;;0.00;0.00;;;0.0;0.0;;0.0;0.0;Matches
466;Juan Soriano\Juan-Soriano;es ESP;GK;Leganés;21;1997;11.0;0;0;0;1;1;0;100.0;0.09;0.09;0.00;0.00;0.3;0.3;0.35;-0.3;-0.3;Matches
467;Damián Suárez\Damian-Suarez;uy URU;DF;Getafe;31;1988;20.5;1;0;0;14;4;4;28.6;0.68;0.20;0.07;0.25;0.6;0.6;0.04;+0.4;+0.4;Matches
468;Denis Suárez\Denis-Suarez;es ESP;MFFW;Celta Vigo;25;1994;14.7;1;0;1;15;7;0;46.7;1.02;0.48;0.07;0.14;2.0;1.3;0.09;-1.0;-0.3;Matches
469;Luis Suárez\Luis-Suarez;uy URU;FW;Barcelona;32;1987;14.2;11;1;1;51;28;1;54.9;3.59;1.97;0.20;0.36;9.7;9.0;0.18;+1.3;+1.0;Matches
470;Suso\Suso;es ESP;FW;Sevilla;25;1993;3.2;1;0;0;5;3;1;60.0;1.55;0.93;0.20;0.33;0.2;0.2;0.04;+0.8;+0.8;Matches
471;Tachi\Tachi;es ESP;MFDF;Alavés;21;1997;0.1;0;0;0;0;0;0;;0.00;0.00;;;0.0;0.0;;0.0;0.0;Matches
472;Rodrigo Tarín\Rodrigo-Tarin;es ESP;DF;Leganés;23;1996;4.0;0;0;0;1;0;0;0.0;0.25;0.00;0.00;;0.2;0.2;0.16;-0.2;-0.2;Matches
473;Álvaro Tejero\Alvaro-Tejero;es ESP;DF;Eibar;23;1996;13.3;0;0;0;5;1;0;20.0;0.38;0.08;0.00;0.00;0.1;0.1;0.03;-0.1;-0.1;Matches
474;Cristian Tello\Cristian-Tello;es ESP;MFFW;Betis;27;1991;4.7;0;0;0;12;4;2;33.3;2.55;0.85;0.00;0.00;1.1;1.1;0.09;-1.1;-1.1;Matches
475;Marc-André ter Stegen\Marc-Andre-ter-Stegen;de GER;GK;Barcelona;27;1992;25.0;0;0;0;0;0;0;;0.00;0.00;;;0.0;0.0;;0.0;0.0;Matches
476;David Timor\David-Timor;es ESP;MF;Getafe;29;1989;3.5;2;0;0;8;3;4;37.5;2.31;0.87;0.25;0.67;0.2;0.2;0.03;+1.8;+1.8;Matches
477;Jean-Clair Todibo\Jean-Clair-Todibo;fr FRA;DF;Barcelona;19;1999;0.9;0;0;0;0;0;0;;0.00;0.00;;;0.0;0.0;;0.0;0.0;Matches
478;Karl Toko Ekambi\Karl-Toko-Ekambi;cm CMR;FW;Villarreal;26;1992;11.1;6;0;0;39;18;0;46.2;3.53;1.63;0.15;0.33;6.6;6.6;0.17;-0.6;-0.6;Matches
479;Raúl de Tomás\Raul-de-Tomas;es ESP;FW;Espanyol;24;1994;5.0;4;1;1;20;7;1;35.0;4.00;1.40;0.15;0.43;3.0;2.2;0.11;+1.0;+0.8;Matches
480;Toño\Tono;es ESP;DF;Levante;29;1989;13.0;0;0;0;2;0;0;0.0;0.15;0.00;0.00;;0.1;0.1;0.07;-0.1;-0.1;Matches
481;Ferrán Torres\Ferran-Torres;es ESP;MFFW;Valencia;19;2000;19.7;4;0;0;27;9;0;33.3;1.37;0.46;0.15;0.44;3.2;3.2;0.12;+0.8;+0.8;Matches
482;Óliver Torres\Oliver-Torres;es ESP;FWMF;Sevilla;24;1994;12.4;1;0;0;12;7;0;58.3;0.97;0.57;0.08;0.14;1.3;1.3;0.11;-0.3;-0.3;Matches
483;Pau Torres\Pau-Torres;es ESP;DF;Villarreal;22;1997;22.0;1;0;0;6;1;0;16.7;0.27;0.05;0.17;1.00;1.1;1.1;0.18;-0.1;-0.1;Matches
484;Roberto Torres\Roberto-Torres;es ESP;MFFW;Osasuna;30;1989;22.0;5;4;4;55;14;8;25.5;2.49;0.64;0.02;0.07;5.8;2.8;0.05;-0.8;-1.8;Matches
485;Aleksandar Trajkovski\Aleksandar-Trajkovski;mk MKD;MF;Mallorca;26;1992;1.6;0;0;0;3;0;0;0.0;1.84;0.00;0.00;;0.1;0.1;0.05;-0.1;-0.1;Matches
486;Manu Trigueros\Manu-Trigueros;es ESP;MF;Villarreal;27;1991;12.7;1;1;1;16;6;1;37.5;1.26;0.47;0.00;0.00;1.8;1.0;0.06;-0.8;-1.0;Matches
487;Kieran Trippier\Kieran-Trippier;eng ENG;DF;Atlético Madrid;28;1990;16.0;0;0;0;3;0;2;0.0;0.19;0.00;0.00;;0.2;0.2;0.06;-0.2;-0.2;Matches
488;Samuel Umtiti\Samuel-Umtiti;fr FRA;DF;Barcelona;25;1993;9.3;0;0;0;0;0;0;;0.00;0.00;;;0.0;0.0;;0.0;0.0;Matches
489;Enes Ünal\Enes-Unal;tr TUR;FW;Valladolid;22;1997;18.0;4;1;1;36;13;2;36.1;2.00;0.72;0.08;0.23;4.3;3.6;0.10;-0.3;-0.6;Matches
490;Tomáš Vaclík\Tomas-Vaclik;cz CZE;GK;Sevilla;30;1989;24.5;0;0;0;0;0;0;;0.00;0.00;;;0.0;0.0;;0.0;0.0;Matches
491;Álvaro Vadillo\Alvaro-Vadillo;es ESP;FWMF;Granada;24;1994;13.6;3;1;1;17;5;12;29.4;1.25;0.37;0.12;0.40;1.8;1.1;0.06;+1.2;+0.9;Matches
492;Germán Valera\German-Valera;es ESP;FW;Atlético Madrid;17;2002;0.0;0;0;0;0;0;0;;0.00;0.00;;;0.0;0.0;;0.0;0.0;Matches
493;Martin Valjent\Martin-Valjent;sk SVK;DF;Mallorca;23;1995;26.0;0;0;0;12;3;0;25.0;0.46;0.12;0.00;0.00;0.4;0.4;0.03;-0.4;-0.4;Matches
494;Jesús Vallejo\Jesus-Vallejo;es ESP;DF;Granada;22;1997;1.0;0;0;0;1;0;0;0.0;0.96;0.00;0.00;;0.1;0.1;0.07;-0.1;-0.1;Matches
495;Manu Vallejo\Manu-Vallejo;es ESP;MFFW;Valencia;22;1997;3.5;1;0;0;6;2;0;33.3;1.71;0.57;0.17;0.50;1.3;1.3;0.21;-0.3;-0.3;Matches
496;Federico Valverde\Federico-Valverde;uy URU;MF;Real Madrid;21;1998;13.9;2;0;0;21;9;0;42.9;1.51;0.65;0.10;0.22;1.8;1.8;0.09;+0.2;+0.2;Matches
497;Raphaël Varane\Raphael-Varane;fr FRA;DF;Real Madrid;26;1993;22.0;3;0;0;8;3;0;37.5;0.36;0.14;0.38;1.00;0.7;0.7;0.09;+2.3;+2.3;Matches
498;Matías Vargas\Matias-Vargas;ar ARG;FWMF;Espanyol;21;1997;10.5;0;0;0;18;2;1;11.1;1.72;0.19;0.00;0.00;0.9;0.9;0.05;-0.9;-0.9;Matches
499;Franco Vázquez\Franco-Vazquez;ar ARG;MFFW;Sevilla;30;1989;9.8;3;0;0;14;5;0;35.7;1.42;0.51;0.21;0.60;1.2;1.2;0.09;+1.8;+1.8;Matches
500;Kevin Vázquez\Kevin-Vazquez;es ESP;DF;Celta Vigo;26;1993;8.2;0;0;0;0;0;0;;0.00;0.00;;;0.0;0.0;;0.0;0.0;Matches
501;Lucas Vázquez\Lucas-Vazquez;es ESP;FWMF;Real Madrid;28;1991;6.1;2;0;0;9;3;0;33.3;1.48;0.49;0.22;0.67;1.1;1.1;0.12;+0.9;+0.9;Matches
502;Unai Vencedor Paris\Unai-Vencedor-Paris;es ESP;MF;Athletic Bilbao;18;2000;0.8;0;0;0;1;0;1;0.0;1.22;0.00;0.00;;0.1;0.1;0.06;-0.1;-0.1;Matches
503;Mikel Vesga\Mikel-Vesga;es ESP;MF;Athletic Bilbao;26;1993;7.2;0;0;0;4;1;0;25.0;0.56;0.14;0.00;0.00;0.1;0.1;0.02;-0.1;-0.1;Matches
504;Rúben Vezo\Ruben-Vezo;pt POR;DF;Levante;25;1994;18.0;0;0;0;7;2;0;28.6;0.39;0.11;0.00;0.00;0.7;0.7;0.10;-0.7;-0.7;Matches
505;Fede Vico\Fede-Vico;es ESP;MFFW;Granada;25;1994;4.0;1;1;1;6;0;1;0.0;1.48;0.00;0.00;;1.2;0.4;0.07;-0.2;-0.4;Matches
506;Aleix Vidal\Aleix-Vidal;es ESP;MF;Alavés;29;1989;22.2;2;0;0;20;8;3;40.0;0.90;0.36;0.10;0.25;2.4;2.4;0.12;-0.4;-0.4;Matches
507;Arturo Vidal\Arturo-Vidal;cl CHI;MFFW;Barcelona;32;1987;10.1;6;0;0;13;8;0;61.5;1.29;0.79;0.46;0.75;2.7;2.7;0.21;+3.3;+3.3;Matches
508;Nacho Vidal\Nacho-Vidal;es ESP;DF;Osasuna;24;1995;17.3;0;0;0;9;2;0;22.2;0.52;0.12;0.00;0.00;0.6;0.6;0.06;-0.6;-0.6;Matches
509;Dídac Vilà\Didac-Vila;es ESP;DF;Espanyol;30;1989;18.4;0;0;0;9;2;0;22.2;0.49;0.11;0.00;0.00;0.6;0.6;0.06;-0.6;-0.6;Matches
510;Toni Villa\Toni-Villa;es ESP;MF;Valladolid;24;1995;12.0;0;0;0;14;5;0;35.7;1.17;0.42;0.00;0.00;0.7;0.7;0.05;-0.7;-0.7;Matches
511;Asier Villalibre\Asier-Villalibre;es ESP;FW;Athletic Bilbao;21;1997;3.8;1;0;0;9;2;0;22.2;2.38;0.53;0.11;0.50;0.9;0.9;0.10;+0.1;+0.1;Matches
512;Juan Villar\Juan-Villar;es ESP;FW;Osasuna;31;1988;2.6;1;1;1;5;2;0;40.0;1.92;0.77;0.00;0.00;1.1;0.3;0.07;-0.1;-0.3;Matches
513;Vitolo\Vitolo;es ESP;MFFW;Atlético Madrid;29;1989;11.4;2;0;0;15;9;0;60.0;1.32;0.79;0.13;0.22;1.9;1.9;0.13;+0.1;+0.1;Matches
514;Šime Vrsaljko\Sime-Vrsaljko;hr CRO;DF;Atlético Madrid;27;1992;4.0;0;0;0;0;0;0;;0.00;0.00;;;0.0;0.0;;0.0;0.0;Matches
515;Nikola Vukčević\Nikola-Vukcevic;me MNE;MF;Levante;27;1991;11.2;0;0;0;4;1;0;25.0;0.36;0.09;0.00;0.00;0.2;0.2;0.05;-0.2;-0.2;Matches
516;Moussa Wagué\Moussa-Wague;sn SEN;DF;Barcelona;20;1998;1.0;0;0;0;0;0;0;;0.00;0.00;;;0.0;0.0;;0.0;0.0;Matches
517;Wakaso\Wakaso;gh GHA;MF;Alavés;29;1990;14.3;0;0;0;14;1;0;7.1;0.98;0.07;0.00;0.00;0.3;0.3;0.02;-0.3;-0.3;Matches
518;Daniel Wass\Daniel-Wass;dk DEN;DFMF;Valencia;30;1989;24.1;1;0;0;16;4;0;25.0;0.66;0.17;0.06;0.25;1.2;1.2;0.08;-0.2;-0.2;Matches
519;Iñaki Williams\Inaki-Williams;es ESP;FW;Athletic Bilbao;25;1994;23.5;5;1;2;29;16;0;55.2;1.23;0.68;0.14;0.25;5.8;4.3;0.15;-0.8;-0.3;Matches
520;Yoel\Yoel;es ESP;GK;Eibar;30;1988;1.0;0;0;0;0;0;0;;0.00;0.00;;;0.0;0.0;;0.0;0.0;Matches
521;Okay Yokuşlu\Okay-Yokuslu;tr TUR;MF;Celta Vigo;25;1994;14.2;0;0;0;5;1;0;20.0;0.35;0.07;0.00;0.00;0.1;0.1;0.02;-0.1;-0.1;Matches
522;Joseba Zaldúa\Joseba-Zaldua;es ESP;DF;Real Sociedad;27;1992;21.8;0;0;0;7;2;0;28.6;0.32;0.09;0.00;0.00;0.2;0.2;0.02;-0.2;-0.2;Matches
523;Andre-Frank Zambo Anguissa\Andre-Frank-Zambo-Anguissa;cm CMR;MF;Villarreal;23;1995;18.7;1;0;0;23;6;0;26.1;1.23;0.32;0.04;0.17;1.4;1.4;0.06;-0.4;-0.4;Matches
524;Igor Zubeldia\Igor-Zubeldia;es ESP;MFDF;Real Sociedad;22;1997;21.0;0;0;0;11;0;0;0.0;0.52;0.00;0.00;;0.2;0.2;0.02;-0.2;-0.2;Matches
525;David Zurutuza\David-Zurutuza;es ESP;MF;Real Sociedad;33;1986;1.0;0;0;0;0;0;0;;0.00;0.00;;;0.0;0.0;;0.0;0.0;Matches
526;Martin Ødegaard\Martin-Odegaard;no NOR;MF;Real Sociedad;20;1998;21.4;4;0;0;40;15;3;37.5;1.87;0.70;0.10;0.27;2.7;2.7;0.07;+1.3;+1.3;Matches