"id";"name";"nation";"position";"Squad";"age";"born";"MP";"Starts";"Min";"Gls";"Ast";"PK";"PKatt";"CrdY";"CrdR";"Gls_per_match";"Ast_per_match";"G_A_per_match";"G_PK_per_match";"G_A_PK_per_match";"xG";"npxG";"xA";"xG_per_match";"xA_per_match";"xG_xA";"npxG_per_match";"npxG_xA";"Matches"
1;Antonio Adán\Antonio-Adan;es ESP;GK;Atletico Madrid;32;1987;1;0;24;0;0;0;0;0;0;0.00;0.00;0.00;0.00;0.00;0.0;0.0;0.0;0.00;0.00;0.00;0.00;0.00;Matches
2;Aritz Aduriz\Aritz-Aduriz;es ESP;FW;Athletic Bilbao;38;1981;13;0;193;1;0;0;1;3;0;0.47;0.00;0.47;0.47;0.47;1.3;0.6;0.0;0.62;0.00;0.62;0.26;0.26;Matches
3;Lumor Agbenyenu\Lumor-Agbenyenu;gh GHA;DF;Mallorca;22;1996;19;16;1517;0;0;0;0;5;1;0.00;0.00;0.00;0.00;0.00;0.2;0.2;1.1;0.01;0.06;0.08;0.01;0.08;Matches
4;Martin Agirregabiria\Martin-Agirregabiria;es ESP;DF;Alavés;23;1996;22;17;1526;0;1;0;0;3;0;0.00;0.06;0.06;0.00;0.06;0.0;0.0;0.5;0.00;0.03;0.03;0.00;0.03;Matches
5;Joseph Aidoo\Joseph-Aidoo;gh GHA;DF;Celta Vigo;23;1995;22;20;1788;0;1;0;0;4;0;0.00;0.05;0.05;0.00;0.05;0.9;0.9;0.9;0.04;0.05;0.09;0.04;0.09;Matches
6;Jordi Alba\Jordi-Alba;es ESP;DF;Barcelona;30;1989;16;15;1287;1;1;0;0;4;0;0.07;0.07;0.14;0.07;0.14;0.5;0.5;2.1;0.04;0.14;0.18;0.04;0.18;Matches
7;Raúl Albiol\Raul-Albiol;es ESP;DF;Villarreal;33;1985;25;25;2248;1;0;0;0;8;0;0.04;0.00;0.04;0.04;0.04;1.2;1.2;0.3;0.05;0.01;0.06;0.05;0.06;Matches
8;Paco Alcácer\Paco-Alcacer;es ESP;FW;Villarreal;25;1993;5;5;406;2;1;0;0;0;0;0.44;0.22;0.67;0.44;0.67;1.6;1.6;0.6;0.35;0.12;0.47;0.35;0.47;Matches
9;Rubén Alcaraz\Ruben-Alcaraz;es ESP;MF;Valladolid;28;1991;16;12;1170;1;1;0;0;7;0;0.08;0.08;0.15;0.08;0.15;0.8;0.8;0.4;0.06;0.03;0.09;0.06;0.09;Matches
10;Álex Alegría\Alex-Alegria;es ESP;FW;Mallorca;26;1992;6;0;103;0;0;0;0;0;0;0.00;0.00;0.00;0.00;0.00;0.0;0.0;0.0;0.00;0.00;0.00;0.00;0.00;Matches
11;Carles Aleñá\Carles-Alena;es ESP;MFFW;Betis;21;1998;8;4;438;0;0;0;0;1;0;0.00;0.00;0.00;0.00;0.00;0.7;0.7;0.1;0.14;0.02;0.16;0.14;0.16;Matches
12;Carles Aleñá\Carles-Alena;es ESP;MF;Barcelona;21;1998;4;2;170;0;0;0;0;0;0;0.00;0.00;0.00;0.00;0.00;0.0;0.0;0.0;0.02;0.00;0.02;0.02;0.02;Matches
13;Sergio Álvarez\Sergio-Alvarez;es ESP;GK;Celta Vigo;32;1986;4;2;180;0;0;0;0;3;0;0.00;0.00;0.00;0.00;0.00;0.0;0.0;0.0;0.00;0.00;0.00;0.00;0.00;Matches
14;Sergio Álvarez\Sergio-Alvarez;es ESP;MFDF;Eibar;27;1992;10;8;638;0;0;0;0;4;0;0.00;0.00;0.00;0.00;0.00;0.2;0.2;0.2;0.03;0.02;0.05;0.03;0.05;Matches
15;Yeray Álvarez\Yeray-Alvarez;es ESP;DF;Athletic Bilbao;24;1995;24;24;2160;0;0;0;0;2;0;0.00;0.00;0.00;0.00;0.00;1.1;1.1;0.5;0.04;0.02;0.07;0.04;0.07;Matches
16;Amath\Amath;sn SEN;MF;Getafe;23;1996;3;0;45;0;0;0;0;0;0;0.00;0.00;0.00;0.00;0.00;0.0;0.0;0.0;0.00;0.00;0.00;0.00;0.00;Matches
17;Miguel Ángel Guerrero\Miguel-Angel-Guerrero;es ESP;FW;Leganés;29;1990;2;2;134;0;0;0;0;0;0;0.00;0.00;0.00;0.00;0.00;0.1;0.1;0.1;0.07;0.05;0.12;0.07;0.12;Matches
18;Miguel Ángel Moyá\Miguel-Angel-Moya;es ESP;GK;Real Sociedad;35;1984;7;7;630;0;0;0;0;0;0;0.00;0.00;0.00;0.00;0.00;0.0;0.0;0.0;0.00;0.00;0.00;0.00;0.00;Matches
19;José Ángel\Jose-Angel;es ESP;DF;Eibar;29;1989;19;19;1656;1;1;0;0;2;0;0.05;0.05;0.11;0.05;0.11;0.4;0.4;2.2;0.02;0.12;0.14;0.02;0.14;Matches
20;Antoñito\Antonito;es ESP;DFMF;Valladolid;31;1987;9;6;519;0;0;0;0;1;0;0.00;0.00;0.00;0.00;0.00;0.1;0.1;0.8;0.02;0.13;0.15;0.02;0.15;Matches
21;Vitorino Antunes\Vitorino-Antunes;pt POR;MF;Getafe;32;1987;1;0;5;0;0;0;0;0;0;0.00;0.00;0.00;0.00;0.00;0.0;0.0;0.0;0.00;0.00;0.00;0.00;0.00;Matches
22;Anuar\Anuar;ma MAR;MFFW;Valladolid;24;1995;11;1;181;0;0;0;0;1;0;0.00;0.00;0.00;0.00;0.00;0.0;0.0;0.0;0.02;0.00;0.02;0.02;0.02;Matches
23;Mauro Arambarri\Mauro-Arambarri;uy URU;MF;Getafe;23;1995;24;23;2102;1;1;0;0;7;0;0.04;0.04;0.09;0.04;0.09;1.3;1.3;1.1;0.06;0.05;0.10;0.06;0.10;Matches
24;Néstor Araujo\Nestor-Araujo;mx MEX;DF;Celta Vigo;27;1991;24;23;2084;1;1;0;0;7;0;0.04;0.04;0.09;0.04;0.09;0.6;0.6;0.0;0.03;0.00;0.03;0.03;0.03;Matches
25;Ronald Araújo\Ronald-Araujo;uy URU;DF;Barcelona;20;1999;1;0;13;0;0;0;0;0;1;0.00;0.00;0.00;0.00;0.00;0.0;0.0;0.0;0.00;0.00;0.00;0.00;0.00;Matches
26;Anaitz Arbilla\Anaitz-Arbilla;es ESP;DF;Eibar;32;1987;18;17;1549;1;0;0;0;5;0;0.06;0.00;0.06;0.06;0.06;0.6;0.6;0.1;0.04;0.00;0.04;0.04;0.04;Matches
27;Alphonse Areola\Alphonse-Areola;fr FRA;GK;Real Madrid;26;1993;3;3;270;0;0;0;0;1;0;0.00;0.00;0.00;0.00;0.00;0.0;0.0;0.0;0.00;0.00;0.00;0.00;0.00;Matches
28;Santiago Arias\Santiago-Arias;co COL;DF;Atletico Madrid;27;1992;7;6;551;0;1;0;0;0;0;0.00;0.16;0.16;0.00;0.16;0.1;0.1;0.5;0.02;0.09;0.11;0.02;0.11;Matches
29;José Arnaiz\Jose-Arnaiz;es ESP;MFFW;Leganés;24;1995;12;2;328;0;0;0;0;2;0;0.00;0.00;0.00;0.00;0.00;0.6;0.6;0.6;0.15;0.17;0.33;0.15;0.33;Matches
30;José Arnaiz\Jose-Arnaiz;es ESP;FWMF;Osasuna;24;1995;4;2;170;0;0;0;0;0;0;0.00;0.00;0.00;0.00;0.00;0.4;0.4;0.1;0.21;0.03;0.24;0.21;0.24;Matches
31;Sergio Asenjo\Sergio-Asenjo;es ESP;GK;Villarreal;30;1989;23;23;2070;0;0;0;0;1;0;0.00;0.00;0.00;0.00;0.00;0.0;0.0;0.0;0.00;0.00;0.00;0.00;0.00;Matches
32;Iago Aspas\Iago-Aspas;es ESP;FW;Celta Vigo;31;1987;26;26;2331;9;2;2;3;7;0;0.35;0.08;0.42;0.27;0.35;9.2;6.9;2.8;0.36;0.11;0.46;0.27;0.38;Matches
33;Roger Assalé\Roger-Assale;ci CIV;FWDF;Leganés;25;1993;3;0;74;0;0;0;0;0;0;0.00;0.00;0.00;0.00;0.00;0.4;0.4;0.0;0.49;0.00;0.49;0.49;0.49;Matches
34;Miguel Atienza\Miguel-Atienza;es ESP;MF;Eibar;;;1;0;25;0;0;0;0;0;0;0.00;0.00;0.00;0.00;0.00;0.0;0.0;0.0;0.00;0.00;0.00;0.00;0.00;Matches
35;Ezequiel Ávila\Ezequiel-Avila;ar ARG;FW;Osasuna;25;1994;20;18;1593;9;2;0;0;6;0;0.51;0.11;0.62;0.51;0.62;7.0;7.0;2.7;0.40;0.15;0.55;0.40;0.55;Matches
36;Javier Avilés\Javier-Aviles;es ESP;MF;Leganés;21;1997;1;0;12;0;0;0;0;0;0;0.00;0.00;0.00;0.00;0.00;0.0;0.0;0.0;0.00;0.00;0.00;0.00;0.00;Matches
37;Chidozie Awaziem\Chidozie-Awaziem;ng NGA;DF;Leganés;22;1997;17;15;1414;0;0;0;0;6;0;0.00;0.00;0.00;0.00;0.00;0.4;0.4;0.1;0.03;0.01;0.03;0.03;0.03;Matches
38;Ramon Azeez\Ramon-Azeez;ng NGA;MF;Granada;26;1992;17;9;881;2;0;0;0;3;0;0.20;0.00;0.20;0.20;0.20;1.7;1.7;0.2;0.17;0.02;0.19;0.17;0.19;Matches
39;Iddrisu Baba\Iddrisu-Baba;gh GHA;MF;Mallorca;23;1996;24;24;1999;0;0;0;0;5;0;0.00;0.00;0.00;0.00;0.00;0.4;0.4;0.1;0.02;0.00;0.02;0.02;0.02;Matches
40;Carlos Bacca\Carlos-Bacca;co COL;FWMF;Villarreal;32;1986;12;4;419;1;0;0;0;1;0;0.21;0.00;0.21;0.21;0.21;1.5;1.5;0.1;0.33;0.01;0.34;0.33;0.34;Matches
41;Gareth Bale\Gareth-Bale;wal WAL;FWMF;Real Madrid;30;1989;14;11;991;2;2;0;0;4;1;0.18;0.18;0.36;0.18;0.36;3.5;3.5;1.4;0.32;0.13;0.45;0.32;0.45;Matches
42;Mikel Balenziaga\Mikel-Balenziaga;es ESP;DF;Athletic Bilbao;31;1988;3;3;270;0;0;0;0;1;0;0.00;0.00;0.00;0.00;0.00;0.0;0.0;0.0;0.00;0.00;0.00;0.00;0.00;Matches
43;Éver Banega\Ever-Banega;ar ARG;MF;Sevilla;31;1988;22;21;1767;2;6;2;2;5;0;0.10;0.31;0.41;0.00;0.31;2.6;1.0;3.9;0.13;0.20;0.33;0.05;0.25;Matches
44;Federico Barba\Federico-Barba;it ITA;DF;Valladolid;25;1993;5;5;450;0;0;0;0;3;0;0.00;0.00;0.00;0.00;0.00;0.0;0.0;0.1;0.01;0.02;0.02;0.01;0.02;Matches
45;Enis Bardhi\Enis-Bardhi;mk MKD;MF;Levante;24;1995;20;14;1355;2;2;0;0;4;0;0.13;0.13;0.27;0.13;0.27;1.9;1.9;0.9;0.13;0.06;0.19;0.13;0.19;Matches
46;Antonio Barragán\Antonio-Barragan;es ESP;DF;Betis;32;1987;7;4;418;0;1;0;0;1;0;0.00;0.22;0.22;0.00;0.22;0.0;0.0;0.6;0.01;0.13;0.14;0.01;0.14;Matches
47;Ander Barrenetxea\Ander-Barrenetxea;es ESP;MFFW;Real Sociedad;17;2001;11;0;156;0;0;0;0;0;0;0.00;0.00;0.00;0.00;0.00;0.3;0.3;0.3;0.17;0.16;0.33;0.17;0.33;Matches
48;Marc Bartra\Marc-Bartra;es ESP;DFMF;Betis;28;1991;22;21;1883;2;1;0;0;5;0;0.10;0.05;0.14;0.10;0.14;1.2;1.2;0.7;0.06;0.03;0.09;0.06;0.09;Matches
49;Gil Bastião Dias\Gil-Bastiao-Dias;pt POR;FWDF;Granada;22;1996;2;1;84;0;0;0;0;0;0;0.00;0.00;0.00;0.00;0.00;0.1;0.1;0.0;0.11;0.04;0.15;0.11;0.15;Matches
50;Fran Beltrán\Fran-Beltran;es ESP;MF;Celta Vigo;20;1999;20;14;1266;0;0;0;0;2;1;0.00;0.00;0.00;0.00;0.00;1.0;1.0;0.4;0.07;0.03;0.10;0.07;0.10;Matches
51;Hatem Ben Arfa\Hatem-Ben-Arfa;fr FRA;MF;Valladolid;32;1987;1;0;12;0;0;0;0;0;0;0.00;0.00;0.00;0.00;0.00;0.0;0.0;0.0;0.00;0.15;0.15;0.00;0.15;Matches
52;Karim Benzema\Karim-Benzema;fr FRA;FW;Real Madrid;31;1987;25;24;2131;13;6;2;2;0;0;0.55;0.25;0.80;0.46;0.72;12.4;10.9;4.7;0.53;0.20;0.73;0.46;0.66;Matches
53;Yuri Berchiche\Yuri-Berchiche;es ESP;DF;Athletic Bilbao;29;1990;23;23;2070;2;1;0;0;4;0;0.09;0.04;0.13;0.09;0.13;1.1;1.1;1.9;0.05;0.08;0.13;0.05;0.13;Matches
54;Markel Bergara\Markel-Bergara;es ESP;MF;Getafe;33;1986;2;0;70;0;0;0;0;2;0;0.00;0.00;0.00;0.00;0.00;0.2;0.2;0.1;0.30;0.15;0.44;0.30;0.44;Matches
55;Sergio Bermejo\Sergio-Bermejo;es ESP;FW;Celta Vigo;21;1997;1;0;4;0;0;0;0;0;0;0.00;0.00;0.00;0.00;0.00;0.0;0.0;0.0;0.00;0.00;0.00;0.00;0.00;Matches
56;Pedro Bigas\Pedro-Bigas;es ESP;DF;Eibar;28;1990;12;11;866;0;0;0;0;1;0;0.00;0.00;0.00;0.00;0.00;0.7;0.7;0.3;0.07;0.03;0.10;0.07;0.10;Matches
57;Rubén Blanco\Ruben-Blanco;es ESP;GK;Celta Vigo;24;1995;24;24;2160;0;0;0;0;3;0;0.00;0.00;0.00;0.00;0.00;0.0;0.0;0.0;0.00;0.00;0.00;0.00;0.00;Matches
58;Pablo de Blasis\Pablo-de-Blasis;ar ARG;DFMF;Eibar;31;1988;20;9;996;0;2;0;0;0;0;0.00;0.18;0.18;0.00;0.18;0.3;0.3;1.5;0.03;0.13;0.16;0.03;0.16;Matches
59;Yassine Bounou\Yassine-Bounou;ma MAR;GK;Sevilla;28;1991;2;1;135;0;0;0;0;0;0;0.00;0.00;0.00;0.00;0.00;0.0;0.0;0.0;0.00;0.00;0.00;0.00;0.00;Matches
60;Filip Bradarić\Filip-Bradaric;hr CRO;MF;Celta Vigo;27;1992;3;2;123;0;0;0;0;0;1;0.00;0.00;0.00;0.00;0.00;0.0;0.0;0.0;0.00;0.01;0.01;0.00;0.01;Matches
61;Martin Braithwaite\Martin-Braithwaite;dk DEN;FW;Barcelona;28;1991;2;0;39;0;0;0;0;0;0;0.00;0.00;0.00;0.00;0.00;0.4;0.4;0.0;1.01;0.00;1.01;1.01;1.01;Matches
62;Martin Braithwaite\Martin-Braithwaite;dk DEN;FWMF;Leganés;28;1991;24;21;1935;6;1;0;1;3;0;0.28;0.05;0.33;0.28;0.33;6.5;5.8;1.2;0.30;0.06;0.36;0.27;0.33;Matches
63;Brandon\Brandon;es ESP;FW;Osasuna;24;1995;8;5;408;0;1;0;0;4;0;0.00;0.22;0.22;0.00;0.22;0.9;0.9;0.4;0.21;0.09;0.30;0.21;0.30;Matches
64;Darko Brašanac\Darko-Brasanac;rs SRB;MF;Osasuna;27;1992;20;18;1590;0;1;0;0;7;0;0.00;0.06;0.06;0.00;0.06;1.7;1.7;0.8;0.10;0.04;0.14;0.10;0.14;Matches
65;Yan Brice Eteki\Yan-Brice-Eteki;cm CMR;MF;Granada;21;1997;16;10;820;0;0;0;0;3;0;0.00;0.00;0.00;0.00;0.00;0.3;0.3;0.1;0.03;0.01;0.04;0.03;0.04;Matches
66;Bryan\Bryan;es ESP;MFFW;Leganés;18;2001;3;0;90;0;0;0;0;2;0;0.00;0.00;0.00;0.00;0.00;0.0;0.0;0.1;0.04;0.08;0.11;0.04;0.11;Matches
67;Bryan\Bryan;es ESP;FW;Sevilla;18;2001;2;0;63;0;0;0;0;2;0;0.00;0.00;0.00;0.00;0.00;0.0;0.0;0.0;0.00;0.00;0.00;0.00;0.00;Matches
68;Ante Budimir\Ante-Budimir;hr CRO;FW;Mallorca;28;1991;24;24;1986;9;2;0;0;6;0;0.41;0.09;0.50;0.41;0.50;6.7;6.7;0.8;0.30;0.04;0.34;0.30;0.34;Matches
69;Esteban Burgos\Esteban-Burgos;ar ARG;DF;Eibar;27;1992;6;5;519;1;0;0;0;2;0;0.17;0.00;0.17;0.17;0.17;0.8;0.8;0.0;0.13;0.00;0.13;0.13;0.13;Matches
70;Burgui\Burgui;es ESP;MF;Alavés;25;1993;2;0;20;0;0;0;0;0;0;0.00;0.00;0.00;0.00;0.00;0.0;0.0;0.0;0.00;0.00;0.00;0.00;0.00;Matches
71;Oliver Burke\Oliver-Burke;sco SCO;MFFW;Alavés;22;1997;21;7;788;1;1;0;0;1;0;0.11;0.11;0.23;0.11;0.23;2.6;2.6;0.5;0.30;0.06;0.36;0.30;0.36;Matches
72;Sergio Busquets\Sergio-Busquets;es ESP;MF;Barcelona;31;1988;22;19;1710;2;2;0;0;6;0;0.11;0.11;0.21;0.11;0.21;1.1;1.1;2.2;0.06;0.12;0.17;0.06;0.17;Matches
73;Unai Bustinza\Unai-Bustinza;es ESP;DF;Leganés;27;1992;23;22;1910;0;1;0;0;3;0;0.00;0.05;0.05;0.00;0.05;0.4;0.4;1.1;0.02;0.05;0.07;0.02;0.07;Matches
74;Erick Cabaco\Erick-Cabaco;uy URU;DF;Levante;24;1995;11;9;808;0;0;0;0;4;0;0.00;0.00;0.00;0.00;0.00;0.3;0.3;0.1;0.03;0.01;0.04;0.03;0.04;Matches
75;Ariday Cabrera\Ariday-Cabrera;es ESP;MFFW;Mallorca;30;1988;2;0;35;0;0;0;0;0;0;0.00;0.00;0.00;0.00;0.00;0.0;0.0;0.0;0.09;0.00;0.09;0.09;0.09;Matches
76;Leandro Cabrera\Leandro-Cabrera;uy URU;DF;Getafe;28;1991;18;18;1530;2;0;0;0;3;0;0.12;0.00;0.12;0.12;0.12;0.9;0.9;0.3;0.05;0.02;0.07;0.05;0.07;Matches
77;Leandro Cabrera\Leandro-Cabrera;uy URU;DF;Espanyol;28;1991;6;6;540;0;0;0;0;1;0;0.00;0.00;0.00;0.00;0.00;0.0;0.0;0.2;0.00;0.04;0.04;0.00;0.04;Matches
78;Fernando Calero\Fernando-Calero;es ESP;DF;Espanyol;23;1995;14;11;976;0;0;0;0;4;1;0.00;0.00;0.00;0.00;0.00;0.0;0.0;0.0;0.00;0.00;0.00;0.00;0.00;Matches
79;Jonathan Calleri\Jonathan-Calleri;ar ARG;FW;Espanyol;25;1993;18;15;1317;1;3;0;0;1;0;0.07;0.21;0.27;0.07;0.27;2.9;2.9;2.0;0.20;0.13;0.34;0.20;0.34;Matches
80;Víctor Camarasa\Victor-Camarasa;es ESP;MF;Alavés;25;1994;7;7;606;0;0;0;0;1;0;0.00;0.00;0.00;0.00;0.00;0.2;0.2;0.6;0.03;0.09;0.12;0.03;0.12;Matches
81;Sergio Camello\Sergio-Camello;es ESP;FW;Atletico Madrid;18;2001;2;0;23;0;0;0;0;0;0;0.00;0.00;0.00;0.00;0.00;0.0;0.0;0.0;0.00;0.00;0.00;0.00;0.00;Matches
82;José Campaña\Jose-Campana;es ESP;MF;Levante;26;1993;25;25;2216;2;5;0;0;3;1;0.08;0.20;0.28;0.08;0.28;2.2;2.2;3.8;0.09;0.15;0.24;0.09;0.24;Matches
83;Xisco Campos\Xisco-Campos;es ESP;DF;Mallorca;37;1982;7;3;340;0;0;0;0;1;0;0.00;0.00;0.00;0.00;0.00;0.1;0.1;0.0;0.02;0.00;0.02;0.02;0.02;Matches
84;Víctor Campuzano\Victor-Campuzano;es ESP;FW;Espanyol;22;1997;13;7;697;0;0;0;0;2;0;0.00;0.00;0.00;0.00;0.00;1.4;1.4;0.0;0.18;0.00;0.18;0.18;0.18;Matches
85;Sergio Canales\Sergio-Canales;es ESP;MF;Betis;28;1991;25;25;2204;4;4;2;2;4;0;0.16;0.16;0.33;0.08;0.25;4.2;2.6;3.3;0.17;0.14;0.31;0.11;0.24;Matches
86;Ander Capa\Ander-Capa;es ESP;DF;Athletic Bilbao;27;1992;25;24;2143;2;4;0;0;10;0;0.08;0.17;0.25;0.08;0.25;1.1;1.1;3.0;0.05;0.13;0.17;0.05;0.17;Matches
87;Marc Cardona\Marc-Cardona;es ESP;FW;Osasuna;24;1995;12;6;515;1;1;0;0;1;0;0.17;0.17;0.35;0.17;0.35;1.0;1.0;0.7;0.18;0.12;0.30;0.18;0.30;Matches
88;Diego Carlos\Diego-Carlos;br BRA;DF;Sevilla;26;1993;24;24;2145;2;0;0;0;6;0;0.08;0.00;0.08;0.08;0.08;1.8;1.8;0.5;0.08;0.02;0.09;0.08;0.09;Matches
89;Yannick Carrasco\Yannick-Carrasco;be BEL;MFFW;Atletico Madrid;25;1993;4;1;119;0;0;0;0;0;0;0.00;0.00;0.00;0.00;0.00;0.1;0.1;0.0;0.04;0.04;0.08;0.04;0.08;Matches
90;Daniel Carriço\Daniel-Carrico;pt POR;DF;Sevilla;30;1988;11;10;848;0;0;0;0;3;0;0.00;0.00;0.00;0.00;0.00;0.3;0.3;0.0;0.03;0.00;0.03;0.03;0.03;Matches
91;Guido Carrillo\Guido-Carrillo;ar ARG;FW;Leganés;28;1991;19;9;909;1;1;0;0;1;0;0.10;0.10;0.20;0.10;0.20;3.0;3.0;0.3;0.30;0.03;0.32;0.30;0.32;Matches
92;Dani Carvajal\Dani-Carvajal;es ESP;DF;Real Madrid;27;1992;22;22;1980;1;5;0;0;8;0;0.05;0.23;0.27;0.05;0.27;2.1;2.1;3.8;0.09;0.17;0.26;0.09;0.26;Matches
93;William Carvalho\William-Carvalho;pt POR;MF;Betis;27;1992;9;9;707;0;0;0;0;4;1;0.00;0.00;0.00;0.00;0.00;0.4;0.4;0.7;0.05;0.09;0.14;0.05;0.14;Matches
94;Casemiro\Casemiro;br BRA;MF;Real Madrid;27;1992;24;24;2130;3;2;0;0;9;0;0.13;0.08;0.21;0.13;0.21;2.4;2.4;0.2;0.10;0.01;0.11;0.10;0.11;Matches
95;Santi Cazorla\Santi-Cazorla;es ESP;MF;Villarreal;34;1984;23;20;1740;8;5;6;6;3;0;0.41;0.26;0.67;0.10;0.36;6.0;1.5;4.8;0.31;0.25;0.56;0.08;0.33;Matches
96;Charles\Charles;br BRA;FW;Eibar;35;1984;19;8;822;4;0;0;1;5;0;0.44;0.00;0.44;0.44;0.44;2.8;2.0;0.4;0.31;0.04;0.35;0.22;0.27;Matches
97;Pablo Chavarría\Pablo-Chavarria;ar ARG;FWMF;Mallorca;31;1988;6;0;100;0;0;0;0;1;0;0.00;0.00;0.00;0.00;0.00;0.3;0.3;0.4;0.26;0.35;0.61;0.26;0.61;Matches
98;Pape Cheikh Diop\Pape-Cheikh-Diop;es ESP;MF;Celta Vigo;21;1997;14;5;544;0;1;0;0;4;1;0.00;0.17;0.17;0.00;0.17;0.1;0.1;0.3;0.02;0.05;0.07;0.02;0.07;Matches
99;Chema\Chema;es ESP;DF;Getafe;27;1992;1;1;90;0;0;0;0;1;0;0.00;0.00;0.00;0.00;0.00;0.1;0.1;0.0;0.10;0.00;0.10;0.10;0.10;Matches
100;Denis Cheryshev\Denis-Cheryshev;ru RUS;MFFW;Valencia;28;1990;15;8;698;1;1;0;0;5;0;0.13;0.13;0.26;0.13;0.26;2.2;2.2;0.6;0.28;0.08;0.35;0.28;0.35;Matches
101;Samuel Chukwueze\Samuel-Chukwueze;ng NGA;MFFW;Villarreal;20;1999;25;13;1379;3;1;0;0;1;0;0.20;0.07;0.26;0.20;0.26;3.0;3.0;3.1;0.19;0.20;0.40;0.19;0.40;Matches
102;Jasper Cillessen\Jasper-Cillessen;nl NED;GK;Valencia;30;1989;16;16;1377;0;1;0;0;1;0;0.00;0.07;0.07;0.00;0.07;0.0;0.0;0.1;0.00;0.01;0.01;0.00;0.01;Matches
103;Óscar Clemente\Oscar-Clemente;es ESP;MF;Atletico Madrid;20;1999;1;0;3;0;0;0;0;0;0;0.00;0.00;0.00;0.00;0.00;0.0;0.0;0.0;0.00;0.00;0.00;0.00;0.00;Matches
104;Carlos Clerc\Carlos-Clerc;es ESP;DF;Levante;27;1992;13;13;1169;0;2;0;0;4;0;0.00;0.15;0.15;0.00;0.15;0.1;0.1;1.5;0.01;0.12;0.12;0.01;0.12;Matches
105;Coke\Coke;es ESP;DF;Levante;32;1987;10;6;550;0;0;0;0;2;0;0.00;0.00;0.00;0.00;0.00;0.1;0.1;0.2;0.01;0.03;0.04;0.01;0.04;Matches
106;Álex Collado\Alex-Collado;es ESP;DF;Barcelona;20;1999;1;0;5;0;0;0;0;0;0;0.00;0.00;0.00;0.00;0.00;0.0;0.0;0.0;0.00;0.00;0.00;0.00;0.00;Matches
107;Francis Coquelin\Francis-Coquelin;fr FRA;MF;Valencia;28;1991;19;17;1481;0;0;0;0;7;1;0.00;0.00;0.00;0.00;0.00;0.4;0.4;0.1;0.02;0.00;0.03;0.02;0.03;Matches
108;Sébastien Corchia\Sebastien-Corchia;fr FRA;DF;Espanyol;28;1990;3;3;270;0;0;0;0;1;0;0.00;0.00;0.00;0.00;0.00;0.1;0.1;0.5;0.05;0.17;0.22;0.05;0.22;Matches
109;Iñigo Córdoba\Inigo-Cordoba;es ESP;FW;Athletic Bilbao;22;1997;13;12;777;0;1;0;0;4;0;0.00;0.12;0.12;0.00;0.12;0.8;0.8;0.6;0.09;0.07;0.16;0.09;0.16;Matches
110;Ángel Correa\Angel-Correa;ar ARG;MFFW;Atletico Madrid;24;1995;21;15;1403;5;6;0;0;5;0;0.32;0.38;0.71;0.32;0.71;5.5;5.5;3.2;0.35;0.21;0.56;0.35;0.56;Matches
111;Rober Correa\Rober-Correa;es ESP;DF;Eibar;26;1992;4;3;257;0;0;0;0;0;0;0.00;0.00;0.00;0.00;0.00;0.0;0.0;0.0;0.01;0.00;0.01;0.01;0.01;Matches
112;Thierry Correia\Thierry-Correia;pt POR;DF;Valencia;20;1999;2;2;180;0;0;0;0;0;0;0.00;0.00;0.00;0.00;0.00;0.0;0.0;0.0;0.00;0.02;0.02;0.00;0.02;Matches
113;Diego Costa\Diego-Costa;es ESP;FW;Atletico Madrid;30;1988;12;8;784;2;2;1;2;2;0;0.23;0.23;0.46;0.11;0.34;3.0;1.5;1.2;0.35;0.14;0.49;0.17;0.31;Matches
114;Jaume Costa\Jaume-Costa;es ESP;DF;Valencia;31;1988;13;10;961;0;0;0;0;1;0;0.00;0.00;0.00;0.00;0.00;0.0;0.0;0.3;0.00;0.02;0.03;0.00;0.03;Matches
115;David Costas\David-Costas;es ESP;DF;Celta Vigo;24;1995;6;3;335;0;0;0;0;1;0;0.00;0.00;0.00;0.00;0.00;0.1;0.1;0.0;0.03;0.00;0.03;0.03;0.03;Matches
116;Thibaut Courtois\Thibaut-Courtois;be BEL;GK;Real Madrid;27;1992;23;23;2070;0;0;0;0;0;0;0.00;0.00;0.00;0.00;0.00;0.1;0.1;0.0;0.00;0.00;0.00;0.00;0.00;Matches
117;Sebastián Cristóforo\Sebastian-Cristoforo;uy URU;MF;Eibar;25;1993;6;2;240;0;0;0;0;0;0;0.00;0.00;0.00;0.00;0.00;0.1;0.1;0.1;0.02;0.04;0.06;0.02;0.06;Matches
118;Cucho\Cucho;co COL;FWMF;Mallorca;20;1999;11;7;713;2;1;0;0;3;0;0.25;0.13;0.38;0.25;0.38;2.0;2.0;1.0;0.25;0.13;0.37;0.25;0.37;Matches
119;Marc Cucurella\Marc-Cucurella;es ESP;MFDF;Getafe;21;1998;25;25;2231;1;4;0;0;5;0;0.04;0.16;0.20;0.04;0.20;1.3;1.3;3.6;0.05;0.15;0.20;0.05;0.20;Matches
120;Iván Cuéllar\Ivan-Cuellar;es ESP;GK;Leganés;35;1984;15;15;1349;0;0;0;0;3;1;0.00;0.00;0.00;0.00;0.00;0.0;0.0;0.0;0.00;0.00;0.00;0.00;0.00;Matches
121;Moanes Dabour\Moanes-Dabour;il ISR;FW;Sevilla;27;1992;2;0;24;0;0;0;0;0;0;0.00;0.00;0.00;0.00;0.00;0.2;0.2;0.0;0.58;0.00;0.58;0.58;0.58;Matches
122;Sergi Darder\Sergi-Darder;es ESP;MFFW;Espanyol;25;1993;25;23;2023;2;1;0;0;2;0;0.09;0.04;0.13;0.09;0.13;2.1;2.1;1.9;0.09;0.09;0.18;0.09;0.18;Matches
123;Ousmane Dembélé\Ousmane-Dembele;fr FRA;FW;Barcelona;22;1997;5;3;357;1;0;0;0;1;1;0.25;0.00;0.25;0.25;0.25;1.1;1.1;0.7;0.27;0.18;0.45;0.27;0.45;Matches
124;Deyverson\Deyverson;br BRA;FW;Getafe;28;1991;4;2;144;0;1;0;0;2;0;0.00;0.62;0.62;0.00;0.62;0.1;0.1;0.5;0.05;0.34;0.39;0.05;0.39;Matches
125;Mouctar Diakhaby\Mouctar-Diakhaby;fr FRA;DF;Valencia;22;1996;16;10;1002;0;0;0;0;3;0;0.00;0.00;0.00;0.00;0.00;0.0;0.0;0.0;0.00;0.00;0.00;0.00;0.00;Matches
126;Brahim Díaz\Brahim-Diaz;es ESP;FWMF;Real Madrid;19;1999;3;0;23;0;0;0;0;0;0;0.00;0.00;0.00;0.00;0.00;0.0;0.0;0.0;0.00;0.00;0.00;0.00;0.00;Matches
127;Víctor Díaz\Victor-Diaz;es ESP;DF;Granada;31;1988;24;24;2131;0;5;0;0;3;0;0.00;0.21;0.21;0.00;0.21;0.4;0.4;2.4;0.02;0.10;0.12;0.02;0.12;Matches
128;Papakouli Diop\Papakouli-Diop;sn SEN;MF;Eibar;33;1986;20;18;1593;1;0;0;0;6;0;0.06;0.00;0.06;0.06;0.06;0.8;0.8;0.3;0.04;0.02;0.06;0.04;0.06;Matches
129;Djené\Djene;tg TOG;DF;Getafe;27;1991;24;24;2160;0;0;0;0;3;0;0.00;0.00;0.00;0.00;0.00;0.2;0.2;0.4;0.01;0.02;0.02;0.01;0.02;Matches
130;Marko Dmitrović\Marko-Dmitrovic;rs SRB;GK;Eibar;27;1992;24;24;2160;0;0;0;0;3;0;0.00;0.00;0.00;0.00;0.00;0.0;0.0;0.0;0.00;0.00;0.00;0.00;0.00;Matches
131;Jaume Doménech\Jaume-Domenech;es ESP;GK;Valencia;28;1990;12;11;1053;0;0;0;0;1;0;0.00;0.00;0.00;0.00;0.00;0.0;0.0;0.0;0.00;0.00;0.00;0.00;0.00;Matches
132;Domingos Duarte\Domingos-Duarte;pt POR;DF;Granada;24;1995;25;25;2201;2;0;0;0;5;0;0.08;0.00;0.08;0.08;0.08;1.0;1.0;0.0;0.04;0.00;0.04;0.04;0.04;Matches
133;Óscar Duarte\Oscar-Duarte;cr CRC;DF;Levante;30;1989;6;3;305;0;0;0;0;0;0;0.00;0.00;0.00;0.00;0.00;0.1;0.1;0.0;0.03;0.00;0.03;0.03;0.03;Matches
134;Rubén Duarte\Ruben-Duarte;es ESP;DF;Alavés;23;1995;25;25;2250;0;1;0;0;9;0;0.00;0.04;0.04;0.00;0.04;1.0;1.0;0.6;0.04;0.03;0.06;0.04;0.06;Matches
135;Hugo Duro\Hugo-Duro;es ESP;FW;Getafe;19;1999;3;1;77;0;0;0;0;1;0;0.00;0.00;0.00;0.00;0.00;0.4;0.4;0.0;0.42;0.00;0.42;0.42;0.42;Matches
136;Aritz Elustondo\Aritz-Elustondo;es ESP;DF;Real Sociedad;25;1994;12;10;838;0;1;0;0;1;0;0.00;0.11;0.11;0.00;0.11;0.3;0.3;0.2;0.03;0.02;0.05;0.03;0.05;Matches
137;Rodrigo Ely\Rodrigo-Ely;br BRA;DF;Alavés;25;1993;18;18;1586;1;0;0;0;7;0;0.06;0.00;0.06;0.06;0.06;0.4;0.4;0.0;0.02;0.00;0.02;0.02;0.02;Matches
138;Adri Embarba\Adri-Embarba;es ESP;MFFW;Espanyol;27;1992;6;5;458;2;1;1;1;2;0;0.39;0.20;0.59;0.20;0.39;1.1;0.4;0.7;0.22;0.13;0.36;0.07;0.21;Matches
139;Emerson\Emerson;br BRA;DF;Betis;20;1999;22;22;1935;3;5;0;0;8;0;0.14;0.23;0.37;0.14;0.37;1.2;1.2;2.6;0.06;0.12;0.18;0.06;0.18;Matches
140;Youssef En-Nesyri\Youssef-En-Nesyri;ma MAR;FW;Sevilla;22;1997;6;3;293;3;0;0;0;0;0;0.92;0.00;0.92;0.92;0.92;2.9;2.9;0.0;0.88;0.01;0.89;0.88;0.89;Matches
141;Youssef En-Nesyri\Youssef-En-Nesyri;ma MAR;FW;Leganés;22;1997;18;15;1384;4;2;0;0;2;0;0.26;0.13;0.39;0.26;0.39;3.9;3.9;0.7;0.25;0.04;0.30;0.25;0.30;Matches
142;Sergi Enrich\Sergi-Enrich;es ESP;FW;Eibar;29;1990;19;16;1359;1;3;0;0;3;0;0.07;0.20;0.26;0.07;0.26;2.4;2.4;0.5;0.16;0.03;0.19;0.16;0.19;Matches
143;Javier Eraso\Javier-Eraso;es ESP;MFFW;Leganés;29;1990;15;8;607;0;0;0;0;2;0;0.00;0.00;0.00;0.00;0.00;0.4;0.4;0.6;0.06;0.09;0.14;0.06;0.14;Matches
144;Gonzalo Escalante\Gonzalo-Escalante;ar ARG;MF;Eibar;26;1993;18;14;1302;0;1;0;0;6;1;0.00;0.07;0.07;0.00;0.07;1.4;1.4;0.6;0.09;0.04;0.13;0.09;0.13;Matches
145;Aarón Escandell\Aaron-Escandell;es ESP;GK;Granada;23;1995;1;1;90;0;0;0;0;0;0;0.00;0.00;0.00;0.00;0.00;0.0;0.0;0.0;0.00;0.00;0.00;0.00;0.00;Matches
146;Sergio Escudero\Sergio-Escudero;es ESP;DF;Sevilla;29;1989;6;4;413;0;0;0;0;2;0;0.00;0.00;0.00;0.00;0.00;0.1;0.1;0.6;0.03;0.13;0.16;0.03;0.16;Matches
147;Bernardo Espinosa\Bernardo-Espinosa;co COL;DF;Espanyol;30;1989;17;17;1530;2;0;0;0;4;0;0.12;0.00;0.12;0.12;0.12;1.4;1.4;0.3;0.08;0.02;0.10;0.08;0.10;Matches
148;Esquerdo\Esquerdo;es ESP;MF;Valencia;20;1999;2;0;11;0;0;0;0;0;0;0.00;0.00;0.00;0.00;0.00;0.0;0.0;0.0;0.00;0.00;0.00;0.00;0.00;Matches
149;Pervis Estupiñán\Pervis-Estupinan;ec ECU;DF;Osasuna;21;1998;25;25;2247;1;3;0;0;6;0;0.04;0.12;0.16;0.04;0.16;1.0;1.0;2.3;0.04;0.09;0.14;0.04;0.14;Matches
150;Oghenekaro Etebo\Oghenekaro-Etebo;ng NGA;MF;Getafe;23;1995;5;3;279;0;0;0;0;2;0;0.00;0.00;0.00;0.00;0.00;0.2;0.2;0.0;0.08;0.00;0.08;0.08;0.08;Matches
151;Beñat Etxebarria\Benat-Etxebarria;es ESP;MF;Athletic Bilbao;32;1987;11;3;388;0;0;0;0;0;0;0.00;0.00;0.00;0.00;0.00;0.1;0.1;0.4;0.03;0.10;0.12;0.03;0.12;Matches
152;Xabier Etxeita\Xabier-Etxeita;es ESP;DF;Getafe;31;1987;9;8;765;0;0;0;0;5;0;0.00;0.00;0.00;0.00;0.00;0.0;0.0;0.0;0.00;0.00;0.00;0.00;0.00;Matches
153;Edu Expósito\Edu-Exposito;es ESP;MF;Eibar;22;1996;23;15;1458;2;1;0;0;3;0;0.12;0.06;0.19;0.12;0.19;0.6;0.6;1.1;0.04;0.07;0.11;0.04;0.11;Matches
154;Fabricio\Fabricio;es ESP;GK;Mallorca;31;1987;2;1;90;0;0;0;0;1;0;0.00;0.00;0.00;0.00;0.00;0.0;0.0;0.0;0.00;0.00;0.00;0.00;0.00;Matches
155;Fayçal Fajr\Faycal-Fajr;ma MAR;MF;Getafe;30;1988;7;5;389;0;0;0;0;2;0;0.00;0.00;0.00;0.00;0.00;0.4;0.4;0.5;0.10;0.11;0.22;0.10;0.22;Matches
156;Eliseo Falcon\Eliseo-Falcon;es ESP;DF;Levante;22;1997;1;1;73;0;0;0;0;2;1;0.00;0.00;0.00;0.00;0.00;0.0;0.0;0.0;0.00;0.00;0.00;0.00;0.00;Matches
157;Ansu Fati\Ansu-Fati;es ESP;FWDF;Barcelona;16;2002;15;7;678;4;1;0;0;2;0;0.53;0.13;0.66;0.53;0.66;2.4;2.4;1.5;0.32;0.20;0.52;0.32;0.52;Matches
158;Aleix Febas\Aleix-Febas;es ESP;MF;Mallorca;23;1996;23;18;1408;0;3;0;0;3;0;0.00;0.19;0.19;0.00;0.19;0.6;0.6;1.4;0.04;0.09;0.13;0.04;0.13;Matches
159;Zouhair Feddal\Zouhair-Feddal;ma MAR;DF;Betis;30;1989;11;10;848;0;1;0;0;7;2;0.00;0.11;0.11;0.00;0.11;0.3;0.3;0.3;0.03;0.03;0.07;0.03;0.07;Matches
160;Ljubomir Fejsa\Ljubomir-Fejsa;rs SRB;MF;Alavés;30;1988;5;5;365;0;0;0;0;1;0;0.00;0.00;0.00;0.00;0.00;0.0;0.0;0.0;0.00;0.00;0.00;0.00;0.00;Matches
161;Nabil Fekir\Nabil-Fekir;fr FRA;MFFW;Betis;26;1993;21;20;1731;7;2;1;1;7;1;0.36;0.10;0.47;0.31;0.42;5.0;4.3;1.5;0.26;0.08;0.34;0.22;0.30;Matches
162;Felipe\Felipe;br BRA;DF;Atletico Madrid;30;1989;20;19;1711;1;0;0;0;6;0;0.05;0.00;0.05;0.05;0.05;1.1;1.1;0.1;0.06;0.01;0.06;0.06;0.06;Matches
163;João Félix\Joao-Felix;pt POR;FWMF;Atletico Madrid;19;1999;19;16;1339;3;1;0;0;4;0;0.20;0.07;0.27;0.20;0.27;5.2;5.2;1.9;0.35;0.13;0.48;0.35;0.48;Matches
164;Aitor Fernández\Aitor-Fernandez;es ESP;GK;Levante;28;1991;26;26;2340;0;0;0;0;2;0;0.00;0.00;0.00;0.00;0.00;0.0;0.0;0.2;0.00;0.01;0.01;0.00;0.01;Matches
165;Andrés Fernández\Andres-Fernandez;es ESP;GK;Villarreal;32;1986;4;3;293;0;0;0;0;1;0;0.00;0.00;0.00;0.00;0.00;0.0;0.0;0.0;0.00;0.00;0.00;0.00;0.00;Matches
166;Carlos Fernández\Carlos-Fernandez;es ESP;FWMF;Granada;23;1996;22;12;1314;5;2;0;0;6;0;0.34;0.14;0.48;0.34;0.48;4.1;4.1;1.0;0.28;0.07;0.35;0.28;0.35;Matches
167;Gabriel Fernández\Gabriel-Fernandez;uy URU;FWMF;Celta Vigo;25;1994;15;5;491;1;1;0;0;3;1;0.18;0.18;0.37;0.18;0.37;0.7;0.7;0.2;0.13;0.04;0.17;0.13;0.17;Matches
168;Joaquín Fernández\Joaquin-Fernandez;es ESP;MFDF;Valladolid;23;1996;13;12;1075;1;0;0;0;7;0;0.08;0.00;0.08;0.08;0.08;0.1;0.1;0.1;0.01;0.00;0.02;0.01;0.02;Matches
169;Fernando\Fernando;br BRA;MF;Sevilla;32;1987;24;24;2090;1;2;0;0;10;0;0.04;0.09;0.13;0.04;0.13;1.5;1.5;0.5;0.07;0.02;0.09;0.07;0.09;Matches
170;Facundo Ferreyra\Facundo-Ferreyra;ar ARG;FW;Espanyol;28;1991;13;5;538;1;0;0;0;2;0;0.17;0.00;0.17;0.17;0.17;1.2;1.2;0.4;0.20;0.06;0.26;0.20;0.26;Matches
171;Junior Firpo\Junior-Firpo;es ESP;DF;Barcelona;22;1996;11;9;809;1;0;0;0;3;0;0.11;0.00;0.11;0.11;0.11;0.6;0.6;0.5;0.07;0.05;0.12;0.07;0.12;Matches
172;Alessandro Florenzi\Alessandro-Florenzi;it ITA;DFMF;Valencia;28;1991;3;3;195;0;0;0;0;1;1;0.00;0.00;0.00;0.00;0.00;0.1;0.1;0.0;0.06;0.00;0.06;0.06;0.06;Matches
173;Hernâni Fortes\Hernani-Fortes;pt POR;MFFW;Levante;27;1991;11;4;419;2;0;0;0;2;1;0.43;0.00;0.43;0.43;0.43;0.9;0.9;0.9;0.20;0.20;0.40;0.20;0.40;Matches
174;Dimitri Foulquier\Dimitri-Foulquier;fr FRA;DF;Granada;26;1993;8;5;547;1;0;0;0;2;0;0.16;0.00;0.16;0.16;0.16;0.2;0.2;0.1;0.03;0.02;0.05;0.03;0.05;Matches
175;Jorge de Frutos\Jorge-de-Frutos;es ESP;MFFW;Valladolid;22;1997;3;0;56;0;0;0;0;0;0;0.00;0.00;0.00;0.00;0.00;0.1;0.1;0.1;0.21;0.10;0.32;0.21;0.32;Matches
176;Ramiro Funes Mori\Ramiro-Funes-Mori;ar ARG;DF;Villarreal;28;1991;7;5;451;0;0;0;0;1;0;0.00;0.00;0.00;0.00;0.00;0.1;0.1;0.1;0.01;0.02;0.03;0.01;0.03;Matches
177;Enric Gallego\Enric-Gallego;es ESP;FW;Osasuna;32;1986;5;3;323;0;0;0;0;2;0;0.00;0.00;0.00;0.00;0.00;0.6;0.6;0.5;0.17;0.13;0.30;0.17;0.30;Matches
178;Enric Gallego\Enric-Gallego;es ESP;FW;Getafe;32;1986;5;2;162;0;0;0;0;0;0;0.00;0.00;0.00;0.00;0.00;0.2;0.2;0.0;0.13;0.00;0.13;0.13;0.13;Matches
179;Kévin Gameiro\Kevin-Gameiro;fr FRA;FW;Valencia;32;1987;19;12;1047;5;1;0;1;0;0;0.43;0.09;0.52;0.43;0.52;4.3;3.6;1.7;0.37;0.14;0.52;0.31;0.45;Matches
180;Fran Gámez\Fran-Gamez;es ESP;DF;Mallorca;28;1991;14;13;1229;0;1;0;0;2;0;0.00;0.07;0.07;0.00;0.07;0.9;0.9;0.7;0.07;0.05;0.12;0.07;0.12;Matches
181;Ezequiel Garay\Ezequiel-Garay;ar ARG;DF;Valencia;32;1986;17;17;1438;0;0;0;0;2;0;0.00;0.00;0.00;0.00;0.00;0.6;0.6;0.1;0.04;0.00;0.04;0.04;0.04;Matches
182;Dani García\Dani-Garcia;es ESP;MF;Athletic Bilbao;29;1990;25;24;2188;0;0;0;0;6;0;0.00;0.00;0.00;0.00;0.00;0.5;0.5;0.4;0.02;0.02;0.04;0.02;0.04;Matches
183;David García\David-Garcia;es ESP;DF;Osasuna;25;1994;22;21;1892;0;0;0;0;4;0;0.00;0.00;0.00;0.00;0.00;0.9;0.9;0.2;0.04;0.01;0.05;0.04;0.05;Matches
184;Javi García\Javi-Garcia;es ESP;MF;Betis;32;1987;7;4;360;0;0;0;0;2;0;0.00;0.00;0.00;0.00;0.00;0.2;0.2;0.0;0.06;0.00;0.06;0.06;0.06;Matches
185;Manu García\Manu-Garcia;es ESP;MF;Alavés;33;1986;25;20;1766;0;0;0;0;10;1;0.00;0.00;0.00;0.00;0.00;2.1;2.1;0.1;0.10;0.01;0.11;0.10;0.11;Matches
186;Raúl García\Raul-Garcia;es ESP;MFFW;Athletic Bilbao;33;1986;24;23;2002;8;1;5;5;7;0;0.36;0.04;0.40;0.13;0.18;7.6;3.8;0.5;0.34;0.02;0.37;0.17;0.20;Matches
187;Raúl García\Raul-Garcia;es ESP;DF;Getafe;30;1989;4;3;246;0;0;0;0;0;0;0.00;0.00;0.00;0.00;0.00;0.0;0.0;0.2;0.00;0.08;0.08;0.00;0.08;Matches
188;Raúl García\Raul-Garcia;es ESP;DF;Valladolid;30;1989;7;7;630;0;1;0;0;2;0;0.00;0.14;0.14;0.00;0.14;0.2;0.2;0.2;0.02;0.04;0.06;0.02;0.06;Matches
189;Rubén García\Ruben-Garcia;es ESP;MFFW;Osasuna;26;1993;23;21;1776;6;2;1;1;4;0;0.30;0.10;0.41;0.25;0.35;5.6;4.8;2.7;0.28;0.14;0.42;0.24;0.38;Matches
190;Unai García\Unai-Garcia;es ESP;DF;Osasuna;27;1992;4;2;198;1;0;0;0;0;0;0.45;0.00;0.45;0.45;0.45;0.2;0.2;0.1;0.10;0.05;0.15;0.10;0.15;Matches
191;Mario Gaspar\Mario-Gaspar;es ESP;DF;Villarreal;28;1990;16;16;1410;0;1;0;0;2;0;0.00;0.06;0.06;0.00;0.06;0.9;0.9;1.4;0.06;0.09;0.15;0.06;0.15;Matches
192;José Antonio Martínez Gil\Jose-Antonio-Martinez-Gil;es ESP;DF;Granada;26;1993;16;11;1035;0;0;0;0;0;0;0.00;0.00;0.00;0.00;0.00;0.1;0.1;0.0;0.01;0.00;0.01;0.01;0.01;Matches
193;Ibai Gómez\Ibai-Gomez;es ESP;FW;Athletic Bilbao;29;1989;14;6;648;0;0;0;0;0;0;0.00;0.00;0.00;0.00;0.00;1.1;1.1;1.6;0.15;0.22;0.37;0.15;0.37;Matches
194;Maxi Gómez\Maxi-Gomez;uy URU;FW;Valencia;22;1996;22;17;1508;8;2;0;1;5;0;0.48;0.12;0.60;0.48;0.60;4.1;3.4;1.7;0.25;0.10;0.34;0.20;0.30;Matches
195;Moi Gómez\Moi-Gomez;es ESP;FWMF;Villarreal;25;1994;25;20;1712;4;3;0;0;1;0;0.21;0.16;0.37;0.21;0.37;2.3;2.3;2.6;0.12;0.14;0.26;0.12;0.26;Matches
196;Sergi Gómez\Sergi-Gomez;es ESP;DF;Sevilla;27;1992;7;5;475;0;0;0;0;2;0;0.00;0.00;0.00;0.00;0.00;0.0;0.0;0.0;0.00;0.01;0.01;0.00;0.01;Matches
197;Maxime Gonalons\Maxime-Gonalons;fr FRA;MF;Granada;30;1989;17;15;1360;0;0;0;0;6;0;0.00;0.00;0.00;0.00;0.00;0.1;0.1;0.4;0.01;0.03;0.04;0.01;0.04;Matches
198;Bruno González\Bruno-Gonzalez;es ESP;DF;Getafe;29;1990;2;2;180;0;0;0;0;1;0;0.00;0.00;0.00;0.00;0.00;0.0;0.0;0.0;0.00;0.01;0.01;0.00;0.01;Matches
199;Bruno González\Bruno-Gonzalez;es ESP;DF;Levante;29;1990;2;2;180;0;0;0;0;0;0;0.00;0.00;0.00;0.00;0.00;0.0;0.0;0.0;0.00;0.00;0.00;0.00;0.00;Matches
200;Édgar González\Edgar-Gonzalez;es ESP;MF;Betis;22;1997;6;6;483;0;0;0;0;2;0;0.00;0.00;0.00;0.00;0.00;0.7;0.7;0.0;0.14;0.00;0.14;0.14;0.14;Matches
201;Andoni Gorosabel\Andoni-Gorosabel;es ESP;DF;Real Sociedad;22;1996;5;3;293;0;0;0;0;0;0;0.00;0.00;0.00;0.00;0.00;0.0;0.0;0.1;0.00;0.02;0.02;0.00;0.02;Matches
202;Esteban Granero\Esteban-Granero;es ESP;MF;Espanyol;32;1987;11;5;471;1;0;0;0;5;0;0.19;0.00;0.19;0.19;0.19;1.2;1.2;0.5;0.24;0.09;0.33;0.24;0.33;Matches
203;Antoine Griezmann\Antoine-Griezmann;fr FRA;FW;Barcelona;28;1991;25;24;2053;8;4;0;0;2;0;0.35;0.18;0.53;0.35;0.53;7.3;7.3;2.6;0.32;0.11;0.43;0.32;0.43;Matches
204;Andrés Guardado\Andres-Guardado;mx MEX;MF;Betis;32;1986;19;17;1443;0;2;0;0;8;0;0.00;0.12;0.12;0.00;0.12;0.8;0.8;1.5;0.05;0.10;0.15;0.05;0.15;Matches
205;Sergi Guardiola\Sergi-Guardiola;es ESP;FW;Valladolid;28;1991;25;24;2060;6;2;0;0;5;0;0.26;0.09;0.35;0.26;0.35;4.6;4.6;1.5;0.20;0.07;0.27;0.20;0.27;Matches
206;Nemanja Gudelj\Nemanja-Gudelj;rs SRB;MFDF;Sevilla;27;1991;15;3;609;0;0;0;0;4;0;0.00;0.00;0.00;0.00;0.00;0.2;0.2;0.1;0.03;0.02;0.05;0.03;0.05;Matches
207;Gonçalo Guedes\Goncalo-Guedes;pt POR;MFFW;Valencia;22;1996;10;6;598;0;1;0;0;0;0;0.00;0.15;0.15;0.00;0.15;0.6;0.6;1.0;0.10;0.15;0.25;0.10;0.25;Matches
208;Ander Guevara\Ander-Guevara;es ESP;MF;Real Sociedad;22;1997;12;10;823;0;0;0;0;3;0;0.00;0.00;0.00;0.00;0.00;0.1;0.1;0.4;0.01;0.04;0.05;0.01;0.05;Matches
209;John Guidetti\John-Guidetti;se SWE;FW;Alavés;27;1992;5;1;93;0;0;0;0;0;0;0.00;0.00;0.00;0.00;0.00;0.2;0.2;0.1;0.20;0.05;0.25;0.20;0.25;Matches
210;Hugo Guillamón\Hugo-Guillamon;es ESP;DF;Valencia;19;2000;1;0;45;0;0;0;0;0;0;0.00;0.00;0.00;0.00;0.00;0.0;0.0;0.0;0.00;0.00;0.00;0.00;0.00;Matches
211;Ismael Gutiérrez\Ismael-Gutierrez;es ESP;MF;Betis;18;2000;3;1;82;0;0;0;0;1;0;0.00;0.00;0.00;0.00;0.00;0.0;0.0;0.0;0.00;0.00;0.00;0.00;0.00;Matches
212;Munir El Haddadi\Munir-El-Haddadi;es ESP;FW;Sevilla;23;1995;10;7;643;2;1;0;0;1;0;0.28;0.14;0.42;0.28;0.42;2.1;2.1;0.7;0.29;0.10;0.39;0.29;0.39;Matches
213;Eden Hazard\Eden-Hazard;be BEL;FWMF;Real Madrid;28;1991;10;9;748;1;1;0;0;0;0;0.12;0.12;0.24;0.12;0.24;1.4;1.4;1.0;0.17;0.12;0.29;0.17;0.29;Matches
214;Mario Hermoso\Mario-Hermoso;es ESP;DF;Atletico Madrid;24;1995;13;11;960;0;0;0;0;2;0;0.00;0.00;0.00;0.00;0.00;0.4;0.4;0.0;0.03;0.00;0.04;0.03;0.04;Matches
215;Aridane Hernández\Aridane-Hernandez;gq EQG;DF;Osasuna;30;1989;20;20;1800;3;0;0;0;5;0;0.15;0.00;0.15;0.15;0.15;1.1;1.1;0.2;0.05;0.01;0.06;0.05;0.06;Matches
216;Javier Hernández\Javier-Hernandez;mx MEX;FW;Sevilla;31;1988;9;4;446;1;0;0;0;0;0;0.20;0.00;0.20;0.20;0.20;2.6;2.6;0.3;0.53;0.05;0.58;0.53;0.58;Matches
217;Juan Hernández\Juan-Hernandez;es ESP;MF;Celta Vigo;24;1994;2;0;20;0;0;0;0;0;0;0.00;0.00;0.00;0.00;0.00;0.0;0.0;0.2;0.00;0.94;0.94;0.00;0.94;Matches
218;Héctor Herrera\Hector-Herrera;mx MEX;MF;Atletico Madrid;29;1990;14;9;833;0;1;0;0;0;0;0.00;0.11;0.11;0.00;0.11;0.7;0.7;1.3;0.07;0.14;0.22;0.07;0.22;Matches
219;Sergio Herrera\Sergio-Herrera;es ESP;GK;Osasuna;26;1993;12;11;1024;0;0;0;0;2;1;0.00;0.00;0.00;0.00;0.00;0.0;0.0;0.0;0.00;0.00;0.00;0.00;0.00;Matches
220;Yangel Herrera\Yangel-Herrera;ve VEN;MF;Granada;21;1998;20;18;1577;2;2;0;0;9;0;0.11;0.11;0.23;0.11;0.23;1.7;1.7;0.8;0.09;0.05;0.14;0.09;0.14;Matches
221;Iago Herrerín\Iago-Herrerin;es ESP;GK;Athletic Bilbao;31;1988;3;3;270;0;0;0;0;0;0;0.00;0.00;0.00;0.00;0.00;0.0;0.0;0.0;0.00;0.00;0.00;0.00;0.00;Matches
222;Pablo Hervías\Pablo-Hervias;es ESP;MF;Valladolid;26;1993;13;4;438;1;0;0;0;0;0;0.21;0.00;0.21;0.21;0.21;0.5;0.5;0.3;0.10;0.06;0.16;0.10;0.16;Matches
223;Robert Ibáñez\Robert-Ibanez;es ESP;MFFW;Osasuna;26;1993;14;5;533;1;0;0;0;3;0;0.17;0.00;0.17;0.17;0.17;1.1;1.1;0.2;0.19;0.04;0.23;0.19;0.23;Matches
224;Vicente Iborra\Vicente-Iborra;es ESP;MF;Villarreal;31;1988;25;25;2035;0;2;0;0;8;0;0.00;0.09;0.09;0.00;0.09;1.0;1.0;0.3;0.04;0.01;0.06;0.04;0.06;Matches
225;Borja Iglesias\Borja-Iglesias;es ESP;FW;Betis;26;1993;24;15;1380;3;2;0;0;1;1;0.20;0.13;0.33;0.20;0.33;1.7;1.7;2.0;0.11;0.13;0.24;0.11;0.24;Matches
226;Asier Illarramendi\Asier-Illarramendi;es ESP;MF;Real Sociedad;29;1990;3;3;217;0;0;0;0;0;0;0.00;0.00;0.00;0.00;0.00;0.0;0.0;0.2;0.01;0.10;0.11;0.01;0.11;Matches
227;Takashi Inui\Takashi-Inui;jp JPN;MFFW;Eibar;31;1988;19;17;1398;1;3;0;0;2;0;0.06;0.19;0.26;0.06;0.26;2.4;2.4;1.3;0.15;0.08;0.24;0.15;0.24;Matches
228;Alexander Isak\Alexander-Isak;se SWE;FW;Real Sociedad;19;1999;25;8;968;7;1;0;0;2;0;0.65;0.09;0.74;0.65;0.74;5.1;5.1;1.3;0.47;0.12;0.60;0.47;0.60;Matches
229;Isco\Isco;es ESP;FWMF;Real Madrid;27;1992;16;11;872;1;0;0;0;1;0;0.10;0.00;0.10;0.10;0.10;1.3;1.3;1.3;0.14;0.13;0.27;0.14;0.27;Matches
230;Ander Iturraspe\Ander-Iturraspe;es ESP;MF;Espanyol;30;1989;6;2;179;0;0;0;0;1;0;0.00;0.00;0.00;0.00;0.00;0.0;0.0;0.0;0.00;0.00;0.00;0.00;0.00;Matches
231;Adnan Januzaj\Adnan-Januzaj;be BEL;FWMF;Real Sociedad;24;1995;16;8;735;2;3;0;0;1;0;0.24;0.37;0.61;0.24;0.61;0.8;0.8;1.7;0.10;0.21;0.30;0.10;0.30;Matches
232;Jason\Jason;es ESP;MF;Getafe;25;1994;11;11;877;1;4;0;0;5;0;0.10;0.41;0.51;0.10;0.51;1.1;1.1;1.5;0.11;0.15;0.26;0.11;0.26;Matches
233;Joaquín\Joaquin;es ESP;MFFW;Betis;38;1981;25;20;1651;8;2;2;3;3;0;0.44;0.11;0.55;0.33;0.44;5.7;3.4;4.3;0.31;0.23;0.54;0.18;0.42;Matches
234;Frenkie de Jong\Frenkie-de-Jong;nl NED;MF;Barcelona;22;1997;25;22;1903;2;2;0;0;3;1;0.09;0.09;0.19;0.09;0.19;1.1;1.1;2.1;0.05;0.10;0.15;0.05;0.15;Matches
235;Luuk de Jong\Luuk-de-Jong;nl NED;FW;Sevilla;28;1990;23;17;1527;4;1;0;0;2;0;0.24;0.06;0.29;0.24;0.29;6.4;6.4;1.8;0.38;0.11;0.49;0.38;0.49;Matches
236;Joan Jordán\Joan-Jordan;es ESP;MF;Sevilla;25;1994;22;17;1465;2;1;0;0;4;0;0.12;0.06;0.18;0.12;0.18;1.4;1.4;2.0;0.09;0.12;0.21;0.09;0.21;Matches
237;Willian José\Willian-Jose;br BRA;FW;Real Sociedad;27;1991;24;17;1358;8;0;0;0;4;0;0.53;0.00;0.53;0.53;0.53;8.0;8.0;0.8;0.53;0.06;0.58;0.53;0.58;Matches
238;Joselu\Joselu;es ESP;FW;Alavés;29;1990;26;23;2059;9;2;0;0;5;0;0.39;0.09;0.48;0.39;0.48;7.9;7.9;2.0;0.35;0.09;0.44;0.35;0.44;Matches
239;Luka Jović\Luka-Jovic;rs SRB;FW;Real Madrid;21;1997;15;4;391;2;1;0;0;2;0;0.46;0.23;0.69;0.46;0.69;2.3;2.3;0.5;0.53;0.10;0.63;0.53;0.63;Matches
240;Juanmi\Juanmi;es ESP;FWMF;Betis;26;1993;2;1;75;0;0;0;0;0;0;0.00;0.00;0.00;0.00;0.00;0.2;0.2;0.0;0.24;0.00;0.24;0.24;0.24;Matches
241;David Juncà\David-Junca;es ESP;DF;Celta Vigo;25;1993;3;3;259;0;0;0;0;1;0;0.00;0.00;0.00;0.00;0.00;0.0;0.0;0.0;0.00;0.00;0.00;0.00;0.00;Matches
242;Lago Junior\Lago-Junior;ci CIV;MFFW;Mallorca;28;1990;23;20;1747;4;0;3;3;2;0;0.21;0.00;0.21;0.05;0.05;4.8;2.5;0.9;0.25;0.04;0.29;0.13;0.17;Matches
243;Vinicius Júnior\Vinicius-Junior;br BRA;FWMF;Real Madrid;19;2000;18;7;811;2;1;0;0;3;0;0.22;0.11;0.33;0.22;0.33;2.8;2.8;1.8;0.31;0.20;0.51;0.31;0.51;Matches
244;Lee Kangin\Lee-Kangin;kr KOR;MFFW;Valencia;18;2001;11;2;296;1;0;0;0;1;1;0.30;0.00;0.30;0.30;0.30;0.5;0.5;0.3;0.14;0.08;0.22;0.14;0.22;Matches
245;Wilfrid Kaptoum\Wilfrid-Kaptoum;cm CMR;MF;Betis;23;1996;5;2;191;0;0;0;0;1;0;0.00;0.00;0.00;0.00;0.00;0.1;0.1;0.0;0.03;0.02;0.05;0.03;0.05;Matches
246;Kenedy\Kenedy;br BRA;MFDF;Getafe;23;1996;15;3;507;1;3;0;0;2;0;0.18;0.53;0.71;0.18;0.71;0.7;0.7;0.9;0.13;0.17;0.30;0.13;0.30;Matches
247;Kike\Kike;es ESP;FW;Eibar;29;1989;16;11;999;3;0;0;0;2;0;0.27;0.00;0.27;0.27;0.27;3.3;3.3;0.2;0.30;0.02;0.32;0.30;0.32;Matches
248;Kenan Kodro\Kenan-Kodro;ba BIH;FWMF;Athletic Bilbao;25;1993;7;4;330;1;0;0;0;0;0;0.27;0.00;0.27;0.27;0.27;0.2;0.2;0.0;0.05;0.00;0.06;0.05;0.06;Matches
249;Koke\Koke;es ESP;MF;Atletico Madrid;27;1992;21;20;1779;2;3;0;0;4;0;0.10;0.15;0.25;0.10;0.25;1.5;1.5;3.7;0.07;0.19;0.26;0.07;0.26;Matches
250;Geoffrey Kondogbia\Geoffrey-Kondogbia;cf CTA;MF;Valencia;26;1993;17;14;1217;1;0;0;0;4;0;0.07;0.00;0.07;0.07;0.07;0.6;0.6;0.1;0.04;0.01;0.05;0.04;0.05;Matches
251;Jules Koundé\Jules-Kounde;fr FRA;DF;Sevilla;20;1998;18;14;1316;1;1;0;0;3;0;0.07;0.07;0.14;0.07;0.14;1.2;1.2;0.5;0.08;0.04;0.12;0.08;0.12;Matches
252;Leonardo Koutris\Leonardo-Koutris;gr GRE;DF;Mallorca;24;1995;2;1;93;0;0;0;0;0;0;0.00;0.00;0.00;0.00;0.00;0.0;0.0;0.2;0.00;0.17;0.17;0.00;0.17;Matches
253;İsmail Köybaşı\Ismail-Koybasi;tr TUR;DFFW;Granada;30;1989;3;3;225;0;0;0;0;1;0;0.00;0.00;0.00;0.00;0.00;0.0;0.0;0.2;0.01;0.09;0.10;0.01;0.10;Matches
254;Toni Kroos\Toni-Kroos;de GER;MF;Real Madrid;29;1990;23;22;1810;3;5;0;0;1;0;0.15;0.25;0.40;0.15;0.40;2.4;2.4;3.7;0.12;0.18;0.30;0.12;0.30;Matches
255;Takefusa Kubo\Takefusa-Kubo;jp JPN;MFFW;Mallorca;18;2001;23;12;1349;2;2;0;0;2;0;0.13;0.13;0.27;0.13;0.27;1.4;1.4;1.9;0.09;0.13;0.22;0.09;0.22;Matches
256;Víctor Laguardia\Victor-Laguardia;es ESP;DF;Alavés;29;1989;21;21;1844;1;2;0;0;7;1;0.05;0.10;0.15;0.05;0.15;0.7;0.7;0.6;0.03;0.03;0.06;0.03;0.06;Matches
257;Diego Lainez\Diego-Lainez;mx MEX;MF;Betis;19;2000;10;1;207;0;0;0;0;0;0;0.00;0.00;0.00;0.00;0.00;0.1;0.1;0.0;0.06;0.00;0.07;0.06;0.07;Matches
258;Larra\Larra;es ESP;FWMF;Athletic Bilbao;21;1997;9;1;178;0;0;0;0;0;0;0.00;0.00;0.00;0.00;0.00;0.1;0.1;0.1;0.03;0.03;0.07;0.03;0.07;Matches
259;Toni Lato\Toni-Lato;es ESP;MF;Osasuna;21;1997;1;1;79;0;0;0;0;0;0;0.00;0.00;0.00;0.00;0.00;0.1;0.1;0.0;0.14;0.00;0.14;0.14;0.14;Matches
260;Robin Le Normand\Robin-Le-Normand;fr FRA;DF;Real Sociedad;22;1996;19;14;1372;1;0;0;0;5;0;0.07;0.00;0.07;0.07;0.07;0.5;0.5;0.0;0.03;0.00;0.03;0.03;0.03;Matches
261;Wu Lei\Wu-Lei;cn CHN;FWMF;Espanyol;27;1991;21;13;1106;3;0;0;0;2;0;0.24;0.00;0.24;0.24;0.24;3.1;3.1;1.0;0.25;0.08;0.34;0.25;0.34;Matches
262;Iñigo Lekue\Inigo-Lekue;es ESP;DFFW;Athletic Bilbao;26;1993;9;3;321;0;1;0;0;0;0;0.00;0.28;0.28;0.00;0.28;0.1;0.1;0.2;0.03;0.06;0.09;0.03;0.09;Matches
263;Thomas Lemar\Thomas-Lemar;fr FRA;MF;Atletico Madrid;23;1995;17;9;808;0;0;0;0;1;0;0.00;0.00;0.00;0.00;0.00;0.4;0.4;0.4;0.04;0.04;0.09;0.04;0.09;Matches
264;Clément Lenglet\Clement-Lenglet;fr FRA;DF;Barcelona;24;1995;18;18;1599;2;1;0;0;8;2;0.11;0.06;0.17;0.11;0.17;0.8;0.8;0.6;0.05;0.03;0.08;0.05;0.08;Matches
265;Pedro León\Pedro-Leon;es ESP;MFFW;Eibar;32;1986;22;17;1403;1;0;0;0;3;0;0.06;0.00;0.06;0.06;0.06;1.6;1.6;2.5;0.10;0.16;0.26;0.10;0.26;Matches
266;Sergio León\Sergio-Leon;es ESP;FW;Levante;30;1989;14;4;455;1;0;0;0;2;0;0.20;0.00;0.20;0.20;0.20;1.9;1.9;0.0;0.37;0.01;0.37;0.37;0.37;Matches
267;Lillo\Lillo;es ESP;DF;Osasuna;30;1989;4;2;193;0;0;0;0;2;0;0.00;0.00;0.00;0.00;0.00;0.0;0.0;0.1;0.01;0.05;0.06;0.01;0.06;Matches
268;Diego Llorente\Diego-Llorente;es ESP;DF;Real Sociedad;25;1993;18;18;1537;0;1;0;0;4;1;0.00;0.06;0.06;0.00;0.06;0.6;0.6;0.1;0.03;0.01;0.04;0.03;0.04;Matches
269;Marcos Llorente\Marcos-Llorente;es ESP;MF;Atletico Madrid;24;1995;17;7;633;1;0;0;0;4;0;0.14;0.00;0.14;0.14;0.14;0.7;0.7;0.0;0.10;0.00;0.10;0.10;0.10;Matches
270;Stanislav Lobotka\Stanislav-Lobotka;sk SVK;MF;Celta Vigo;24;1994;17;17;1391;0;0;0;0;1;0;0.00;0.00;0.00;0.00;0.00;0.2;0.2;0.4;0.01;0.03;0.04;0.01;0.04;Matches
271;Renan Lodi\Renan-Lodi;br BRA;DF;Atletico Madrid;21;1998;23;20;1671;1;2;0;0;5;1;0.05;0.11;0.16;0.05;0.16;0.6;0.6;1.5;0.03;0.08;0.11;0.03;0.11;Matches
272;Rony Lopes\Rony-Lopes;pt POR;FWMF;Sevilla;23;1995;3;1;87;0;0;0;0;0;0;0.00;0.00;0.00;0.00;0.00;0.1;0.1;0.0;0.14;0.00;0.14;0.14;0.14;Matches
273;Adrián López\Adrian-Lopez;es ESP;FWMF;Osasuna;31;1988;17;10;884;0;0;0;0;0;0;0.00;0.00;0.00;0.00;0.00;1.1;1.1;1.7;0.11;0.17;0.28;0.11;0.28;Matches
274;David López\David-Lopez;es ESP;DFMF;Espanyol;29;1989;20;17;1408;2;2;0;0;4;1;0.13;0.13;0.26;0.13;0.26;1.1;1.1;0.8;0.07;0.05;0.12;0.07;0.12;Matches
275;Diego López\Diego-Lopez;es ESP;GK;Espanyol;37;1981;26;26;2340;0;0;0;0;2;0;0.00;0.00;0.00;0.00;0.00;0.0;0.0;0.0;0.00;0.00;0.00;0.00;0.00;Matches
276;Javi López\Javi-Lopez;es ESP;DF;Espanyol;33;1986;13;12;1048;0;0;0;0;5;1;0.00;0.00;0.00;0.00;0.00;0.1;0.1;0.7;0.01;0.06;0.06;0.01;0.06;Matches
277;Lluis López\Lluis-Lopez;es ESP;DF;Espanyol;22;1997;4;3;299;0;0;0;0;1;0;0.00;0.00;0.00;0.00;0.00;0.1;0.1;0.0;0.04;0.00;0.04;0.04;0.04;Matches
278;Unai López\Unai-Lopez;es ESP;MF;Athletic Bilbao;23;1995;16;15;1101;0;3;0;0;5;0;0.00;0.25;0.25;0.00;0.25;0.4;0.4;2.1;0.04;0.17;0.21;0.04;0.21;Matches
279;Iker Losada\Iker-Losada;es ESP;MFFW;Celta Vigo;17;2001;2;0;11;1;0;0;0;0;0;8.18;0.00;8.18;8.18;8.18;0.0;0.0;0.0;0.24;0.00;0.24;0.24;0.24;Matches
280;Pol Lozano\Pol-Lozano;es ESP;MF;Espanyol;19;1999;1;0;17;0;0;0;0;0;0;0.00;0.00;0.00;0.00;0.00;0.0;0.0;0.0;0.00;0.00;0.00;0.00;0.00;Matches
281;José Luis Gayà\Jose-Luis-Gaya;es ESP;DF;Valencia;24;1995;20;19;1678;0;0;0;0;4;0;0.00;0.00;0.00;0.00;0.00;0.3;0.3;1.0;0.01;0.05;0.07;0.01;0.07;Matches
282;José Luis Morales\Jose-Luis-Morales;es ESP;FWMF;Levante;32;1987;26;21;1874;2;1;0;0;1;0;0.10;0.05;0.14;0.10;0.14;3.5;3.5;3.2;0.17;0.15;0.32;0.17;0.32;Matches
283;Darwin Machís\Darwin-Machis;ve VEN;FWMF;Granada;26;1993;25;13;1380;5;3;1;1;3;0;0.33;0.20;0.52;0.26;0.46;3.6;2.8;2.3;0.24;0.15;0.38;0.19;0.33;Matches
284;Lisandro Magallán\Lisandro-Magallan;ar ARG;DF;Alavés;25;1993;11;8;745;1;0;0;0;4;0;0.12;0.00;0.12;0.12;0.12;0.2;0.2;0.0;0.03;0.00;0.03;0.03;0.03;Matches
285;Nemanja Maksimović\Nemanja-Maksimovic;rs SRB;MF;Getafe;24;1995;24;23;2024;2;0;0;0;4;0;0.09;0.00;0.09;0.09;0.09;1.9;1.9;0.4;0.09;0.02;0.10;0.09;0.10;Matches
286;Hugo Mallo\Hugo-Mallo;es ESP;DF;Celta Vigo;28;1991;20;17;1480;0;1;0;0;6;0;0.00;0.06;0.06;0.00;0.06;0.1;0.1;1.2;0.01;0.07;0.08;0.01;0.08;Matches
287;Aïssa Mandi\Aissa-Mandi;dz ALG;DF;Betis;27;1991;22;22;1948;0;0;0;0;8;0;0.00;0.00;0.00;0.00;0.00;0.7;0.7;0.3;0.03;0.01;0.05;0.03;0.05;Matches
288;Eliaquim Mangala\Eliaquim-Mangala;fr FRA;DF;Valencia;28;1991;4;4;315;0;0;0;0;1;0;0.00;0.00;0.00;0.00;0.00;0.2;0.2;0.0;0.04;0.00;0.04;0.04;0.04;Matches
289;Marcelo\Marcelo;br BRA;DF;Real Madrid;31;1988;10;10;881;0;2;0;0;1;0;0.00;0.20;0.20;0.00;0.20;0.3;0.3;1.9;0.03;0.19;0.22;0.03;0.22;Matches
290;Óscar de Marcos\Oscar-de-Marcos;es ESP;FW;Athletic Bilbao;30;1989;4;3;188;0;0;0;0;0;0;0.00;0.00;0.00;0.00;0.00;0.0;0.0;0.0;0.00;0.00;0.00;0.00;0.00;Matches
291;José María Giménez\Jose-Maria-Gimenez;uy URU;DF;Atletico Madrid;24;1995;11;11;990;0;0;0;0;0;0;0.00;0.00;0.00;0.00;0.00;0.3;0.3;0.0;0.03;0.00;0.03;0.03;0.03;Matches
292;Mariano\Mariano;do DOM;FW;Real Madrid;25;1993;1;0;;1;0;0;0;0;0;;;;;;0.1;0.1;0.0;;;;;;Matches
293;Adrián Marín\Adrian-Marin;es ESP;DF;Alavés;22;1997;4;4;338;0;0;0;0;0;0;0.00;0.00;0.00;0.00;0.00;0.2;0.2;0.0;0.04;0.00;0.04;0.04;0.04;Matches
294;Guillermo Maripán\Guillermo-Maripan;cl CHI;DF;Alavés;25;1994;1;1;90;0;0;0;0;0;0;0.00;0.00;0.00;0.00;0.00;0.0;0.0;0.0;0.00;0.00;0.00;0.00;0.00;Matches
295;Roger Martí\Roger-Marti;es ESP;FW;Levante;28;1991;25;18;1578;10;0;4;4;4;0;0.57;0.00;0.57;0.34;0.34;8.3;5.3;1.1;0.47;0.07;0.54;0.30;0.37;Matches
296;Daniel Martín\Daniel-Martin;es ESP;GK;Betis;21;1998;2;1;170;0;0;0;0;0;0;0.00;0.00;0.00;0.00;0.00;0.0;0.0;0.0;0.00;0.00;0.00;0.00;0.00;Matches
297;Álex Martínez\Alex-Martinez;es ESP;DF;Granada;28;1990;2;0;14;0;0;0;0;1;0;0.00;0.00;0.00;0.00;0.00;0.1;0.1;0.0;0.34;0.00;0.34;0.34;0.34;Matches
298;Iñigo Martínez\Inigo-Martinez;es ESP;DF;Athletic Bilbao;28;1991;23;23;2070;0;1;0;0;7;0;0.00;0.04;0.04;0.00;0.04;1.7;1.7;0.9;0.07;0.04;0.11;0.07;0.11;Matches
299;Pablo Martínez\Pablo-Martinez;es ESP;MF;Levante;21;1998;3;0;17;0;0;0;0;0;0;0.00;0.00;0.00;0.00;0.00;0.0;0.0;0.0;0.00;0.00;0.00;0.00;0.00;Matches
300;Jordi Masip\Jordi-Masip;es ESP;GK;Valladolid;30;1989;26;26;2340;0;0;0;0;2;0;0.00;0.00;0.00;0.00;0.00;0.0;0.0;0.0;0.00;0.00;0.00;0.00;0.00;Matches
301;Jaime Mata\Jaime-Mata;es ESP;FW;Getafe;30;1988;23;22;1864;8;3;2;2;9;0;0.39;0.14;0.53;0.29;0.43;6.5;5.0;2.0;0.31;0.10;0.41;0.24;0.33;Matches
302;Borja Mayoral\Borja-Mayoral;es ESP;FW;Levante;22;1997;23;17;1486;5;1;0;0;2;0;0.30;0.06;0.36;0.30;0.36;5.2;5.2;1.1;0.31;0.06;0.38;0.31;0.38;Matches
303;Óscar Melendo\Oscar-Melendo;es ESP;MFFW;Espanyol;21;1997;13;7;623;0;0;0;0;0;0;0.00;0.00;0.00;0.00;0.00;0.1;0.1;0.3;0.02;0.04;0.06;0.02;0.06;Matches
304;Gonzalo Melero\Gonzalo-Melero;es ESP;MF;Levante;25;1994;15;10;804;1;1;0;0;3;0;0.11;0.11;0.22;0.11;0.22;1.1;1.1;0.4;0.12;0.05;0.17;0.12;0.17;Matches
305;Arthur Melo\Arthur-Melo;br BRA;MF;Barcelona;22;1996;16;12;1006;3;3;0;0;1;0;0.27;0.27;0.54;0.27;0.54;1.3;1.3;1.1;0.11;0.10;0.21;0.11;0.21;Matches
306;Brais Méndez\Brais-Mendez;es ESP;MFFW;Celta Vigo;22;1997;21;11;1016;0;1;0;0;2;0;0.00;0.09;0.09;0.00;0.09;1.3;1.3;0.6;0.11;0.05;0.17;0.11;0.17;Matches
307;Édgar Méndez\Edgar-Mendez;es ESP;MF;Alavés;28;1991;5;2;250;1;0;0;0;1;0;0.36;0.00;0.36;0.36;0.36;0.2;0.2;0.0;0.07;0.01;0.09;0.07;0.09;Matches
308;Ferland Mendy\Ferland-Mendy;fr FRA;DF;Real Madrid;24;1995;15;12;1097;0;2;0;0;6;1;0.00;0.16;0.16;0.00;0.16;0.5;0.5;1.4;0.04;0.11;0.15;0.04;0.15;Matches
309;Fran Mérida\Fran-Merida;es ESP;MF;Osasuna;29;1990;17;9;926;0;0;0;0;8;1;0.00;0.00;0.00;0.00;0.00;0.3;0.3;0.2;0.03;0.02;0.05;0.03;0.05;Matches
310;Mikel Merino\Mikel-Merino;es ESP;MF;Real Sociedad;23;1996;24;23;2072;3;1;0;0;4;0;0.13;0.04;0.17;0.13;0.17;2.3;2.3;1.7;0.10;0.07;0.17;0.10;0.17;Matches
311;Sabin Merino\Sabin-Merino;es ESP;FW;Leganés;27;1992;2;1;78;0;0;0;0;0;0;0.00;0.00;0.00;0.00;0.00;0.0;0.0;0.0;0.00;0.04;0.04;0.00;0.04;Matches
312;Roque Mesa\Roque-Mesa;es ESP;MF;Leganés;30;1989;19;17;1507;1;2;0;0;8;0;0.06;0.12;0.18;0.06;0.18;0.9;0.9;1.5;0.05;0.09;0.14;0.05;0.14;Matches
313;Lionel Messi\Lionel-Messi;ar ARG;FW;Barcelona;32;1987;21;20;1800;18;12;2;2;2;0;0.90;0.60;1.50;0.80;1.40;11.8;10.3;9.8;0.59;0.49;1.08;0.52;1.00;Matches
314;Míchel\Michel;es ESP;MF;Valladolid;31;1988;23;21;1743;1;1;1;1;4;0;0.05;0.05;0.10;0.00;0.05;1.1;0.3;1.4;0.06;0.07;0.13;0.02;0.09;Matches
315;Miguel\Miguel;es ESP;FW;Valladolid;19;1999;3;0;29;0;0;0;0;0;0;0.00;0.00;0.00;0.00;0.00;0.0;0.0;0.0;0.00;0.00;0.00;0.00;0.00;Matches
316;Éder Militão\Eder-Militao;br BRA;DF;Real Madrid;21;1998;8;6;542;0;0;0;0;2;0;0.00;0.00;0.00;0.00;0.00;0.0;0.0;0.0;0.01;0.00;0.01;0.01;0.01;Matches
317;Santi Mina\Santi-Mina;es ESP;FW;Celta Vigo;23;1995;23;14;1293;3;2;0;0;4;0;0.21;0.14;0.35;0.21;0.35;4.6;4.6;1.6;0.32;0.11;0.44;0.32;0.44;Matches
318;Jorge Miramón\Jorge-Miramon;es ESP;DF;Levante;30;1989;23;21;1885;0;3;0;0;3;0;0.00;0.14;0.14;0.00;0.14;0.3;0.3;1.8;0.01;0.09;0.10;0.01;0.10;Matches
319;Luka Modrić\Luka-Modric;hr CRO;MF;Real Madrid;33;1985;21;13;1275;3;4;0;0;3;1;0.21;0.28;0.49;0.21;0.49;1.8;1.8;2.2;0.13;0.16;0.28;0.13;0.28;Matches
320;Jorge Molina\Jorge-Molina;es ESP;FW;Getafe;37;1982;23;18;1369;5;2;2;2;4;1;0.33;0.13;0.46;0.20;0.33;5.2;3.7;2.3;0.34;0.15;0.49;0.24;0.39;Matches
321;Jon Moncayola\Jon-Moncayola;es ESP;MFDF;Osasuna;21;1998;18;10;971;1;0;0;0;4;0;0.09;0.00;0.09;0.09;0.09;0.5;0.5;0.2;0.05;0.01;0.06;0.05;0.06;Matches
322;Nacho Monreal\Nacho-Monreal;es ESP;DF;Real Sociedad;33;1986;19;19;1665;2;0;0;0;1;0;0.11;0.00;0.11;0.11;0.11;1.8;1.8;0.6;0.10;0.03;0.13;0.10;0.13;Matches
323;Ángel Montoro\Angel-Montoro;es ESP;MF;Granada;31;1988;12;11;883;1;4;0;0;5;0;0.10;0.41;0.51;0.10;0.51;1.1;1.1;0.9;0.12;0.09;0.21;0.12;0.21;Matches
324;Álvaro Morata\Alvaro-Morata;es ESP;FW;Atletico Madrid;26;1992;22;18;1555;7;1;0;1;5;1;0.41;0.06;0.46;0.41;0.46;9.6;8.8;3.2;0.55;0.18;0.74;0.51;0.69;Matches
325;Alberto Moreno\Alberto-Moreno;es ESP;DF;Villarreal;27;1992;8;7;594;0;0;0;0;1;0;0.00;0.00;0.00;0.00;0.00;0.7;0.7;0.2;0.11;0.03;0.13;0.11;0.13;Matches
326;Álex Moreno\Alex-Moreno;es ESP;DF;Betis;26;1993;22;19;1715;0;4;0;0;3;0;0.00;0.21;0.21;0.00;0.21;1.8;1.8;1.5;0.09;0.08;0.17;0.09;0.17;Matches
327;Gerard Moreno\Gerard-Moreno;es ESP;FWMF;Villarreal;27;1992;24;23;1973;10;3;0;1;4;0;0.46;0.14;0.59;0.46;0.59;9.7;8.9;4.0;0.44;0.18;0.62;0.41;0.59;Matches
328;Manu Morlanes\Manu-Morlanes;es ESP;MF;Villarreal;20;1999;2;1;90;0;0;0;0;0;0;0.00;0.00;0.00;0.00;0.00;0.0;0.0;0.1;0.00;0.13;0.13;0.00;0.13;Matches
329;Loren Morón\Loren-Moron;es ESP;FW;Betis;25;1993;25;15;1460;9;2;0;0;2;1;0.55;0.12;0.68;0.55;0.68;6.8;6.8;2.1;0.42;0.13;0.55;0.42;0.55;Matches
330;Toni Moya\Toni-Moya;es ESP;MF;Atletico Madrid;21;1998;1;0;3;0;0;0;0;0;0;0.00;0.00;0.00;0.00;0.00;0.0;0.0;0.0;0.00;0.00;0.00;0.00;0.00;Matches
331;Javi Moyano\Javi-Moyano;es ESP;DF;Valladolid;33;1986;19;19;1601;0;0;0;0;3;0;0.00;0.00;0.00;0.00;0.00;0.3;0.3;0.8;0.01;0.05;0.06;0.01;0.06;Matches
332;Iker Muniain\Iker-Muniain;es ESP;FWMF;Athletic Bilbao;26;1992;19;17;1565;4;2;0;0;0;1;0.23;0.12;0.35;0.23;0.35;3.7;3.7;2.0;0.21;0.12;0.33;0.21;0.33;Matches
333;Aihen Muñoz\Aihen-Munoz;es ESP;DF;Real Sociedad;21;1997;7;6;536;0;0;0;0;0;0;0.00;0.00;0.00;0.00;0.00;0.0;0.0;0.0;0.00;0.00;0.00;0.00;0.00;Matches
334;Javier Muñoz\Javier-Munoz;es ESP;MF;Alavés;24;1995;1;1;53;0;0;0;0;0;0;0.00;0.00;0.00;0.00;0.00;0.0;0.0;0.0;0.00;0.00;0.00;0.00;0.00;Matches
335;Jeison Murillo\Jeison-Murillo;co COL;DF;Celta Vigo;27;1992;7;7;630;0;0;0;0;2;0;0.00;0.00;0.00;0.00;0.00;0.0;0.0;0.0;0.00;0.00;0.00;0.00;0.00;Matches
336;Nacho\Nacho;es ESP;DF;Real Madrid;29;1990;5;4;393;1;0;0;0;3;0;0.23;0.00;0.23;0.23;0.23;0.3;0.3;0.3;0.07;0.06;0.13;0.07;0.13;Matches
337;Nacho\Nacho;es ESP;DF;Valladolid;30;1989;13;13;1088;0;1;0;0;2;0;0.00;0.08;0.08;0.00;0.08;0.1;0.1;1.6;0.01;0.13;0.14;0.01;0.14;Matches
338;Naldo\Naldo;br BRA;DF;Espanyol;30;1988;16;14;1232;0;1;0;0;7;1;0.00;0.07;0.07;0.00;0.07;0.3;0.3;0.0;0.02;0.00;0.03;0.02;0.03;Matches
339;Marc Navarro\Marc-Navarro;es ESP;DF;Leganés;24;1995;4;3;219;0;0;0;0;1;0;0.00;0.00;0.00;0.00;0.00;0.2;0.2;0.0;0.08;0.00;0.08;0.08;0.08;Matches
340;Ximo Navarro\Ximo-Navarro;es ESP;DF;Alavés;29;1990;17;17;1492;0;0;0;0;8;0;0.00;0.00;0.00;0.00;0.00;0.3;0.3;0.4;0.02;0.03;0.04;0.02;0.04;Matches
341;Jesús Navas\Jesus-Navas;es ESP;DF;Sevilla;33;1985;26;26;2339;0;4;0;0;3;0;0.00;0.15;0.15;0.00;0.15;0.1;0.1;4.6;0.01;0.18;0.18;0.01;0.18;Matches
342;Raúl Navas\Raul-Navas;es ESP;DF;Osasuna;31;1988;5;4;395;0;0;0;0;1;0;0.00;0.00;0.00;0.00;0.00;0.0;0.0;0.1;0.00;0.02;0.02;0.00;0.02;Matches
343;Neto\Neto;br BRA;GK;Barcelona;30;1989;1;1;90;0;0;0;0;0;0;0.00;0.00;0.00;0.00;0.00;0.0;0.0;0.0;0.00;0.00;0.00;0.00;0.00;Matches
344;Carlos Neva\Carlos-Neva;es ESP;DF;Granada;23;1996;16;15;1360;0;0;0;0;1;0;0.00;0.00;0.00;0.00;0.00;0.1;0.1;0.2;0.01;0.02;0.02;0.01;0.02;Matches
345;Saúl Ñíguez\Saul-Niguez;es ESP;MFDF;Atletico Madrid;24;1994;25;25;2250;3;0;0;0;6;0;0.12;0.00;0.12;0.12;0.12;2.3;2.3;1.4;0.09;0.06;0.15;0.09;0.15;Matches
346;Fernando Niño\Fernando-Nino;es ESP;FW;Villarreal;18;2000;2;0;14;1;0;0;0;1;0;6.43;0.00;6.43;6.43;6.43;0.3;0.3;0.0;1.64;0.00;1.64;1.64;1.64;Matches
347;Nolito\Nolito;es ESP;FW;Sevilla;32;1986;15;12;904;3;0;0;0;0;0;0.30;0.00;0.30;0.30;0.30;2.2;2.2;0.7;0.22;0.07;0.29;0.22;0.29;Matches
348;Unai Núñez\Unai-Nunez;es ESP;DF;Athletic Bilbao;22;1997;12;10;953;0;0;0;0;5;0;0.00;0.00;0.00;0.00;0.00;0.1;0.1;0.0;0.01;0.00;0.02;0.01;0.02;Matches
349;Allan Nyom\Allan-Nyom;cm CMR;DFMF;Getafe;31;1988;24;22;1712;2;0;0;0;10;0;0.11;0.00;0.11;0.11;0.11;0.5;0.5;0.7;0.03;0.04;0.06;0.03;0.06;Matches
350;Jan Oblak\Jan-Oblak;si SVN;GK;Atletico Madrid;26;1993;26;26;2316;0;0;0;0;0;0;0.00;0.00;0.00;0.00;0.00;0.0;0.0;0.0;0.00;0.00;0.00;0.00;0.00;Matches
351;Lucas Ocampos\Lucas-Ocampos;ar ARG;FW;Sevilla;25;1994;21;21;1836;9;2;1;1;8;1;0.44;0.10;0.54;0.39;0.49;5.7;4.9;1.9;0.28;0.09;0.37;0.24;0.34;Matches
352;Álvaro Odriozola\Alvaro-Odriozola;es ESP;DF;Real Madrid;23;1995;4;4;343;0;1;0;0;3;1;0.00;0.26;0.26;0.00;0.26;0.2;0.2;0.7;0.04;0.17;0.21;0.04;0.21;Matches
353;Lucas Olaza\Lucas-Olaza;uy URU;DF;Celta Vigo;25;1994;24;24;2160;1;3;0;0;4;0;0.04;0.12;0.17;0.04;0.17;0.8;0.8;3.1;0.03;0.13;0.16;0.03;0.16;Matches
354;Kiko Olivas\Kiko-Olivas;es ESP;DF;Valladolid;30;1988;26;26;2340;1;0;0;0;1;0;0.04;0.00;0.04;0.04;0.04;0.7;0.7;0.2;0.03;0.01;0.03;0.03;0.03;Matches
355;Paulo Oliveira\Paulo-Oliveira;pt POR;DF;Eibar;27;1992;18;16;1500;1;0;0;0;6;1;0.06;0.00;0.06;0.06;0.06;0.9;0.9;0.1;0.06;0.01;0.06;0.06;0.06;Matches
356;Mathías Olivera\Mathias-Olivera;uy URU;DF;Getafe;21;1997;13;10;935;0;1;0;0;4;1;0.00;0.10;0.10;0.00;0.10;0.4;0.4;0.4;0.04;0.04;0.08;0.04;0.08;Matches
357;Kenneth Omeruo\Kenneth-Omeruo;ng NGA;DF;Leganés;25;1993;18;18;1579;1;0;0;0;5;0;0.06;0.00;0.06;0.06;0.06;0.6;0.6;0.1;0.03;0.01;0.04;0.03;0.04;Matches
358;Javier Ontiveros\Javier-Ontiveros;es ESP;FWMF;Villarreal;21;1997;20;3;406;2;1;0;0;1;0;0.44;0.22;0.67;0.44;0.67;1.7;1.7;1.1;0.39;0.23;0.62;0.39;0.62;Matches
359;Fabián Orellana\Fabian-Orellana;cl CHI;MFFW;Eibar;33;1986;22;22;1900;7;5;3;3;7;1;0.33;0.24;0.57;0.19;0.43;5.7;3.5;3.8;0.27;0.18;0.45;0.16;0.34;Matches
360;Mikel Oyarzabal\Mikel-Oyarzabal;es ESP;FWMF;Real Sociedad;22;1997;24;24;2040;7;6;3;3;2;0;0.31;0.26;0.57;0.18;0.44;6.7;4.4;4.7;0.29;0.21;0.50;0.19;0.40;Matches
361;Fernando Pacheco\Fernando-Pacheco;es ESP;GK;Alavés;27;1992;24;24;2160;0;0;0;0;0;0;0.00;0.00;0.00;0.00;0.00;0.0;0.0;0.0;0.00;0.00;0.00;0.00;0.00;Matches
362;Daniel Parejo\Daniel-Parejo;es ESP;MF;Valencia;30;1989;25;25;2210;8;3;5;5;6;1;0.33;0.12;0.45;0.12;0.24;5.3;1.5;3.1;0.22;0.13;0.34;0.06;0.19;Matches
363;Thomas Partey\Thomas-Partey;gh GHA;MF;Atletico Madrid;26;1993;24;21;1840;2;0;0;0;10;0;0.10;0.00;0.10;0.10;0.10;0.9;0.9;0.9;0.04;0.05;0.09;0.04;0.09;Matches
364;Gabriel Paulista\Gabriel-Paulista;br BRA;DF;Valencia;28;1990;24;23;2086;1;0;0;0;5;0;0.04;0.00;0.04;0.04;0.04;0.6;0.6;0.0;0.03;0.00;0.03;0.03;0.03;Matches
365;Alfonso Pedraza\Alfonso-Pedraza;es ESP;DF;Betis;23;1996;11;9;783;0;0;0;0;1;0;0.00;0.00;0.00;0.00;0.00;0.4;0.4;0.6;0.04;0.07;0.11;0.04;0.11;Matches
366;Marc Pedraza\Marc-Pedraza;es ESP;MF;Mallorca;32;1987;2;1;74;0;0;0;0;0;0;0.00;0.00;0.00;0.00;0.00;0.0;0.0;0.0;0.00;0.00;0.00;0.00;0.00;Matches
367;Pedrosa\Pedrosa;es ESP;DFMF;Espanyol;21;1998;14;9;854;1;0;0;0;1;0;0.11;0.00;0.11;0.11;0.11;1.5;1.5;0.4;0.16;0.04;0.20;0.16;0.20;Matches
368;Rubén Peña\Ruben-Pena;es ESP;DF;Villarreal;28;1991;18;14;1328;1;1;0;0;4;0;0.07;0.07;0.14;0.07;0.14;0.6;0.6;1.1;0.04;0.08;0.12;0.04;0.12;Matches
369;Luis Perea\Luis-Perea;es ESP;FWMF;Osasuna;21;1997;2;0;19;0;0;0;0;0;0;0.00;0.00;0.00;0.00;0.00;0.0;0.0;0.0;0.00;0.00;0.00;0.00;0.00;Matches
370;Victor Perea\Victor-Perea;es ESP;DF;Espanyol;19;2000;12;10;882;0;0;0;0;2;0;0.00;0.00;0.00;0.00;0.00;0.1;0.1;0.4;0.01;0.04;0.05;0.01;0.05;Matches
371;Gonzalo Pereira Cejudo\Gonzalo-Pereira-Cejudo;es ESP;DF;Levante;22;1997;1;0;12;0;0;0;0;0;0;0.00;0.00;0.00;0.00;0.00;0.0;0.0;0.0;0.00;0.00;0.00;0.00;0.00;Matches
372;Carles Pérez\Carles-Perez;es ESP;FW;Barcelona;21;1998;10;5;473;1;2;0;0;0;0;0.19;0.38;0.57;0.19;0.57;1.0;1.0;0.3;0.19;0.06;0.26;0.19;0.26;Matches
373;Iñigo Pérez\Inigo-Perez;es ESP;MFDF;Osasuna;31;1988;11;5;488;1;0;0;0;0;0;0.18;0.00;0.18;0.18;0.18;0.8;0.8;0.3;0.14;0.05;0.19;0.14;0.19;Matches
374;Juan Pérez\Juan-Perez;es ESP;GK;Osasuna;23;1996;2;2;180;0;0;0;0;0;0;0.00;0.00;0.00;0.00;0.00;0.0;0.0;0.0;0.00;0.00;0.00;0.00;0.00;Matches
375;Lucas Pérez\Lucas-Perez;es ESP;FW;Alavés;30;1988;26;21;1940;11;5;5;5;3;0;0.51;0.23;0.74;0.28;0.51;9.3;5.5;4.7;0.43;0.22;0.65;0.26;0.47;Matches
376;Rubén Pérez\Ruben-Perez;es ESP;MF;Leganés;30;1989;17;17;1479;0;0;0;0;6;0;0.00;0.00;0.00;0.00;0.00;0.3;0.3;0.1;0.02;0.01;0.02;0.02;0.02;Matches
377;Pablo Piatti\Pablo-Piatti;ar ARG;DFMF;Espanyol;30;1989;3;0;53;0;0;0;0;0;0;0.00;0.00;0.00;0.00;0.00;0.1;0.1;0.0;0.14;0.00;0.14;0.14;0.14;Matches
378;Cristiano Piccini\Cristiano-Piccini;it ITA;DF;Valencia;26;1992;2;1;75;0;0;0;0;0;0;0.00;0.00;0.00;0.00;0.00;0.1;0.1;0.0;0.09;0.00;0.09;0.09;0.09;Matches
379;Tomás Pina Isla\Tomas-Pina-Isla;es ESP;MF;Alavés;31;1987;13;12;900;1;0;0;0;3;0;0.10;0.00;0.10;0.10;0.10;0.8;0.8;0.4;0.08;0.04;0.12;0.08;0.12;Matches
380;Pipa\Pipa;es ESP;DFMF;Espanyol;21;1998;2;1;116;0;0;0;0;1;0;0.00;0.00;0.00;0.00;0.00;0.4;0.4;0.0;0.29;0.03;0.32;0.29;0.32;Matches
381;Gerard Piqué\Gerard-Pique;es ESP;DF;Barcelona;32;1987;24;24;2131;1;0;0;0;10;0;0.04;0.00;0.04;0.04;0.04;1.4;1.4;0.5;0.06;0.02;0.08;0.06;0.08;Matches
382;Óscar Plano\Oscar-Plano;es ESP;MF;Valladolid;28;1991;26;21;1889;3;2;0;0;3;0;0.14;0.10;0.24;0.14;0.24;3.9;3.9;2.5;0.19;0.12;0.31;0.19;0.31;Matches
383;Pere Pons\Pere-Pons;es ESP;MF;Alavés;26;1993;22;5;732;1;1;0;0;1;0;0.12;0.12;0.25;0.12;0.25;0.2;0.2;0.9;0.03;0.11;0.13;0.03;0.13;Matches
384;Pedro Porro\Pedro-Porro;es ESP;DFMF;Valladolid;19;1999;12;6;644;0;0;0;0;1;0;0.00;0.00;0.00;0.00;0.00;0.0;0.0;0.2;0.00;0.03;0.03;0.00;0.03;Matches
385;Francisco Portillo\Francisco-Portillo;es ESP;MF;Getafe;29;1990;13;3;335;0;1;0;0;2;0;0.00;0.27;0.27;0.00;0.27;0.3;0.3;0.7;0.08;0.18;0.25;0.08;0.25;Matches
386;Portu\Portu;es ESP;FWMF;Real Sociedad;27;1992;22;18;1667;7;6;0;1;5;0;0.38;0.32;0.70;0.38;0.70;4.9;4.2;4.4;0.27;0.24;0.50;0.23;0.46;Matches
387;Sergio Postigo\Sergio-Postigo;es ESP;DF;Levante;30;1988;20;20;1752;1;0;0;0;5;0;0.05;0.00;0.05;0.05;0.05;0.6;0.6;0.2;0.03;0.01;0.04;0.03;0.04;Matches
388;Darío Poveda\Dario-Poveda;es ESP;FW;Atletico Madrid;22;1997;1;0;7;0;0;0;0;0;0;0.00;0.00;0.00;0.00;0.00;0.1;0.1;0.0;1.89;0.00;1.89;1.89;1.89;Matches
389;Alejandro Pozo Pozo\Alejandro-Pozo-Pozo;es ESP;DF;Mallorca;20;1999;7;4;423;0;0;0;0;0;0;0.00;0.00;0.00;0.00;0.00;0.0;0.0;0.3;0.00;0.06;0.06;0.00;0.06;Matches
390;Alejandro Pozo Pozo\Alejandro-Pozo-Pozo;es ESP;FWMF;Sevilla;20;1999;3;0;34;0;0;0;0;0;0;0.00;0.00;0.00;0.00;0.00;0.0;0.0;0.0;0.00;0.00;0.00;0.00;0.00;Matches
391;Abdón Prats\Abdon-Prats;es ESP;FWMF;Mallorca;26;1992;13;0;167;0;0;0;1;1;0;0.00;0.00;0.00;0.00;0.00;1.3;0.5;0.0;0.69;0.00;0.69;0.28;0.28;Matches
392;Andrés Prieto\Andres-Prieto;es ESP;GK;Espanyol;25;1993;1;0;;0;0;0;0;1;0;;;;;;0.0;0.0;0.0;;;;;;Matches
393;Antonio Puertas\Antonio-Puertas;es ESP;FWMF;Granada;27;1992;25;19;1775;5;0;0;0;4;0;0.25;0.00;0.25;0.25;0.25;5.9;5.9;0.5;0.30;0.03;0.32;0.30;0.32;Matches
394;Riqui Puig\Riqui-Puig;es ESP;MF;Barcelona;19;1999;2;0;22;0;0;0;0;0;0;0.00;0.00;0.00;0.00;0.00;0.0;0.0;0.2;0.00;0.69;0.69;0.00;0.69;Matches
395;Quini\Quini;es ESP;DF;Granada;29;1989;10;8;718;0;0;0;0;2;0;0.00;0.00;0.00;0.00;0.00;0.2;0.2;0.2;0.03;0.03;0.05;0.03;0.05;Matches
396;Xavi Quintillà\Xavi-Quintilla;es ESP;DF;Villarreal;22;1996;16;15;1373;0;2;0;0;5;0;0.00;0.13;0.13;0.00;0.13;0.2;0.2;1.4;0.02;0.09;0.11;0.02;0.11;Matches
397;Quique\Quique;es ESP;FW;Eibar;29;1990;10;3;366;0;1;0;0;0;0;0.00;0.25;0.25;0.00;0.25;0.4;0.4;0.2;0.10;0.05;0.16;0.10;0.16;Matches
398;Nemanja Radoja\Nemanja-Radoja;rs SRB;MF;Levante;26;1993;16;15;1364;1;0;0;0;2;0;0.07;0.00;0.07;0.07;0.07;0.2;0.2;0.7;0.01;0.04;0.05;0.01;0.05;Matches
399;Rafinha\Rafinha;br BRA;FWMF;Barcelona;26;1993;3;2;187;0;0;0;0;0;0;0.00;0.00;0.00;0.00;0.00;0.5;0.5;0.4;0.23;0.17;0.40;0.23;0.40;Matches
400;Rafinha\Rafinha;br BRA;MF;Celta Vigo;26;1993;18;16;1394;2;1;0;0;2;0;0.13;0.06;0.19;0.13;0.19;1.4;1.4;1.1;0.09;0.07;0.16;0.09;0.16;Matches
401;Baba Rahman\Baba-Rahman;gh GHA;DF;Mallorca;25;1994;2;2;109;0;0;0;0;1;0;0.00;0.00;0.00;0.00;0.00;0.0;0.0;0.0;0.04;0.00;0.04;0.04;0.04;Matches
402;Antonio Raillo\Antonio-Raillo;es ESP;DF;Mallorca;27;1991;22;22;1905;1;0;0;0;5;1;0.05;0.00;0.05;0.05;0.05;1.8;1.8;0.1;0.09;0.01;0.09;0.09;0.09;Matches
403;Ivan Rakitić\Ivan-Rakitic;hr CRO;MF;Barcelona;31;1988;20;9;889;0;3;0;0;2;0;0.00;0.30;0.30;0.00;0.30;1.4;1.4;0.7;0.14;0.07;0.21;0.14;0.21;Matches
404;Sandro Ramírez\Sandro-Ramirez;es ESP;FW;Valladolid;24;1995;18;12;996;2;1;0;1;2;0;0.18;0.09;0.27;0.18;0.27;3.9;3.2;1.6;0.36;0.15;0.50;0.29;0.43;Matches
405;Iván Ramis\Ivan-Ramis;es ESP;DF;Eibar;34;1984;7;6;458;1;0;0;0;1;0;0.20;0.00;0.20;0.20;0.20;0.2;0.2;0.0;0.04;0.00;0.04;0.04;0.04;Matches
406;Adrián Ramos\Adrian-Ramos;co COL;FW;Granada;33;1986;7;2;222;0;0;0;0;0;0;0.00;0.00;0.00;0.00;0.00;0.5;0.5;0.1;0.19;0.03;0.22;0.19;0.22;Matches
407;Sergio Ramos\Sergio-Ramos;es ESP;DF;Real Madrid;33;1986;24;24;2130;5;0;3;3;7;0;0.21;0.00;0.21;0.08;0.08;5.6;3.3;0.1;0.24;0.00;0.24;0.14;0.14;Matches
408;Raúl\Raul;es ESP;FWMF;Betis;18;2000;3;0;16;0;0;0;0;0;0;0.00;0.00;0.00;0.00;0.00;0.0;0.0;0.0;0.00;0.00;0.00;0.00;0.00;Matches
409;Recio\Recio;es ESP;MF;Leganés;28;1991;19;14;1308;0;0;0;0;9;0;0.00;0.00;0.00;0.00;0.00;1.1;1.1;0.3;0.07;0.02;0.09;0.07;0.09;Matches
410;Sergio Reguilón\Sergio-Reguilon;es ESP;DF;Sevilla;22;1996;21;21;1784;1;4;0;0;7;0;0.05;0.20;0.25;0.05;0.25;1.3;1.3;3.6;0.06;0.18;0.25;0.06;0.25;Matches
411;Manolo Reina\Manolo-Reina;es ESP;GK;Mallorca;34;1985;25;25;2250;0;0;0;0;3;0;0.00;0.00;0.00;0.00;0.00;0.0;0.0;0.0;0.00;0.00;0.00;0.00;0.00;Matches
412;Álex Remiro\Alex-Remiro;es ESP;GK;Real Sociedad;24;1995;18;18;1620;0;0;0;0;0;0;0.00;0.00;0.00;0.00;0.00;0.1;0.1;0.0;0.01;0.00;0.01;0.01;0.01;Matches
413;Luis Rioja\Luis-Rioja;es ESP;MF;Alavés;25;1993;19;15;1193;0;0;0;0;2;0;0.00;0.00;0.00;0.00;0.00;0.4;0.4;1.9;0.03;0.14;0.17;0.03;0.17;Matches
414;Rodrigo Riquelme\Rodrigo-Riquelme;es ESP;MF;Atletico Madrid;19;2000;1;0;12;0;0;0;0;0;0;0.00;0.00;0.00;0.00;0.00;0.1;0.1;0.0;0.85;0.00;0.85;0.85;0.85;Matches
415;Cristian Rivera\Cristian-Rivera;es ESP;MF;Leganés;22;1997;5;3;309;0;0;0;0;3;0;0.00;0.00;0.00;0.00;0.00;0.0;0.0;0.1;0.01;0.03;0.04;0.01;0.04;Matches
416;Sergi Roberto\Sergi-Roberto;es ESP;DFMF;Barcelona;27;1992;22;20;1740;1;2;0;0;8;0;0.05;0.10;0.16;0.05;0.16;0.5;0.5;1.6;0.02;0.08;0.11;0.02;0.11;Matches
417;Joel Robles\Joel-Robles;es ESP;GK;Betis;29;1990;25;25;2167;0;0;0;0;3;1;0.00;0.00;0.00;0.00;0.00;0.0;0.0;0.0;0.00;0.00;0.00;0.00;0.00;Matches
418;Marc Roca\Marc-Roca;es ESP;MF;Espanyol;22;1996;24;24;2074;2;1;2;2;7;0;0.09;0.04;0.13;0.00;0.04;2.1;0.5;1.3;0.09;0.06;0.15;0.02;0.08;Matches
419;Rubén Rochina\Ruben-Rochina;es ESP;MF;Levante;28;1991;19;14;1262;4;0;0;0;4;0;0.29;0.00;0.29;0.29;0.29;2.0;2.0;1.5;0.14;0.11;0.25;0.14;0.25;Matches
420;Rodrigo\Rodrigo;es ESP;FW;Valencia;28;1991;21;17;1375;2;7;0;0;2;1;0.13;0.46;0.59;0.13;0.59;4.1;4.1;4.3;0.27;0.28;0.55;0.27;0.55;Matches
421;Kévin Rodrigues\Kevin-Rodrigues;pt POR;DF;Real Sociedad;25;1994;1;0;5;0;0;0;0;0;0;0.00;0.00;0.00;0.00;0.00;0.0;0.0;0.0;0.00;0.00;0.00;0.00;0.00;Matches
422;Kévin Rodrigues\Kevin-Rodrigues;pt POR;DFFW;Leganés;25;1994;17;14;1270;1;2;0;0;3;1;0.07;0.14;0.21;0.07;0.21;0.7;0.7;2.5;0.05;0.17;0.22;0.05;0.22;Matches
423;Óscar Rodríguez Arnaiz\Oscar-Rodriguez-Arnaiz;es ESP;MFFW;Leganés;21;1998;25;19;1584;5;2;0;0;4;1;0.28;0.11;0.40;0.28;0.40;2.4;2.4;2.4;0.14;0.14;0.27;0.14;0.27;Matches
424;Ángel Rodríguez\Angel-Rodriguez;es ESP;FW;Getafe;32;1987;23;7;1065;10;2;1;1;4;0;0.85;0.17;1.01;0.76;0.93;4.9;4.1;1.4;0.41;0.11;0.53;0.35;0.46;Matches
425;Dani Rodríguez\Dani-Rodriguez;es ESP;MFFW;Mallorca;31;1988;26;25;2112;4;1;1;1;3;0;0.17;0.04;0.21;0.13;0.17;4.0;3.3;1.2;0.17;0.05;0.22;0.14;0.19;Matches
426;Guido Rodríguez\Guido-Rodriguez;ar ARG;MF;Betis;25;1994;4;2;161;0;0;0;0;2;0;0.00;0.00;0.00;0.00;0.00;0.0;0.0;0.0;0.00;0.00;0.00;0.00;0.00;Matches
427;James Rodríguez\James-Rodriguez;co COL;MF;Real Madrid;28;1991;7;4;341;1;1;0;0;1;0;0.26;0.26;0.53;0.26;0.53;0.9;0.9;1.8;0.24;0.48;0.73;0.24;0.73;Matches
428;Rodrygo\Rodrygo;br BRA;FW;Real Madrid;18;2001;12;8;666;2;0;0;0;0;0;0.27;0.00;0.27;0.27;0.27;1.8;1.8;0.9;0.24;0.12;0.36;0.24;0.36;Matches
429;Facundo Roncaglia\Facundo-Roncaglia;ar ARG;DF;Osasuna;32;1987;11;11;930;1;0;0;0;4;2;0.10;0.00;0.10;0.10;0.10;0.0;0.0;0.1;0.00;0.01;0.01;0.00;0.01;Matches
430;Roberto Rosales\Roberto-Rosales;ve VEN;DF;Leganés;30;1988;14;13;1126;0;1;0;0;5;0;0.00;0.08;0.08;0.00;0.08;0.1;0.1;1.6;0.01;0.13;0.13;0.01;0.13;Matches
431;Rubén\Ruben;es ESP;GK;Osasuna;35;1984;14;13;1133;0;0;0;0;0;0;0.00;0.00;0.00;0.00;0.00;0.0;0.0;0.0;0.00;0.00;0.00;0.00;0.00;Matches
432;Waldo Rubio\Waldo-Rubio;es ESP;MFFW;Valladolid;23;1995;12;4;442;0;1;0;0;3;0;0.00;0.20;0.20;0.00;0.20;0.3;0.3;0.4;0.05;0.07;0.13;0.05;0.13;Matches
433;Aitor Ruibal\Aitor-Ruibal;es ESP;DFFW;Leganés;23;1996;13;3;437;0;0;0;0;2;0;0.00;0.00;0.00;0.00;0.00;0.4;0.4;0.6;0.09;0.12;0.20;0.09;0.20;Matches
434;Jorge Sáenz\Jorge-Saenz;es ESP;DFMF;Celta Vigo;22;1996;3;2;130;0;0;0;0;1;1;0.00;0.00;0.00;0.00;0.00;0.0;0.0;0.0;0.00;0.00;0.00;0.00;0.00;Matches
435;Borja Sainz\Borja-Sainz;es ESP;MFFW;Alavés;18;2001;12;2;339;0;0;0;0;1;0;0.00;0.00;0.00;0.00;0.00;0.9;0.9;0.3;0.24;0.08;0.33;0.24;0.33;Matches
436;Yannis Salibur\Yannis-Salibur;fr FRA;FWMF;Mallorca;28;1991;2;0;52;0;0;0;0;0;0;0.00;0.00;0.00;0.00;0.00;0.0;0.0;0.0;0.00;0.00;0.00;0.00;0.00;Matches
437;Mohammed Salisu\Mohammed-Salisu;gh GHA;DF;Valladolid;20;1999;26;25;2276;1;1;0;0;2;0;0.04;0.04;0.08;0.04;0.08;1.0;1.0;0.1;0.04;0.00;0.04;0.04;0.04;Matches
438;Fede San Emeterio\Fede-San-Emeterio;es ESP;MF;Valladolid;22;1997;14;12;1060;0;0;0;0;3;0;0.00;0.00;0.00;0.00;0.00;0.0;0.0;0.1;0.00;0.01;0.01;0.00;0.01;Matches
439;Mikel San José\Mikel-San-Jose;es ESP;MF;Athletic Bilbao;30;1989;10;3;354;0;0;0;0;3;0;0.00;0.00;0.00;0.00;0.00;0.6;0.6;0.0;0.15;0.01;0.15;0.15;0.15;Matches
440;Oihan Sancet\Oihan-Sancet;es ESP;MF;Athletic Bilbao;19;2000;7;3;325;0;1;0;0;1;0;0.00;0.28;0.28;0.00;0.28;0.4;0.4;0.5;0.11;0.13;0.25;0.11;0.25;Matches
441;Germán Sánchez\German-Sanchez;es ESP;DF;Granada;32;1986;18;17;1500;2;0;0;0;9;1;0.12;0.00;0.12;0.12;0.12;1.2;1.2;0.0;0.07;0.00;0.07;0.07;0.07;Matches
442;Manuel Sánchez\Manuel-Sanchez;es ESP;DF;Atletico Madrid;18;2000;1;1;63;0;0;0;0;1;0;0.00;0.00;0.00;0.00;0.00;0.0;0.0;0.1;0.00;0.19;0.19;0.00;0.19;Matches
443;Víctor Sánchez\Victor-Sanchez;es ESP;MFDF;Espanyol;31;1987;20;18;1495;0;1;0;0;10;1;0.00;0.06;0.06;0.00;0.06;0.2;0.2;1.0;0.01;0.06;0.08;0.01;0.08;Matches
444;Luca Sangalli\Luca-Sangalli;es ESP;MF;Real Sociedad;24;1995;10;4;308;0;1;0;0;0;0;0.00;0.29;0.29;0.00;0.29;0.5;0.5;0.5;0.15;0.15;0.30;0.15;0.30;Matches
445;Oier Sanjurjo\Oier-Sanjurjo;es ESP;MF;Osasuna;33;1986;19;19;1571;2;0;0;0;9;1;0.11;0.00;0.11;0.11;0.11;1.3;1.3;0.8;0.08;0.05;0.12;0.08;0.12;Matches
446;Ivan Šaponjić\Ivan-Saponjic;rs SRB;DF;Atletico Madrid;21;1997;1;0;2;0;0;0;0;0;0;0.00;0.00;0.00;0.00;0.00;0.2;0.2;0.0;8.67;0.00;8.67;8.67;8.67;Matches
447;Joan Sastre Vanrell\Joan-Sastre-Vanrell;es ESP;DF;Mallorca;22;1997;15;15;1281;0;2;0;0;4;0;0.00;0.14;0.14;0.00;0.14;0.4;0.4;1.4;0.03;0.10;0.13;0.03;0.13;Matches
448;Stefan Savić\Stefan-Savic;me MNE;DF;Atletico Madrid;28;1991;13;13;1170;0;0;0;0;3;0;0.00;0.00;0.00;0.00;0.00;0.0;0.0;0.1;0.00;0.01;0.01;0.00;0.01;Matches
449;Aleksandar Sedlar\Aleksandar-Sedlar;rs SRB;DF;Mallorca;27;1991;4;2;166;0;0;0;0;1;0;0.00;0.00;0.00;0.00;0.00;0.0;0.0;0.0;0.00;0.00;0.00;0.00;0.00;Matches
450;Nélson Semedo\Nelson-Semedo;pt POR;DF;Barcelona;25;1993;20;15;1294;0;2;0;0;1;0;0.00;0.14;0.14;0.00;0.14;0.3;0.3;1.2;0.02;0.08;0.10;0.02;0.10;Matches
451;Josep Señé\Josep-Sene;es ESP;MF;Mallorca;27;1991;4;1;134;0;0;0;0;0;0;0.00;0.00;0.00;0.00;0.00;0.0;0.0;0.0;0.00;0.02;0.02;0.00;0.02;Matches
452;Salva Sevilla\Salva-Sevilla;es ESP;MF;Mallorca;35;1984;24;24;1856;3;3;2;3;9;1;0.15;0.15;0.29;0.05;0.19;3.0;0.7;3.1;0.15;0.15;0.30;0.04;0.19;Matches
453;Sidnei\Sidnei;br BRA;DF;Betis;29;1989;9;8;682;0;0;0;0;1;0;0.00;0.00;0.00;0.00;0.00;0.1;0.1;0.0;0.02;0.00;0.02;0.02;0.02;Matches
454;Jonathan Silva\Jonathan-Silva;ar ARG;DF;Leganés;25;1994;23;23;2035;0;0;0;0;10;0;0.00;0.00;0.00;0.00;0.00;1.0;1.0;1.5;0.04;0.06;0.11;0.04;0.11;Matches
455;Rui Silva\Rui-Silva;pt POR;GK;Granada;25;1994;25;25;2250;0;0;0;0;1;0;0.00;0.00;0.00;0.00;0.00;0.0;0.0;0.0;0.00;0.00;0.00;0.00;0.00;Matches
456;Unai Simón\Unai-Simon;es ESP;GK;Athletic Bilbao;22;1997;23;23;2070;0;0;0;0;2;0;0.00;0.00;0.00;0.00;0.00;0.0;0.0;0.0;0.00;0.00;0.00;0.00;0.00;Matches
457;Dimitris Siovas\Dimitris-Siovas;gr GRE;DF;Leganés;30;1988;17;16;1314;0;0;0;0;4;0;0.00;0.00;0.00;0.00;0.00;0.9;0.9;0.1;0.06;0.00;0.07;0.06;0.07;Matches
458;Pione Sisto\Pione-Sisto;dk DEN;FWMF;Celta Vigo;24;1995;18;7;766;2;0;0;0;2;0;0.23;0.00;0.23;0.23;0.23;1.8;1.8;0.4;0.21;0.05;0.26;0.21;0.26;Matches
459;Antonio Sivera\Antonio-Sivera;es ESP;GK;Alavés;22;1996;3;3;270;0;0;0;0;1;0;0.00;0.00;0.00;0.00;0.00;0.0;0.0;0.0;0.00;0.00;0.00;0.00;0.00;Matches
460;Fyodor Smolov\Fyodor-Smolov;ru RUS;FW;Celta Vigo;29;1990;5;4;292;1;0;0;0;1;0;0.31;0.00;0.31;0.31;0.31;0.8;0.8;0.1;0.23;0.03;0.26;0.23;0.26;Matches
461;Rubén Sobrino\Ruben-Sobrino;es ESP;FWMF;Valencia;27;1992;10;1;128;1;0;0;0;0;0;0.70;0.00;0.70;0.70;0.70;0.3;0.3;0.2;0.23;0.13;0.36;0.23;0.36;Matches
462;Roberto Soldado\Roberto-Soldado;es ESP;FW;Granada;34;1985;22;21;1670;2;4;1;1;11;0;0.11;0.22;0.32;0.05;0.27;2.6;1.9;3.3;0.14;0.18;0.32;0.10;0.28;Matches
463;Carlos Soler\Carlos-Soler;es ESP;MF;Valencia;22;1997;18;16;1382;2;0;0;0;3;0;0.13;0.00;0.13;0.13;0.13;1.3;1.3;1.0;0.08;0.06;0.15;0.08;0.15;Matches
464;Kévin Soni\Kevin-Soni;cm CMR;FW;Espanyol;21;1998;1;0;3;0;0;0;0;0;0;0.00;0.00;0.00;0.00;0.00;0.0;0.0;0.0;0.00;0.00;0.00;0.00;0.00;Matches
465;David Soria\David-Soria;es ESP;GK;Getafe;26;1993;26;26;2340;0;0;0;0;1;0;0.00;0.00;0.00;0.00;0.00;0.0;0.0;0.0;0.00;0.00;0.00;0.00;0.00;Matches
466;Juan Soriano\Juan-Soriano;es ESP;GK;Leganés;21;1997;11;11;990;0;0;0;0;2;0;0.00;0.00;0.00;0.00;0.00;0.3;0.3;0.0;0.03;0.00;0.03;0.03;0.03;Matches
467;Damián Suárez\Damian-Suarez;uy URU;DF;Getafe;31;1988;21;21;1842;1;4;0;0;10;0;0.05;0.20;0.24;0.05;0.24;0.6;0.6;2.0;0.03;0.10;0.12;0.03;0.12;Matches
468;Denis Suárez\Denis-Suarez;es ESP;MFFW;Celta Vigo;25;1994;20;16;1326;1;3;0;1;2;0;0.07;0.20;0.27;0.07;0.27;2.0;1.3;3.3;0.14;0.22;0.36;0.09;0.31;Matches
469;Luis Suárez\Luis-Suarez;uy URU;FW;Barcelona;32;1987;17;15;1278;11;7;1;1;4;0;0.77;0.49;1.27;0.70;1.20;9.7;9.0;2.8;0.68;0.19;0.88;0.64;0.83;Matches
470;Suso\Suso;es ESP;FW;Sevilla;25;1993;5;3;291;1;1;0;0;0;0;0.31;0.31;0.62;0.31;0.62;0.2;0.2;0.8;0.07;0.25;0.31;0.07;0.31;Matches
471;Tachi\Tachi;es ESP;MFDF;Alavés;21;1997;2;0;10;0;0;0;0;0;0;0.00;0.00;0.00;0.00;0.00;0.0;0.0;0.0;0.00;0.00;0.00;0.00;0.00;Matches
472;Rodrigo Tarín\Rodrigo-Tarin;es ESP;DF;Leganés;23;1996;7;5;356;0;0;0;0;1;0;0.00;0.00;0.00;0.00;0.00;0.2;0.2;0.0;0.04;0.00;0.04;0.04;0.04;Matches
473;Álvaro Tejero\Alvaro-Tejero;es ESP;DF;Eibar;23;1996;15;13;1193;0;0;0;0;3;0;0.00;0.00;0.00;0.00;0.00;0.1;0.1;0.7;0.01;0.05;0.06;0.01;0.06;Matches
474;Cristian Tello\Cristian-Tello;es ESP;MFFW;Betis;27;1991;17;3;423;0;0;0;0;0;0;0.00;0.00;0.00;0.00;0.00;1.1;1.1;0.2;0.22;0.04;0.26;0.22;0.26;Matches
475;Marc-André ter Stegen\Marc-Andre-ter-Stegen;de GER;GK;Barcelona;27;1992;25;25;2250;0;2;0;0;0;0;0.00;0.08;0.08;0.00;0.08;0.0;0.0;0.7;0.00;0.03;0.03;0.00;0.03;Matches
476;David Timor\David-Timor;es ESP;MF;Getafe;29;1989;11;3;312;2;0;0;0;2;0;0.58;0.00;0.58;0.58;0.58;0.2;0.2;0.0;0.07;0.01;0.07;0.07;0.07;Matches
477;Jean-Clair Todibo\Jean-Clair-Todibo;fr FRA;DF;Barcelona;19;1999;2;1;77;0;0;0;0;0;0;0.00;0.00;0.00;0.00;0.00;0.0;0.0;0.0;0.00;0.00;0.00;0.00;0.00;Matches
478;Karl Toko Ekambi\Karl-Toko-Ekambi;cm CMR;FW;Villarreal;26;1992;18;11;995;6;2;0;0;0;0;0.54;0.18;0.72;0.54;0.72;6.6;6.6;1.2;0.60;0.11;0.71;0.60;0.71;Matches
479;Raúl de Tomás\Raul-de-Tomas;es ESP;FW;Espanyol;24;1994;5;5;450;4;0;1;1;1;0;0.80;0.00;0.80;0.60;0.60;3.0;2.2;0.1;0.60;0.02;0.62;0.45;0.47;Matches
480;Toño\Tono;es ESP;DF;Levante;29;1989;14;13;1171;0;2;0;0;0;0;0.00;0.15;0.15;0.00;0.15;0.1;0.1;1.3;0.01;0.10;0.11;0.01;0.11;Matches
481;Ferrán Torres\Ferran-Torres;es ESP;MFFW;Valencia;19;2000;25;20;1775;4;4;0;0;5;0;0.20;0.20;0.41;0.20;0.41;3.2;3.2;3.6;0.16;0.18;0.35;0.16;0.35;Matches
482;Óliver Torres\Oliver-Torres;es ESP;FWMF;Sevilla;24;1994;20;14;1115;1;3;0;0;5;0;0.08;0.24;0.32;0.08;0.32;1.3;1.3;2.0;0.10;0.16;0.26;0.10;0.26;Matches
483;Pau Torres\Pau-Torres;es ESP;DF;Villarreal;22;1997;23;22;1980;1;1;0;0;4;0;0.05;0.05;0.09;0.05;0.09;1.1;1.1;1.3;0.05;0.06;0.11;0.05;0.11;Matches
484;Roberto Torres\Roberto-Torres;es ESP;MFFW;Osasuna;30;1989;25;23;1984;5;7;4;4;1;0;0.23;0.32;0.54;0.05;0.36;5.8;2.8;4.1;0.26;0.19;0.45;0.13;0.31;Matches
485;Aleksandar Trajkovski\Aleksandar-Trajkovski;mk MKD;MF;Mallorca;26;1992;7;0;147;0;0;0;0;0;0;0.00;0.00;0.00;0.00;0.00;0.1;0.1;0.6;0.08;0.35;0.44;0.08;0.44;Matches
486;Manu Trigueros\Manu-Trigueros;es ESP;MF;Villarreal;27;1991;19;13;1144;1;4;1;1;4;0;0.08;0.31;0.39;0.00;0.31;1.8;1.0;3.8;0.14;0.30;0.44;0.08;0.38;Matches
487;Kieran Trippier\Kieran-Trippier;eng ENG;DF;Atletico Madrid;28;1990;18;16;1437;0;3;0;0;1;0;0.00;0.19;0.19;0.00;0.19;0.2;0.2;2.8;0.01;0.18;0.19;0.01;0.19;Matches
488;Samuel Umtiti\Samuel-Umtiti;fr FRA;DF;Barcelona;25;1993;11;9;839;0;0;0;0;4;0;0.00;0.00;0.00;0.00;0.00;0.0;0.0;0.0;0.00;0.00;0.00;0.00;0.00;Matches
489;Enes Ünal\Enes-Unal;tr TUR;FW;Valladolid;22;1997;23;16;1620;4;2;1;1;2;0;0.22;0.11;0.33;0.17;0.28;4.3;3.6;2.3;0.24;0.13;0.37;0.20;0.32;Matches
490;Tomáš Vaclík\Tomas-Vaclik;cz CZE;GK;Sevilla;30;1989;25;25;2205;0;0;0;0;0;0;0.00;0.00;0.00;0.00;0.00;0.0;0.0;0.0;0.00;0.00;0.00;0.00;0.00;Matches
491;Álvaro Vadillo\Alvaro-Vadillo;es ESP;FWMF;Granada;24;1994;22;15;1223;3;1;1;1;0;0;0.22;0.07;0.29;0.15;0.22;1.8;1.1;1.7;0.14;0.12;0.26;0.08;0.20;Matches
492;Germán Valera\German-Valera;es ESP;FW;Atletico Madrid;17;2002;1;0;3;0;0;0;0;0;0;0.00;0.00;0.00;0.00;0.00;0.0;0.0;0.1;0.00;2.04;2.04;0.00;2.04;Matches
493;Martin Valjent\Martin-Valjent;sk SVK;DF;Mallorca;23;1995;26;26;2340;0;0;0;0;4;0;0.00;0.00;0.00;0.00;0.00;0.4;0.4;0.5;0.02;0.02;0.03;0.02;0.03;Matches
494;Jesús Vallejo\Jesus-Vallejo;es ESP;DF;Granada;22;1997;2;1;94;0;0;0;0;0;0;0.00;0.00;0.00;0.00;0.00;0.1;0.1;0.0;0.07;0.00;0.07;0.07;0.07;Matches
495;Manu Vallejo\Manu-Vallejo;es ESP;MFFW;Valencia;22;1997;8;2;315;1;0;0;0;0;0;0.29;0.00;0.29;0.29;0.29;1.3;1.3;0.4;0.36;0.11;0.47;0.36;0.47;Matches
496;Federico Valverde\Federico-Valverde;uy URU;MF;Real Madrid;21;1998;21;14;1255;2;4;0;0;1;0;0.14;0.29;0.43;0.14;0.43;1.8;1.8;3.2;0.13;0.23;0.36;0.13;0.36;Matches
497;Raphaël Varane\Raphael-Varane;fr FRA;DF;Real Madrid;26;1993;22;22;1980;3;1;0;0;2;0;0.14;0.05;0.18;0.14;0.18;0.7;0.7;0.3;0.03;0.01;0.05;0.03;0.05;Matches
498;Matías Vargas\Matias-Vargas;ar ARG;FWMF;Espanyol;21;1997;16;10;942;0;3;0;0;1;0;0.00;0.29;0.29;0.00;0.29;0.9;0.9;2.3;0.08;0.22;0.30;0.08;0.30;Matches
499;Franco Vázquez\Franco-Vazquez;ar ARG;MFFW;Sevilla;30;1989;22;9;885;3;0;0;0;4;0;0.31;0.00;0.31;0.31;0.31;1.2;1.2;0.2;0.12;0.02;0.15;0.12;0.15;Matches
500;Kevin Vázquez\Kevin-Vazquez;es ESP;DF;Celta Vigo;26;1993;9;9;735;0;0;0;0;5;0;0.00;0.00;0.00;0.00;0.00;0.0;0.0;0.1;0.00;0.01;0.01;0.00;0.01;Matches
501;Lucas Vázquez\Lucas-Vazquez;es ESP;FWMF;Real Madrid;28;1991;13;5;549;2;1;0;0;1;0;0.33;0.16;0.49;0.33;0.49;1.1;1.1;1.4;0.18;0.22;0.41;0.18;0.41;Matches
502;Unai Vencedor Paris\Unai-Vencedor-Paris;es ESP;MF;Athletic Bilbao;18;2000;1;1;74;0;0;0;0;1;0;0.00;0.00;0.00;0.00;0.00;0.1;0.1;0.0;0.07;0.00;0.07;0.07;0.07;Matches
503;Mikel Vesga\Mikel-Vesga;es ESP;MF;Athletic Bilbao;26;1993;8;7;645;0;0;0;0;2;0;0.00;0.00;0.00;0.00;0.00;0.1;0.1;0.1;0.01;0.02;0.03;0.01;0.03;Matches
504;Rúben Vezo\Ruben-Vezo;pt POR;DF;Levante;25;1994;18;18;1620;0;0;0;0;4;0;0.00;0.00;0.00;0.00;0.00;0.7;0.7;0.4;0.04;0.02;0.06;0.04;0.06;Matches
505;Fede Vico\Fede-Vico;es ESP;MFFW;Granada;25;1994;8;5;364;1;1;1;1;1;0;0.25;0.25;0.49;0.00;0.25;1.2;0.4;0.7;0.30;0.18;0.47;0.11;0.28;Matches
506;Aleix Vidal\Aleix-Vidal;es ESP;MF;Alavés;29;1989;25;23;1997;2;4;0;0;6;0;0.09;0.18;0.27;0.09;0.27;2.4;2.4;3.8;0.11;0.17;0.28;0.11;0.28;Matches
507;Arturo Vidal\Arturo-Vidal;cl CHI;MFFW;Barcelona;32;1987;21;8;907;6;2;0;0;3;0;0.60;0.20;0.79;0.60;0.79;2.7;2.7;2.3;0.27;0.23;0.50;0.27;0.50;Matches
508;Nacho Vidal\Nacho-Vidal;es ESP;DF;Osasuna;24;1995;18;18;1556;0;0;0;0;5;0;0.00;0.00;0.00;0.00;0.00;0.6;0.6;1.3;0.03;0.07;0.11;0.03;0.11;Matches
509;Dídac Vilà\Didac-Vila;es ESP;DF;Espanyol;30;1989;20;18;1652;0;0;0;0;5;0;0.00;0.00;0.00;0.00;0.00;0.6;0.6;1.1;0.03;0.06;0.09;0.03;0.09;Matches
510;Toni Villa\Toni-Villa;es ESP;MF;Valladolid;24;1995;17;14;1081;0;1;0;0;4;0;0.00;0.08;0.08;0.00;0.08;0.7;0.7;1.5;0.06;0.12;0.18;0.06;0.18;Matches
511;Asier Villalibre\Asier-Villalibre;es ESP;FW;Athletic Bilbao;21;1997;9;4;340;1;0;0;0;0;0;0.26;0.00;0.26;0.26;0.26;0.9;0.9;0.0;0.25;0.00;0.25;0.25;0.25;Matches
512;Juan Villar\Juan-Villar;es ESP;FW;Osasuna;31;1988;10;2;234;1;0;1;1;1;0;0.38;0.00;0.38;0.00;0.00;1.1;0.3;0.2;0.42;0.08;0.50;0.13;0.21;Matches
513;Vitolo\Vitolo;es ESP;MFFW;Atletico Madrid;29;1989;20;10;1025;2;1;0;0;3;0;0.18;0.09;0.26;0.18;0.26;1.9;1.9;1.3;0.17;0.11;0.28;0.17;0.28;Matches
514;Šime Vrsaljko\Sime-Vrsaljko;hr CRO;DF;Atletico Madrid;27;1992;5;4;363;0;1;0;0;3;0;0.00;0.25;0.25;0.00;0.25;0.0;0.0;0.3;0.00;0.08;0.08;0.00;0.08;Matches
515;Nikola Vukčević\Nikola-Vukcevic;me MNE;MF;Levante;27;1991;21;12;1004;0;2;0;0;7;0;0.00;0.18;0.18;0.00;0.18;0.2;0.2;0.2;0.02;0.02;0.04;0.02;0.04;Matches
516;Moussa Wagué\Moussa-Wague;sn SEN;DF;Barcelona;20;1998;1;1;90;0;0;0;0;0;0;0.00;0.00;0.00;0.00;0.00;0.0;0.0;0.0;0.00;0.00;0.00;0.00;0.00;Matches
517;Wakaso\Wakaso;gh GHA;MF;Alavés;29;1990;16;15;1287;0;0;0;0;12;1;0.00;0.00;0.00;0.00;0.00;0.3;0.3;0.1;0.02;0.01;0.03;0.02;0.03;Matches
518;Daniel Wass\Daniel-Wass;dk DEN;DFMF;Valencia;30;1989;25;24;2167;1;6;0;0;5;0;0.04;0.25;0.29;0.04;0.29;1.2;1.2;2.1;0.05;0.09;0.14;0.05;0.14;Matches
519;Iñaki Williams\Inaki-Williams;es ESP;FW;Athletic Bilbao;25;1994;26;24;2115;5;0;1;2;2;0;0.21;0.00;0.21;0.17;0.17;5.8;4.3;2.1;0.25;0.09;0.34;0.18;0.27;Matches
520;Yoel\Yoel;es ESP;GK;Eibar;30;1988;1;1;90;0;0;0;0;0;0;0.00;0.00;0.00;0.00;0.00;0.0;0.0;0.0;0.00;0.00;0.00;0.00;0.00;Matches
521;Okay Yokuşlu\Okay-Yokuslu;tr TUR;MF;Celta Vigo;25;1994;15;15;1274;0;1;0;0;3;0;0.00;0.07;0.07;0.00;0.07;0.1;0.1;0.2;0.01;0.01;0.02;0.01;0.02;Matches
522;Joseba Zaldúa\Joseba-Zaldua;es ESP;DF;Real Sociedad;27;1992;23;22;1963;0;2;0;0;6;0;0.00;0.09;0.09;0.00;0.09;0.2;0.2;1.4;0.01;0.06;0.07;0.01;0.07;Matches
523;Andre-Frank Zambo Anguissa\Andre-Frank-Zambo-Anguissa;cm CMR;MF;Villarreal;23;1995;24;18;1680;1;0;0;0;6;0;0.05;0.00;0.05;0.05;0.05;1.4;1.4;0.6;0.07;0.03;0.11;0.07;0.11;Matches
524;Igor Zubeldia\Igor-Zubeldia;es ESP;MFDF;Real Sociedad;22;1997;22;21;1894;0;1;0;0;6;0;0.00;0.05;0.05;0.00;0.05;0.2;0.2;0.4;0.01;0.02;0.03;0.01;0.03;Matches
525;David Zurutuza\David-Zurutuza;es ESP;MF;Real Sociedad;33;1986;4;1;92;0;0;0;0;0;0;0.00;0.00;0.00;0.00;0.00;0.0;0.0;0.0;0.00;0.00;0.00;0.00;0.00;Matches
526;Martin Ødegaard\Martin-Odegaard;no NOR;MF;Real Sociedad;20;1998;22;21;1923;4;5;0;0;3;0;0.19;0.23;0.42;0.19;0.42;2.7;2.7;5.3;0.13;0.25;0.37;0.13;0.37;Matches